2026-09-04,FCO,RAK,56
2026-09-04,FCO,PMI,33
2026-09-04,FCO,EVN,74
2026-09-04,FCO,TCI,86
2026-09-04,FCO,AGP,50
2026-09-04,FCO,LCA,61
2026-09-04,FCO,RHO,50
2026-09-04,FCO,SSH,81
2026-09-04,FCO,WAW,48
2026-09-04,FCO,LON,51
2026-09-04,FCO,BAK,105
2026-09-04,FCO,MLA,35
2026-09-04,FCO,BCN,39
2026-09-04,FCO,MAD,49
2026-09-04,FCO,VLC,45
2026-09-04,FCO,SVQ,60
2026-09-04,FCO,HAM,50
2026-09-04,FCO,GLA,73
2026-09-04,FCO,BRU,48
2026-09-04,FCO,OPO,65
2026-09-04,FCO,PAR,48
2026-09-04,FCO,FUE,109
2026-09-04,FCO,CTA,33
2026-09-04,FCO,VAR,53
2026-09-04,FCO,OSL,82
2026-09-04,FCO,TIA,37
2026-09-04,FCO,PMO,32
2026-09-04,FCO,CAI,90
2026-09-04,FCO,LIS,79
2026-09-04,FCO,BUH,55
2026-09-04,FCO,GDN,64
2026-09-04,FCO,BDS,36
2026-09-04,FCO,TLL,97
2026-09-04,FCO,BER,56
2026-09-04,FCO,BOD,56
2026-09-04,FCO,ALC,58
2026-09-04,FCO,BUD,49
2026-09-04,FCO,RMF,137
2026-09-04,FCO,ATH,58
2026-09-04,FCO,SOF,54
2026-09-04,FCO,SCV,66
2026-09-04,FCO,PRG,55
2026-09-04,FCO,BIO,66
2026-09-04,FCO,KRK,60
2026-09-04,FCO,CFU,48
2026-09-04,FCO,RMO,81
2026-09-04,MXP,RAK,36
2026-09-04,MXP,AGP,30
2026-09-04,MXP,AGA,53
2026-09-04,MXP,BUH,32
2026-09-04,MXP,PMO,27
2026-09-04,MXP,KUT,66
2026-09-04,MXP,WAW,31
2026-09-04,MXP,TCI,74
2026-09-04,MXP,GDN,33
2026-09-04,MXP,FUE,69
2026-09-04,MXP,TGD,29
2026-09-04,MXP,RMO,40
2026-09-04,MXP,MLA,35
2026-09-04,MXP,SSH,79
2026-09-04,MXP,ACE,72
2026-09-04,MXP,CTA,33
2026-09-04,MXP,MAD,35
2026-09-04,MXP,EVN,81
2026-09-04,MXP,BCN,28
2026-09-04,MXP,KRK,33
2026-09-04,MXP,TBS,82
2026-09-04,MXP,LON,33
2026-09-04,MXP,HRG,86
2026-09-04,MXP,BDS,33
2026-09-04,MXP,LCA,71
2026-09-04,MXP,CFU,37
2026-09-04,MXP,NAP,29
2026-09-04,MXP,SVQ,45
2026-09-04,MXP,VLC,36
2026-09-04,MXP,OPO,44
2026-09-04,MXP,SCV,42
2026-09-04,MXP,ATH,46
2026-09-04,MXP,BUD,33
2026-09-04,MXP,REK,87
2026-09-04,MXP,ZAZ,35
2026-09-04,MXP,PMI,36
2026-09-04,MXP,ALC,42
2026-09-04,MXP,LIS,58
2026-09-04,MXP,BIO,39
2026-09-04,MXP,CLJ,43
2026-09-04,MXP,PAR,33
2026-09-04,MXP,HAM,41
2026-09-04,MXP,HER,71
2026-09-04,MXP,BTS,38
2026-09-04,BGY,TCI,54
2026-09-04,BGY,SOF,31
2026-09-04,BGY,PFO,52
2026-09-04,BGY,TNG,45
2026-09-04,BGY,WAW,34
2026-09-04,BGY,OMR,32
2026-09-04,BGY,RMO,40
2026-09-04,BGY,STO,47
2026-09-04,BGY,KGS,50
2026-09-04,BGY,AGP,45
2026-09-04,BGY,BUH,40
2026-09-04,BGY,FUE,87
2026-09-04,BGY,BDS,33
2026-09-04,BGY,ALC,39
2026-09-04,BGY,ACE,91
2026-09-04,BGY,POZ,35
2026-09-04,BGY,RAK,73
2026-09-04,BGY,BRI,32
2026-09-04,BGY,LIS,58
2026-09-04,BGY,CTA,37
2026-09-04,BGY,CRV,36
2026-09-04,BGY,MLA,40
2026-09-04,BGY,OPO,54
2026-09-04,BGY,BCN,33
2026-09-04,BGY,ZAZ,37
2026-09-04,BGY,VLC,40
2026-09-04,BGY,SVQ,59
2026-09-04,BGY,TPS,36
2026-09-04,BGY,CFU,40
2026-09-04,BGY,IAS,52
2026-09-04,BGY,BEG,36
2026-09-04,BGY,NAP,32
2026-09-04,BGY,MAD,47
2026-09-04,BGY,BUD,37
2026-09-04,BGY,GDN,46
2026-09-04,BGY,VIE,33
2026-09-04,BGY,ATH,61
2026-09-04,BGY,IBZ,45
2026-09-04,BGY,FAO,75
2026-09-04,BGY,CAG,38
2026-09-04,BGY,LUX,33
2026-09-04,BGY,PMI,44
2026-09-04,BGY,RIX,73
2026-09-04,BGY,CRA,53
2026-09-04,BGY,ZAG,34
2026-09-04,BGY,CPH,54
2026-09-04,BGY,PSR,35
2026-09-04,NAP,EVN,46
2026-09-04,NAP,RAK,75
2026-09-04,NAP,MIL,24
2026-09-04,NAP,TIA,28
2026-09-04,NAP,BCN,44
2026-09-04,NAP,SSH,111
2026-09-04,NAP,BUH,57
2026-09-04,NAP,BUD,49
2026-09-04,NAP,PMO,35
2026-09-04,NAP,PMI,78
2026-09-04,NAP,VCE,49
2026-09-04,NAP,FMM,71
2026-09-04,NAP,NCE,55
2026-09-04,NAP,SOF,73
2026-09-04,NAP,AMS,145
2026-09-04,NAP,TRS,59
2026-09-04,NAP,MLA,71
2026-09-04,NAP,SPU,78
2026-09-04,CTA,MIL,31
2026-09-04,CTA,PAR,51
2026-09-04,CTA,TRN,34
2026-09-04,CTA,VCE,32
2026-09-04,CTA,BUH,48
2026-09-04,CTA,BLQ,40
2026-09-04,CTA,WAW,69
2026-09-04,CTA,GDN,81
2026-09-04,CTA,ROM,34
2026-09-04,CTA,BUD,54
2026-09-04,CTA,TIA,37
2026-09-04,CTA,WRO,80
2026-09-04,CTA,VRN,56
2026-09-04,CTA,ATH,48
2026-09-04,CTA,NAP,34
2026-09-04,CTA,PSA,52
2026-09-04,CTA,VIE,77
2026-09-04,CTA,CMN,157
2026-09-04,CTA,AMS,143
2026-09-04,CTA,PSR,54
2026-09-04,CTA,FLR,64
2026-09-04,CTA,CGN,134
2026-09-04,CTA,BRI,59
2026-09-04,CTA,GVA,176
2026-09-04,CTA,LMP,124
2026-09-04,VCE,AGP,34
2026-09-04,VCE,TIA,19
2026-09-04,VCE,EVN,55
2026-09-04,VCE,PMO,29
2026-09-04,VCE,SVQ,45
2026-09-04,VCE,LON,35
2026-09-04,VCE,SSH,80
2026-09-04,VCE,RMO,40
2026-09-04,VCE,MAD,46
2026-09-04,VCE,PAR,34
2026-09-04,VCE,BCN,36
2026-09-04,VCE,KUT,89
2026-09-04,VCE,KRK,32
2026-09-04,VCE,VLC,46
2026-09-04,VCE,CTA,36
2026-09-04,VCE,IAS,46
2026-09-04,VCE,NAP,29
2026-09-04,VCE,BOD,42
2026-09-04,VCE,MAN,54
2026-09-04,VCE,BRU,37
2026-09-04,VCE,MLA,46
2026-09-04,VCE,BUD,33
2026-09-04,VCE,ATH,55
2026-09-04,VCE,DUB,76
2026-09-04,VCE,WAW,48
2026-09-04,VCE,BUH,54
2026-09-04,VCE,ALC,66
2026-09-04,VCE,PMI,53
2026-09-04,VCE,VIE,35
2026-09-04,VCE,BIO,68
2026-09-04,VCE,SUF,52
2026-09-04,VCE,VNO,83
2026-09-04,VCE,EIN,54
2026-09-04,VCE,CPH,70
2026-09-04,VCE,KGS,101
2026-09-04,VCE,BDS,56
2026-09-04,VCE,CMN,145
2026-09-04,VCE,OLB,50
2026-09-04,VCE,RIX,101
2026-09-04,VCE,CAG,58
2026-09-04,VCE,GDN,76
2026-09-04,VCE,NTE,78
2026-09-04,VCE,BER,64
2026-09-04,BLQ,RMO,30
2026-09-04,BLQ,BUH,32
2026-09-04,BLQ,PMO,22
2026-09-04,BLQ,CTA,34
2026-09-04,BLQ,LON,48
2026-09-04,BLQ,TIA,37
2026-09-04,BLQ,WAW,47
2026-09-04,BLQ,CRA,49
2026-09-04,BLQ,SUF,39
2026-09-04,BLQ,EDI,83
2026-09-04,BLQ,PMI,47
2026-09-04,BLQ,TPS,46
2026-09-04,BLQ,BCN,49
2026-09-04,BLQ,CAG,43
2026-09-04,BLQ,KRK,55
2026-09-04,BLQ,CPH,83
2026-09-04,BLQ,MAD,89
2026-09-04,BLQ,BRU,61
2026-09-04,BLQ,CMN,142
2026-09-04,BLQ,OLB,48
2026-09-04,BLQ,ZAD,43
2026-09-04,BLQ,CFU,79
2026-09-04,BLQ,VIE,57
2026-09-04,BLQ,TUN,118
2026-09-04,BLQ,BDS,99
2026-09-04,BLQ,REG,144
2026-09-04,LIN,CPH,35
2026-09-04,LIN,TCI,96
2026-09-04,LIN,OPO,53
2026-09-04,LIN,LIS,61
2026-09-04,LIN,BCN,41
2026-09-04,LIN,BRU,42
2026-09-04,LIN,STO,97
2026-09-04,LIN,LUX,39
2026-09-04,LIN,EDI,85
2026-09-04,LIN,VIE,49
2026-09-04,LIN,DUB,86
2026-09-04,LIN,MAD,78
2026-09-04,LIN,BER,64
2026-09-04,LIN,LON,70
2026-09-04,LIN,CTA,87
2026-09-04,LIN,PAR,65
2026-09-04,LIN,MAN,111
2026-09-04,LIN,FRA,60
2026-09-04,LIN,MLA,109
2026-09-04,LIN,PMO,87
2026-09-04,LIN,CAG,83
2026-09-04,LIN,AMS,97
2026-09-04,LIN,REG,115
2026-09-04,LIN,FOG,95
2026-09-04,LIN,BDS,120
2026-09-04,LIN,BRI,117
2026-09-04,LIN,DUS,128
2026-09-04,LIN,OLB,99
2026-09-04,LIN,AHO,110
2026-09-04,LIN,TRS,86
2026-09-04,LIN,ROM,119
2026-09-04,LIN,MUC,119
2026-09-04,LIN,STR,149
2026-09-04,LIN,GVA,169
2026-09-04,PMO,RAK,55
2026-09-04,PMO,MIL,26
2026-09-04,PMO,TRN,27
2026-09-04,PMO,BLQ,27
2026-09-04,PMO,WAW,60
2026-09-04,PMO,BCN,39
2026-09-04,PMO,VCE,37
2026-09-04,PMO,WRO,72
2026-09-04,PMO,NAP,27
2026-09-04,PMO,KRK,72
2026-09-04,PMO,ROM,32
2026-09-04,PMO,LIS,110
2026-09-04,PMO,PSA,45
2026-09-04,PMO,PMF,51
2026-09-04,PMO,PAR,96
2026-09-04,PMO,TRS,58
2026-09-04,PMO,BRU,110
2026-09-04,PMO,RMI,53
2026-09-04,PMO,FLR,61
2026-09-04,PMO,AMS,154
2026-09-04,PMO,VRN,81
2026-09-04,PMO,MLA,88
2026-09-04,BRI,EVN,40
2026-09-04,BRI,MIL,38
2026-09-04,BRI,WAW,60
2026-09-04,BRI,TIA,24
2026-09-04,BRI,BCN,66
2026-09-04,BRI,GVA,81
2026-09-04,BRI,ROM,33
2026-09-04,BRI,BUD,58
2026-09-04,BRI,VCE,51
2026-09-04,BRI,PMO,45
2026-09-04,BRI,ATH,64
2026-09-04,BRI,SOF,53
2026-09-04,BRI,MLA,58
2026-09-04,BRI,VIE,79
2026-09-04,BRI,BTS,89
2026-09-04,BRI,TRS,71
2026-09-04,BRI,CTA,92
2026-09-04,PSA,TIA,21
2026-09-04,PSA,LON,46
2026-09-04,PSA,BRU,38
2026-09-04,PSA,SOF,43
2026-09-04,PSA,MAD,53
2026-09-04,PSA,MLA,43
2026-09-04,PSA,RAK,104
2026-09-04,PSA,SUF,42
2026-09-04,PSA,PAR,57
2026-09-04,PSA,BER,67
2026-09-04,PSA,BDS,59
2026-09-04,PSA,VLC,78
2026-09-04,PSA,CFU,70
2026-09-04,PSA,BRI,56
2026-09-04,PSA,WAW,103
2026-09-04,PSA,CTA,73
2026-09-04,PSA,PMO,64
2026-09-04,PSA,TPS,71
2026-09-04,PSA,PMI,82
2026-09-04,PSA,EFL,142
2026-09-04,PSA,CAG,69
2026-09-04,PSA,EIN,199
2026-09-04,CAG,PAR,54
2026-09-04,CAG,MIL,34
2026-09-04,CAG,VCE,45
2026-09-04,CAG,PMF,40
2026-09-04,CAG,BLQ,42
2026-09-04,CAG,ROM,36
2026-09-04,CAG,VRN,82
2026-09-04,CAG,TRS,99
2026-09-04,CAG,PSA,74
2026-09-04,CAG,RMI,89
2026-09-04,CAG,ZRH,210
2026-09-04,CAG,MLA,142
2026-09-04,TRN,RMO,35
2026-09-04,TRN,CTA,28
2026-09-04,TRN,TIA,29
2026-09-04,TRN,PMO,30
2026-09-04,TRN,LON,42
2026-09-04,TRN,BCN,34
2026-09-04,TRN,STO,81
2026-09-04,TRN,REG,53
2026-09-04,TRN,NAP,39
2026-09-04,TRN,CAG,44
2026-09-04,TRN,SCV,116
2026-09-04,TRN,ROM,51
2026-09-04,TRN,BDS,80
2026-09-04,TRN,OLB,52
2026-09-04,TRN,MAD,87
2026-09-04,TRN,TPS,80
2026-09-04,TRN,BUD,82
2026-09-04,TRN,BCM,140
2026-09-04,OLB,EDI,126
2026-09-04,OLB,MIL,42
2026-09-04,OLB,VCE,48
2026-09-04,OLB,BLQ,52
2026-09-04,OLB,BCN,67
2026-09-04,OLB,VRN,76
2026-09-04,OLB,ROM,87
2026-09-04,VRN,RMO,45
2026-09-04,VRN,TIA,31
2026-09-04,VRN,CTA,38
2026-09-04,VRN,LON,64
2026-09-04,VRN,PMO,56
2026-09-04,VRN,BCN,61
2026-09-04,VRN,BRI,53
2026-09-04,VRN,ZTH,92
2026-09-04,VRN,OLB,49
2026-09-04,VRN,SUF,72
2026-09-04,VRN,CAG,62
2026-09-04,VRN,BDS,93
2026-09-04,CIA,LON,49
2026-09-04,CIA,WAW,45
2026-09-04,CIA,PRG,39
2026-09-04,CIA,NQT,69
2026-09-04,CIA,TIA,33
2026-09-04,CIA,BUH,53
2026-09-04,CIA,BUD,39
2026-09-04,CIA,MAN,82
2026-09-04,CIA,CAG,36
2026-09-04,CIA,BRU,76
2026-09-04,CIA,KRK,74
2026-09-04,CIA,BTS,57
2026-09-04,CIA,SOF,63
2026-09-04,CIA,WRO,79
2026-09-04,CIA,MRS,71
2026-09-04,FLR,CTA,75
2026-09-04,FLR,BCN,81
2026-09-04,FLR,PAR,97
2026-09-04,FLR,LON,141
2026-09-04,FLR,MAD,175
2026-09-04,FLR,CAG,110
2026-09-04,FLR,AMS,195
2026-09-04,FLR,ZRH,191
2026-09-04,BDS,WAW,52
2026-09-04,BDS,MIL,40
2026-09-04,BDS,EAP,134
2026-09-04,BDS,GVA,203
2026-09-04,TSF,TIA,19
2026-09-04,TSF,AGP,63
2026-09-04,TSF,PAR,34
2026-09-04,TSF,IAS,46
2026-09-04,TSF,KRK,32
2026-09-04,TSF,BRU,37
2026-09-04,TSF,VLC,50
2026-09-04,TSF,MLA,46
2026-09-04,TSF,LPA,142
2026-09-04,TSF,WAW,50
2026-09-04,TSF,BUH,54
2026-09-04,TSF,ALC,66
2026-09-04,TSF,PMI,53
2026-09-04,TSF,EIN,54
2026-09-04,TSF,VNO,83
2026-09-04,TSF,VIE,42
2026-09-04,TSF,KGS,101
2026-09-04,TSF,BUD,49
2026-09-04,TSF,RIX,101
2026-09-04,TSF,GDN,76
2026-09-04,TSF,OPO,119
2026-09-04,TSF,CFU,90
2026-09-04,TSF,PRG,66
2026-09-04,TSF,SCV,165
2026-09-04,SUF,LON,47
2026-09-04,SUF,MIL,32
2026-09-04,SUF,BLQ,37
2026-09-04,SUF,SOF,46
2026-09-04,SUF,KRK,83
2026-09-04,SUF,FMM,114
2026-09-04,SUF,PSA,88
2026-09-04,ATL,LAS,132
2026-09-04,ATL,ORL,31
2026-09-04,ATL,TPA,42
2026-09-04,ATL,PHL,59
2026-09-04,ATL,CLE,57
2026-09-04,ATL,MIA,62
2026-09-04,ATL,SEA,225
2026-09-04,ATL,FLL,65
2026-09-04,ATL,WAS,67
2026-09-04,ATL,DEN,127
2026-09-04,ATL,BWI,72
2026-09-04,ATL,DFW,99
2026-09-04,ATL,YYC,244
2026-09-04,ATL,CHI,98
2026-09-04,ATL,AUS,116
2026-09-04,ATL,NYC,124
2026-09-04,ATL,DTT,111
2026-09-04,ATL,BOS,170
2026-09-04,ATL,ORF,114
2026-09-04,ATL,HOU,181
2026-09-04,ATL,CUN,257
2026-09-04,ATL,MBJ,350
2026-09-04,ATL,MKC,234
2026-09-04,DFW,LAS,38
2026-09-04,DFW,DTT,58
2026-09-04,DFW,ATL,57
2026-09-04,DFW,MSP,74
2026-09-04,DFW,NYC,136
2026-09-04,DFW,MIA,125
2026-09-04,DFW,LAX,157
2026-09-04,DFW,GDL,120
2026-09-04,DFW,DEN,108
2026-09-04,DFW,FLL,148
2026-09-04,DFW,SFO,210
2026-09-04,DFW,WAS,169
2026-09-04,DFW,SEA,260
2026-09-04,DFW,MSY,104
2026-09-04,DFW,SAV,173
2026-09-04,DFW,LGB,272
2026-09-04,DFW,OAK,330
2026-09-04,DFW,PHX,241
2026-09-04,DFW,SJC,379
2026-09-04,DFW,ABQ,211
2026-09-04,DFW,YMQ,436
2026-09-04,DFW,MTY,218
2026-09-04,DFW,BIL,388
2026-09-04,DFW,BHM,239
2026-09-04,DFW,OKC,132
2026-09-04,DFW,FSD,395
2026-09-04,DFW,GJT,458
2026-09-04,DFW,AUS,365
2026-09-04,DFW,MLU,757
2026-09-04,DFW,TYR,427
2026-09-04,PEK,PNH,243
2026-09-04,PEK,KMG,165
2026-09-04,PEK,CAI,569
2026-09-04,PEK,XMN,162
2026-09-04,PEK,CSX,149
2026-09-04,PEK,SYX,207
2026-09-04,PEK,CAN,176
2026-09-04,PEK,BAK,457
2026-09-04,PEK,VVO,149
2026-09-04,PEK,URC,222
2026-09-04,PEK,ZUH,186
2026-09-04,PEK,CJU,142
2026-09-04,PEK,TBS,567
2026-09-04,PEK,JJN,178
2026-09-04,PEK,HAK,228
2026-09-04,PEK,CTU,169
2026-09-04,PEK,NQZ,370
2026-09-04,PEK,CKG,166
2026-09-04,PEK,SZX,200
2026-09-04,PEK,KWL,183
2026-09-04,PEK,HRB,138
2026-09-04,PEK,WUH,145
2026-09-04,PEK,BHY,232
2026-09-04,PEK,BSZ,380
2026-09-04,PEK,FOC,182
2026-09-04,PEK,HGH,156
2026-09-04,PEK,SIA,143
2026-09-04,PEK,SHA,155
2026-09-04,PEK,DAC,347
2026-09-04,PEK,YIH,163
2026-09-04,PEK,NNG,241
2026-09-04,PEK,TYO,264
2026-09-04,PEK,UYN,125
2026-09-04,PEK,RLK,138
2026-09-04,PEK,DLC,107
2026-09-04,PEK,YCU,143
2026-09-04,PEK,PUS,187
2026-09-04,PEK,DNH,264
2026-09-04,PEK,WUX,179
2026-09-04,PEK,ZHA,321
2026-09-04,PEK,YIW,202
2026-09-04,PEK,LHW,202
2026-09-04,PEK,SHE,147
2026-09-04,PEK,LYG,154
2026-09-04,PEK,IKT,302
2026-09-04,PEK,CGO,159
2026-09-04,PKX,SGN,179
2026-09-04,PKX,HKG,114
2026-09-04,PKX,BKI,206
2026-09-04,PKX,JJN,136
2026-09-04,PKX,SYX,186
2026-09-04,PKX,KMG,159
2026-09-04,PKX,VVO,129
2026-09-04,PKX,AUH,479
2026-09-04,PKX,HAN,186
2026-09-04,PKX,WNZ,131
2026-09-04,PKX,HAK,192
2026-09-04,PKX,XMN,155
2026-09-04,PKX,ZUH,171
2026-09-04,PKX,CAN,164
2026-09-04,PKX,NNG,188
2026-09-04,PKX,YIW,136
2026-09-04,PKX,HRB,131
2026-09-04,PKX,TAS,374
2026-09-04,PKX,CJU,136
2026-09-04,PKX,OVB,298
2026-09-04,PKX,KWL,168
2026-09-04,PKX,CTU,157
2026-09-04,PKX,URC,257
2026-09-04,PKX,CKG,154
2026-09-04,PKX,NGB,142
2026-09-04,PKX,SZX,210
2026-09-04,PKX,KHN,146
2026-09-04,PKX,ZHA,235
2026-09-04,PKX,CSX,153
2026-09-04,PKX,SHA,139
2026-09-04,PKX,FUO,217
2026-09-04,PKX,LHW,154
2026-09-04,PKX,KHV,212
2026-09-04,PKX,HGH,151
2026-09-04,PKX,WUH,144
2026-09-04,PKX,LJG,248
2026-09-04,PKX,SIA,140
2026-09-04,PKX,NKG,145
2026-09-04,PKX,FOC,197
2026-09-04,PKX,WUX,156
2026-09-04,PKX,IKT,230
2026-09-04,PKX,SHE,130
2026-09-04,PKX,YCU,136
2026-09-04,PKX,ALA,463
2026-09-04,PKX,UYN,128
2026-09-04,PKX,YIH,174
2026-09-04,DEL,SIN,263
2026-09-04,DEL,GOI,122
2026-09-04,DEL,SHA,314
2026-09-04,DEL,ATQ,66
2026-09-04,DEL,BKK,242
2026-09-04,DEL,IXU,103
2026-09-04,DEL,IXB,111
2026-09-04,DEL,CCJ,171
2026-09-04,DEL,BOM,112
2026-09-04,DEL,TRV,200
2026-09-04,DEL,VNS,92
2026-09-04,DEL,CNN,167
2026-09-04,DEL,HBX,145
2026-09-04,DEL,HAN,282
2026-09-04,DEL,PNQ,131
2026-09-04,DEL,IXZ,243
2026-09-04,DEL,GAY,115
2026-09-04,DEL,DBR,117
2026-09-04,DEL,DAC,153
2026-09-04,DEL,CMB,266
2026-09-04,DEL,LKO,86
2026-09-04,DEL,STV,132
2026-09-04,DEL,JAI,68
2026-09-04,DEL,NAG,133
2026-09-04,DEL,BBI,183
2026-09-04,DEL,SXR,118
2026-09-04,DEL,HJR,104
2026-09-04,DEL,KTM,134
2026-09-04,DEL,TAS,270
2026-09-04,DEL,DED,71
2026-09-04,DEL,GOP,125
2026-09-04,DEL,ALA,334
2026-09-04,DEL,IXL,133
2026-09-04,DEL,DHM,110
2026-09-04,DEL,DYU,366
2026-09-04,DEL,ASB,574
2026-09-04,DEL,SLV,153
2026-09-04,DEL,NMA,458
2026-09-04,DEL,BKB,190
2026-09-04,DEL,PGH,153
2026-09-04,BOM,SIN,228
2026-09-04,BOM,DAC,127
2026-09-04,BOM,BKK,188
2026-09-04,BOM,DEL,108
2026-09-04,BOM,GAU,152
2026-09-04,BOM,KWI,192
2026-09-04,BOM,ATQ,130
2026-09-04,BOM,KUL,287
2026-09-04,BOM,BLR,101
2026-09-04,BOM,VNS,127
2026-09-04,BOM,COK,117
2026-09-04,BOM,DAR,451
2026-09-04,BOM,BAK,338
2026-09-04,BOM,GOI,78
2026-09-04,BOM,IXZ,254
2026-09-04,BOM,RPR,123
2026-09-04,BOM,CJB,126
2026-09-04,BOM,BBI,154
2026-09-04,BOM,MCT,189
2026-09-04,BOM,TRV,160
2026-09-04,BOM,JGA,110
2026-09-04,BOM,SEZ,430
2026-09-04,BOM,CMB,228
2026-09-04,BOM,IXU,100
2026-09-04,BOM,DIU,110
2026-09-04,HND,SIN,326
2026-09-04,HND,OKA,108
2026-09-04,HND,HNL,424
2026-09-04,HND,SPK,97
2026-09-04,HND,KOJ,104
2026-09-04,HND,HKG,253
2026-09-04,HND,FUK,111
2026-09-04,HND,NYC,966
2026-09-04,HND,UBJ,117
2026-09-04,HND,ISG,184
2026-09-04,HND,MMY,190
2026-09-04,HND,KMJ,123
2026-09-04,HND,TPE,235
2026-09-04,HND,HKD,117
2026-09-04,HND,KMI,133
2026-09-04,HND,NGS,142
2026-09-04,HND,OSA,95
2026-09-04,HND,TAK,117
2026-09-04,HND,SHA,265
2026-09-04,HND,BJS,321
2026-09-04,HND,OKJ,119
2026-09-04,HND,SEL,223
2026-09-04,HND,AOJ,140
2026-09-04,HND,NGO,110
2026-09-04,HND,TOY,110
2026-09-04,HND,AKJ,307
2026-09-04,HND,IWK,259
2026-09-04,HND,SHM,178
2026-09-04,HND,HAC,138
2026-09-04,NRT,OKA,79
2026-09-04,NRT,LAX,567
2026-09-04,NRT,FUK,61
2026-09-04,NRT,SPK,60
2026-09-04,NRT,BKK,305
2026-09-04,NRT,OSA,53
2026-09-04,NRT,MNL,203
2026-09-04,NRT,HKD,62
2026-09-04,NRT,ISG,136
2026-09-04,NRT,TAK,62
2026-09-04,NRT,CEB,231
2026-09-04,NRT,KMJ,85
2026-09-04,NRT,NAN,533
2026-09-04,NRT,TPE,166
2026-09-04,NRT,KMI,95
2026-09-04,NRT,CRK,230
2026-09-04,NRT,HIJ,85
2026-09-04,NRT,KOJ,104
2026-09-04,NRT,HKG,235
2026-09-04,NRT,YVR,597
2026-09-04,NRT,NGS,113
2026-09-04,NRT,SFO,748
2026-09-04,NRT,SEL,130
2026-09-04,NRT,CJJ,177
2026-09-04,NRT,FOC,258
2026-09-04,NRT,BJS,264
2026-09-04,NRT,PPT,1080
2026-09-04,NRT,NGO,112
2026-09-04,NRT,UBN,375
2026-09-04,NRT,PUS,206
2026-09-04,NRT,SHA,274
2026-09-04,NRT,CNS,728
2026-09-04,NRT,XMN,326
2026-09-04,NRT,HRB,303
2026-09-04,NRT,AKJ,295
2026-09-04,LHR,LCA,181
2026-09-04,LHR,BCN,80
2026-09-04,LHR,YYC,440
2026-09-04,LHR,WAW,97
2026-09-04,LHR,BIO,79
2026-09-04,LHR,MAD,97
2026-09-04,LHR,GIB,127
2026-09-04,LHR,STO,115
2026-09-04,LHR,AGP,129
2026-09-04,LHR,REK,149
2026-09-04,LHR,LIS,131
2026-09-04,LHR,BUH,179
2026-09-04,LHR,NOC,86
2026-09-04,LHR,ROM,140
2026-09-04,LHR,TIA,169
2026-09-04,LHR,SPU,150
2026-09-04,LHR,HEL,166
2026-09-04,LHR,MLA,192
2026-09-04,LHR,BGI,647
2026-09-04,LHR,CPH,123
2026-09-04,LHR,SCQ,132
2026-09-04,LHR,ANU,689
2026-09-04,LHR,OSL,139
2026-09-04,LHR,GOT,133
2026-09-04,LHR,BER,129
2026-09-04,LHR,BUD,175
2026-09-04,LHR,MIL,131
2026-09-04,LHR,PRG,139
2026-09-04,LHR,VIE,166
2026-09-04,LHR,PAR,84
2026-09-04,LHR,JMK,334
2026-09-04,LHR,ZRH,129
2026-09-04,LHR,INV,125
2026-09-04,LHR,SNN,114
2026-09-04,LHR,PSA,167
2026-09-04,LHR,HAM,128
2026-09-04,LHR,NCE,153
2026-09-04,LHR,MUC,149
2026-09-04,LHR,GVA,131
2026-09-04,LHR,DUB,107
2026-09-04,LHR,MRS,188
2026-09-04,LHR,ORK,123
2026-09-04,LHR,EAP,147
2026-09-04,LHR,EDI,127
2026-09-04,LGW,LCA,70
2026-09-04,LGW,BCN,36
2026-09-04,LGW,TCI,68
2026-09-04,LGW,ACE,70
2026-09-04,LGW,ALC,47
2026-09-04,LGW,LPA,81
2026-09-04,LGW,AYT,86
2026-09-04,LGW,FAO,53
2026-09-04,LGW,AGP,56
2026-09-04,LGW,PMI,50
2026-09-04,LGW,RMO,71
2026-09-04,LGW,AGA,83
2026-09-04,LGW,DBV,63
2026-09-04,LGW,RAK,81
2026-09-04,LGW,TIA,67
2026-09-04,LGW,VLC,56
2026-09-04,LGW,DUB,36
2026-09-04,LGW,RHO,106
2026-09-04,LGW,MAD,58
2026-09-04,LGW,IST,97
2026-09-04,LGW,DLM,111
2026-09-04,LGW,MLA,85
2026-09-04,LGW,MIL,52
2026-09-04,LGW,PFO,136
2026-09-04,LGW,FNC,106
2026-09-04,LGW,GIB,79
2026-09-04,LGW,REK,84
2026-09-04,LGW,IBZ,71
2026-09-04,LGW,HER,123
2026-09-04,LGW,ORK,47
2026-09-04,LGW,FUE,131
2026-09-04,LGW,SPU,77
2026-09-04,LGW,SVQ,81
2026-09-04,LGW,CPH,64
2026-09-04,LGW,REU,69
2026-09-04,LGW,CFU,108
2026-09-04,LGW,CPT,541
2026-09-04,LGW,KRK,83
2026-09-04,LGW,ROM,83
2026-09-04,LGW,BIO,67
2026-09-04,LGW,BUD,87
2026-09-04,LGW,NCE,71
2026-09-04,LGW,TGD,105
2026-09-04,LGW,GLA,55
2026-09-04,LGW,CTA,125
2026-09-04,LGW,OSL,80
2026-09-04,MAD,VIL,39
2026-09-04,MAD,GDN,58
2026-09-04,MAD,MIL,35
2026-09-04,MAD,LCA,88
2026-09-04,MAD,BRU,41
2026-09-04,MAD,WAW,64
2026-09-04,MAD,ACE,46
2026-09-04,MAD,LON,42
2026-09-04,MAD,BLQ,43
2026-09-04,MAD,LPA,56
2026-09-04,MAD,MRS,34
2026-09-04,MAD,VCE,46
2026-09-04,MAD,NDR,33
2026-09-04,MAD,CRA,78
2026-09-04,MAD,TCI,64
2026-09-04,MAD,PMI,32
2026-09-04,MAD,DUB,53
2026-09-04,MAD,BEG,79
2026-09-04,MAD,LYS,44
2026-09-04,MAD,SOF,89
2026-09-04,MAD,RAK,49
2026-09-04,MAD,ROM,58
2026-09-04,MAD,EDI,77
2026-09-04,MAD,MAH,42
2026-09-04,MAD,MAN,72
2026-09-04,MAD,TNG,39
2026-09-04,MAD,PAR,58
2026-09-04,MAD,IBZ,36
2026-09-04,MAD,LIL,72
2026-09-04,MAD,PRG,102
2026-09-04,MAD,FAO,42
2026-09-04,MAD,PSA,72
2026-09-04,MAD,NYC,352
2026-09-04,MAD,KUN,160
2026-09-04,MAD,LIS,43
2026-09-04,MAD,OPO,41
2026-09-04,MAD,ANK,198
2026-09-04,MAD,NCE,63
2026-09-04,MAD,PTY,564
2026-09-04,MAD,TRN,76
2026-09-04,MAD,LIM,678
2026-09-04,MAD,UIO,626
2026-09-04,MAD,GVA,79
2026-09-04,MAD,BOS,395
2026-09-04,MAD,SVQ,50
2026-09-04,MAD,EAP,88
2026-09-04,MAD,IZM,192
2026-09-04,MAD,LCG,65
2026-09-04,BCN,RMO,56
2026-09-04,BCN,MIL,24
2026-09-04,BCN,BTS,36
2026-09-04,BCN,BHX,33
2026-09-04,BCN,LON,32
2026-09-04,BCN,NCL,42
2026-09-04,BCN,BRU,33
2026-09-04,BCN,LPA,61
2026-09-04,BCN,TGD,40
2026-09-04,BCN,PMO,34
2026-09-04,BCN,STO,65
2026-09-04,BCN,KRK,48
2026-09-04,BCN,NDR,31
2026-09-04,BCN,TCI,65
2026-09-04,BCN,ACE,61
2026-09-04,BCN,LIS,37
2026-09-04,BCN,EDI,52
2026-09-04,BCN,CGN,40
2026-09-04,BCN,BEG,50
2026-09-04,BCN,ROM,35
2026-09-04,BCN,BLQ,35
2026-09-04,BCN,WAW,62
2026-09-04,BCN,DBV,45
2026-09-04,BCN,TIA,49
2026-09-04,BCN,VCE,38
2026-09-04,BCN,DUB,52
2026-09-04,BCN,TRN,32
2026-09-04,BCN,BER,55
2026-09-04,BCN,FAO,41
2026-09-04,BCN,PMI,19
2026-09-04,BCN,LCA,112
2026-09-04,BCN,TNG,41
2026-09-04,BCN,VNO,91
2026-09-04,BCN,SVQ,39
2026-09-04,BCN,NAP,44
2026-09-04,BCN,MLA,52
2026-09-04,BCN,WRO,67
2026-09-04,BCN,TRS,46
2026-09-04,BCN,RIX,101
2026-09-04,BCN,OVD,40
2026-09-04,BCN,ATH,84
2026-09-04,BCN,OPO,45
2026-09-04,BCN,FUE,91
2026-09-04,BCN,FRA,52
2026-09-04,BCN,RAK,63
2026-09-04,BCN,GVA,41
2026-09-04,BCN,CPH,84
2026-09-04,BCN,PAR,50
2026-09-04,FRA,KUT,82
2026-09-04,FRA,RMO,55
2026-09-04,FRA,LON,32
2026-09-04,FRA,OPO,65
2026-09-04,FRA,VNO,58
2026-09-04,FRA,BCN,51
2026-09-04,FRA,PMI,59
2026-09-04,FRA,IST,94
2026-09-04,FRA,FEZ,103
2026-09-04,FRA,ROM,56
2026-09-04,FRA,TIA,69
2026-09-04,FRA,GRO,56
2026-09-04,FRA,RAK,140
2026-09-04,FRA,RJK,56
2026-09-04,FRA,BRI,80
2026-09-04,FRA,SKG,111
2026-09-04,FRA,CUN,634
2026-09-04,FRA,TUN,143
2026-09-04,FRA,PUJ,571
2026-09-04,FRA,ALG,154
2026-09-04,FRA,NBO,505
2026-09-04,FRA,SPU,145
2026-09-04,FRA,POP,700
2026-09-04,FRA,SKP,188
2026-09-04,FRA,PAR,110
2026-09-04,FRA,BER,117
2026-09-04,FRA,BVC,551
2026-09-04,FRA,ZAG,185
2026-09-04,FRA,PUY,183
2026-09-04,FRA,GRZ,179
2026-09-04,FRA,MUC,130
2026-09-04,FRA,ZRH,130
2026-09-04,FRA,LNZ,166
2026-09-04,FRA,BLL,258
2026-09-04,FRA,SZG,174
2026-09-04,FRA,DRS,190
2026-09-04,FRA,TUR,5228
2026-09-04,FRA,HAJ,206
2026-09-04,FRA,LEJ,222
2026-09-04,FRA,DUS,176
2026-09-04,MUC,TCI,166
2026-09-04,MUC,ROM,58
2026-09-04,MUC,ACE,172
2026-09-04,MUC,PMI,83
2026-09-04,MUC,SPC,201
2026-09-04,MUC,BCN,83
2026-09-04,MUC,LON,76
2026-09-04,MUC,IST,110
2026-09-04,MUC,TOS,168
2026-09-04,MUC,CFU,96
2026-09-04,MUC,CMN,176
2026-09-04,MUC,PRN,103
2026-09-04,MUC,DUB,127
2026-09-04,MUC,WDH,669
2026-09-04,MUC,ATH,137
2026-09-04,MUC,HEL,146
2026-09-04,MUC,OSL,140
2026-09-04,MUC,BUH,126
2026-09-04,MUC,MIL,72
2026-09-04,MUC,BEG,102
2026-09-04,MUC,IBZ,170
2026-09-04,MUC,NAP,112
2026-09-04,MUC,RIX,159
2026-09-04,MUC,WAW,121
2026-09-04,MUC,VNO,155
2026-09-04,MUC,MAN,152
2026-09-04,MUC,SOF,151
2026-09-04,MUC,CHQ,256
2026-09-04,MUC,TUN,189
2026-09-04,MUC,HAM,127
2026-09-04,MUC,OLB,152
2026-09-04,MUC,DJE,270
2026-09-04,MUC,EFL,229
2026-09-04,MUC,DUS,131
2026-09-04,MUC,BHX,194
2026-09-04,MUC,CGN,136
2026-09-04,MUC,KLX,327
2026-09-04,MUC,LUX,136
2026-09-04,MUC,MIR,358
2026-09-04,MUC,BER,145
2026-09-04,MUC,AMS,194
2026-09-04,MUC,ZAG,145
2026-09-04,MUC,BRU,180
2026-09-04,MUC,FRA,123
2026-09-04,IST,LON,102
2026-09-04,IST,DEB,48
2026-09-04,IST,KUL,365
2026-09-04,IST,BJV,36
2026-09-04,IST,MCT,157
2026-09-04,IST,TZX,56
2026-09-04,IST,SHJ,148
2026-09-04,IST,IZM,36
2026-09-04,IST,AUH,149
2026-09-04,IST,ASR,47
2026-09-04,IST,RZV,61
2026-09-04,IST,ZRH,95
2026-09-04,IST,ECN,54
2026-09-04,IST,ALG,124
2026-09-04,IST,HTY,56
2026-09-04,IST,CGN,111
2026-09-04,IST,ANK,36
2026-09-04,IST,HAM,111
2026-09-04,IST,MAN,155
2026-09-04,IST,DLM,45
2026-09-04,IST,STO,129
2026-09-04,IST,COV,55
2026-09-04,IST,ALA,226
2026-09-04,IST,AYT,46
2026-09-04,IST,NTE,146
2026-09-04,IST,GZT,63
2026-09-04,IST,DUS,121
2026-09-04,IST,BRU,129
2026-09-04,IST,BUD,74
2026-09-04,IST,PAR,133
2026-09-04,IST,HRG,96
2026-09-04,IST,EAP,112
2026-09-04,IST,KYA,50
2026-09-04,IST,AKX,147
2026-09-04,IST,BSZ,229
2026-09-04,IST,SZF,61
2026-09-04,IST,DXB,184
2026-09-04,IST,SSH,97
2026-09-04,IST,SCO,116
2026-09-04,IST,LYS,127
2026-09-04,IST,BCN,140
2026-09-04,IST,EZS,78
2026-09-04,IST,HAJ,125
2026-09-04,IST,CIT,212
2026-09-04,IST,AMS,145
2026-09-04,IST,FRA,123
2026-09-04,IST,PRG,108
2026-09-04,IST,NQZ,221
2026-09-04,IST,KWI,139
2026-09-04,IST,MLX,80
2026-09-04,IST,RTM,149
2026-09-04,IST,STR,120
2026-09-04,IST,SJJ,87
2026-09-04,IST,BER,120
2026-09-04,IST,GVA,138
2026-09-04,SAW,KUL,365
2026-09-04,SAW,BJV,36
2026-09-04,SAW,MCT,157
2026-09-04,SAW,TZX,56
2026-09-04,SAW,LON,123
2026-09-04,SAW,IZM,36
2026-09-04,SAW,SHJ,148
2026-09-04,SAW,ASR,47
2026-09-04,SAW,AUH,149
2026-09-04,SAW,RZV,61
2026-09-04,SAW,ZRH,95
2026-09-04,SAW,ECN,54
2026-09-04,SAW,ALG,124
2026-09-04,SAW,HTY,56
2026-09-04,SAW,CGN,111
2026-09-04,SAW,ANK,36
2026-09-04,SAW,HAM,111
2026-09-04,SAW,DLM,45
2026-09-04,SAW,MAN,155
2026-09-04,SAW,COV,55
2026-09-04,SAW,STO,129
2026-09-04,SAW,AYT,46
2026-09-04,SAW,ALA,226
2026-09-04,SAW,GZT,63
2026-09-04,SAW,DUS,121
2026-09-04,SAW,BRU,129
2026-09-04,SAW,HRG,96
2026-09-04,SAW,EAP,112
2026-09-04,SAW,KYA,50
2026-09-04,SAW,AKX,147
2026-09-04,SAW,BSZ,229
2026-09-04,SAW,DXB,184
2026-09-04,SAW,SZF,61
2026-09-04,SAW,LYS,127
2026-09-04,SAW,SSH,97
2026-09-04,SAW,DUB,190
2026-09-04,SAW,EZS,78
2026-09-04,SAW,HAJ,125
2026-09-04,SAW,CIT,212
2026-09-04,SAW,SVQ,195
2026-09-04,SAW,AMS,145
2026-09-04,SAW,FRA,123
2026-09-04,SAW,PRG,108
2026-09-04,SAW,NQZ,221
2026-09-04,SAW,KWI,139
2026-09-04,SAW,MLX,80
2026-09-04,SAW,RTM,149
2026-09-04,SAW,SJJ,87
2026-09-04,SAW,STR,120
2026-09-04,SAW,BER,120
2026-09-04,SAW,PAR,157
2026-09-04,SAW,GVA,138
2026-09-04,SAW,PRN,76
2026-09-04,SAW,JED,165
2026-09-04,SAW,MQM,93
2026-09-04,SAW,BIO,188
2026-09-04,SAW,GNY,87
2026-09-04,SAW,CPH,145
2026-09-04,CGK,SEL,227
2026-09-04,CGK,KUL,96
2026-09-04,CGK,SZX,223
2026-09-04,CGK,BKK,171
2026-09-04,CGK,PLM,77
2026-09-04,CGK,SGN,167
2026-09-04,CGK,LBJ,148
2026-09-04,CGK,AUH,655
2026-09-04,CGK,UPG,152
2026-09-04,CGK,PEN,159
2026-09-04,CGK,JOG,84
2026-09-04,CGK,AMQ,271
2026-09-04,CGK,DPS,129
2026-09-04,CGK,BWN,192
2026-09-04,CGK,LOP,139
2026-09-04,CGK,SIN,130
2026-09-04,CGK,AAP,181
2026-09-04,CGK,PDG,147
2026-09-04,CGK,KOE,265
2026-09-04,CGK,GTO,290
2026-09-04,CGK,MLG,139
2026-09-04,CGK,TRK,253
2026-09-04,CGK,PKY,160
2026-09-04,CGK,BPN,201
2026-09-04,CGK,DJB,154
2026-09-04,CGK,SRG,168
2026-09-04,DPS,HKT,162
2026-09-04,DPS,SIN,124
2026-09-04,DPS,MEL,288
2026-09-04,DPS,PER,170
2026-09-04,DPS,KUL,146
2026-09-04,DPS,SYD,319
2026-09-04,DPS,JKT,121
2026-09-04,DPS,LBJ,94
2026-09-04,DPS,BNE,350
2026-09-04,DPS,SUB,72
2026-09-04,DPS,CNS,374
2026-09-04,DPS,MDC,226
2026-09-04,DPS,JOG,121
2026-09-04,DPS,DRW,259
2026-09-04,DPS,BMU,107
2026-09-04,DPS,BPN,180
2026-09-04,DPS,UPG,135
2026-09-04,DPS,TMC,125
2026-09-04,DPS,KOE,205
2026-09-04,DPS,WGP,163
2026-09-04,DPS,DIL,411
2026-09-04,DPS,LOP,75
2026-09-04,GRU,SCL,146
2026-09-04,GRU,LIM,212
2026-09-04,GRU,BSB,90
2026-09-04,GRU,PUJ,358
2026-09-04,GRU,SSA,118
2026-09-04,GRU,JNB,513
2026-09-04,GRU,IOS,110
2026-09-04,GRU,BEL,171
2026-09-04,GRU,JPA,171
2026-09-04,GRU,BPS,115
2026-09-04,GRU,REC,169
2026-09-04,GRU,RIO,65
2026-09-04,GRU,NAT,185
2026-09-04,GRU,BHZ,79
2026-09-04,GRU,CMN,747
2026-09-04,GRU,POA,109
2026-09-04,GRU,CGB,154
2026-09-04,GRU,FLN,97
2026-09-04,GRU,SRZ,252
2026-09-04,GRU,CWB,82
2026-09-04,GRU,BUE,236
2026-09-04,GRU,AJU,237
2026-09-04,GRU,LDB,115
2026-09-04,GRU,PMW,223
2026-09-04,GRU,VIX,145
2026-09-04,GRU,JJD,442
2026-09-04,GRU,VDC,210
2026-09-04,GRU,SJP,123
2026-09-04,GRU,JOI,137
2026-09-04,GRU,UDI,164
2026-09-04,GRU,UBA,156
2026-09-04,GRU,NVT,166
2026-09-04,GRU,JJG,259
2026-09-04,GRU,CXJ,403
2026-09-04,GRU,RAO,242
2026-09-04,CGH,REC,159
2026-09-04,CGH,POA,83
2026-09-04,CGH,SSA,123
2026-09-04,CGH,BSB,90
2026-09-04,CGH,IOS,121
2026-09-04,CGH,JPA,247
2026-09-04,CGH,RIO,70
2026-09-04,CGH,BPS,145
2026-09-04,CGH,BHZ,84
2026-09-04,CGH,FLN,90
2026-09-04,CGH,PET,176
2026-09-04,CGH,GYN,149
2026-09-04,CGH,CWB,85
2026-09-04,CGH,SJP,101
2026-09-04,CGH,MOC,154
2026-09-04,CGH,LDB,108
2026-09-04,CGH,VIX,143
2026-09-04,CGH,IGU,162
2026-09-04,CGH,UDI,163
2026-09-04,CGH,CXJ,274
2026-09-04,CGH,JOI,134
2026-09-04,CGH,NVT,158
2026-09-04,CGH,RAO,198
2026-09-04,CDG,TCI,73
2026-09-04,CDG,ACE,70
2026-09-04,CDG,AGA,72
2026-09-04,CDG,RAK,79
2026-09-04,CDG,KRK,57
2026-09-04,CDG,CAI,139
2026-09-04,CDG,LPA,124
2026-09-04,CDG,MIL,44
2026-09-04,CDG,REK,100
2026-09-04,CDG,BEG,77
2026-09-04,CDG,VCE,60
2026-09-04,CDG,YYC,341
2026-09-04,CDG,FNC,117
2026-09-04,CDG,NCE,60
2026-09-04,CDG,YMQ,318
2026-09-04,CDG,FUE,161
2026-09-04,CDG,HER,151
2026-09-04,CDG,STO,98
2026-09-04,CDG,OSL,100
2026-09-04,CDG,RUN,625
2026-09-04,CDG,BER,80
2026-09-04,CDG,BUD,97
2026-09-04,CDG,BCN,82
2026-09-04,CDG,DUB,79
2026-09-04,CDG,TUN,112
2026-09-04,CDG,ELU,134
2026-09-04,CDG,BJA,114
2026-09-04,CDG,FDF,540
2026-09-04,CDG,PTP,545
2026-09-04,CDG,LON,61
2026-09-04,CDG,MAN,77
2026-09-04,CDG,CMN,163
2026-09-04,CDG,SVQ,123
2026-09-04,CDG,CZL,124
2026-09-04,CDG,ALG,122
2026-09-04,CDG,BSK,139
2026-09-04,CDG,AGP,130
2026-09-04,CDG,DJE,159
2026-09-04,CDG,AJA,108
2026-09-04,CDG,CPH,113
2026-09-04,CDG,BLJ,142
2026-09-04,CDG,BHX,80
2026-09-04,CDG,BIO,100
2026-09-04,CDG,CAY,672
2026-09-04,CDG,PPT,1485
2026-09-04,CDG,BGO,131
2026-09-04,CDG,CFK,140
2026-09-04,ORY,FUE,89
2026-09-04,ORY,CTA,67
2026-09-04,ORY,LPA,100
2026-09-04,ORY,IBZ,56
2026-09-04,ORY,FNC,96
2026-09-04,ORY,TCI,113
2026-09-04,ORY,SKP,78
2026-09-04,ORY,ATH,89
2026-09-04,ORY,RAK,94
2026-09-04,ORY,PMI,62
2026-09-04,ORY,AGA,112
2026-09-04,ORY,VCE,57
2026-09-04,ORY,HER,118
2026-09-04,ORY,REK,119
2026-09-04,ORY,OPO,74
2026-09-04,ORY,RUN,498
2026-09-04,ORY,AGP,82
2026-09-04,ORY,YMQ,310
2026-09-04,ORY,ROM,72
2026-09-04,ORY,MIA,416
2026-09-04,ORY,NCE,59
2026-09-04,ORY,SVQ,86
2026-09-04,ORY,VXE,254
2026-09-04,ORY,VLC,74
2026-09-04,ORY,PFO,172
2026-09-04,ORY,MIL,58
2026-09-04,ORY,IST,133
2026-09-04,ORY,WAW,86
2026-09-04,ORY,STO,95
2026-09-04,ORY,BCN,68
2026-09-04,ORY,SCQ,77
2026-09-04,ORY,DJE,113
2026-09-04,ORY,NAP,87
2026-09-04,ORY,ESU,140
2026-09-04,ORY,ALC,84
2026-09-04,ORY,FAO,100
2026-09-04,ORY,FEZ,116
2026-09-04,ORY,ORN,103
2026-09-04,ORY,MAD,88
2026-09-04,ORY,DBV,103
2026-09-04,ORY,RHO,180
2026-09-04,ORY,ALG,103
2026-09-04,ORY,BER,84
2026-09-04,ORY,TLS,68
2026-09-04,ORY,PTP,495
2026-09-04,ORY,KRK,102
2026-09-04,ORY,OUD,118
2026-09-04,ORY,FDF,513
2026-09-04,MEX,TIJ,124
2026-09-04,MEX,SJD,63
2026-09-04,MEX,MTY,56
2026-09-04,MEX,MAD,536
2026-09-04,MEX,PVR,57
2026-09-04,MEX,HMO,96
2026-09-04,MEX,TQO,84
2026-09-04,MEX,CUN,95
2026-09-04,MEX,PUJ,250
2026-09-04,MEX,MID,89
2026-09-04,MEX,CHI,213
2026-09-04,MEX,GDL,65
2026-09-04,MEX,OAK,251
2026-09-04,MEX,LAP,118
2026-09-04,MEX,PXM,75
2026-09-04,MEX,TGZ,96
2026-09-04,MEX,BOG,299
2026-09-04,MEX,MZT,107
2026-09-04,MEX,CUU,130
2026-09-04,MEX,OAX,72
2026-09-04,MEX,MDE,334
2026-09-04,MEX,VSA,103
2026-09-04,MEX,SDQ,354
2026-09-04,MEX,CZM,156
2026-09-04,MEX,HUX,97
2026-09-04,MEX,PTY,299
2026-09-04,MEX,ORL,258
2026-09-04,MEX,VER,77
2026-09-04,MEX,SFO,431
2026-09-04,MEX,SLP,91
2026-09-04,MEX,ACA,89
2026-09-04,MEX,GUA,194
2026-09-04,MEX,TAM,109
2026-09-04,MEX,CLO,583
2026-09-04,MEX,SAL,242
2026-09-04,MEX,HAV,348
2026-09-04,MEX,BJX,106
2026-09-04,MEX,CME,246
2026-09-04,CUN,AMS,655
2026-09-04,CUN,MEX,104
2026-09-04,CUN,VER,123
2026-09-04,CUN,PUJ,317
2026-09-04,CUN,HAV,289
2026-09-04,CUN,FLL,595
2026-09-04,SVO,OVB,129
2026-09-04,SVO,KZN,35
2026-09-04,SVO,UUS,306
2026-09-04,SVO,NBC,53
2026-09-04,SVO,REN,66
2026-09-04,SVO,BAX,140
2026-09-04,SVO,SVX,73
2026-09-04,SVO,VVO,308
2026-09-04,SVO,MMK,76
2026-09-04,SVO,PKC,334
2026-09-04,SVO,KUF,61
2026-09-04,SVO,KJA,165
2026-09-04,SVO,ARH,72
2026-09-04,SVO,KHV,310
2026-09-04,SVO,PEE,79
2026-09-04,SVO,UFA,88
2026-09-04,SVO,DYR,335
2026-09-04,SVO,TJM,109
2026-09-04,SVO,GDX,335
2026-09-04,SVO,MCX,108
2026-09-04,SVO,MRV,100
2026-09-04,SVO,HRG,191
2026-09-04,SVO,KGD,89
2026-09-04,SVO,BQS,336
2026-09-04,SVO,CSY,74
2026-09-04,SVO,OMS,144
2026-09-04,SVO,ASF,109
2026-09-04,SVO,VOG,92
2026-09-04,SVO,CMN,289
2026-09-04,SVO,CEK,118
2026-09-04,SVO,KVX,87
2026-09-04,SVO,BQT,99
2026-09-04,SVO,OGZ,124
2026-09-04,SVO,URA,107
2026-09-04,SVO,RTW,89
2026-09-04,SVO,SGC,168
2026-09-04,SVO,IGT,132
2026-09-04,SVO,NAL,132
2026-09-04,SVO,MSQ,93
2026-09-04,SVO,HMA,170
2026-09-04,SVO,STW,129
2026-09-04,SVO,TAS,262
2026-09-04,SVO,AYT,213
2026-09-04,SVO,GME,93
2026-09-04,SVO,GOJ,80
2026-09-04,SVO,DBB,298
2026-09-04,SVO,EVN,192
2026-09-04,SVO,MVQ,93
2026-09-04,DME,IKT,212
2026-09-04,DME,KUF,65
2026-09-04,DME,BAX,164
2026-09-04,DME,SVX,103
2026-09-04,DME,OVB,168
2026-09-04,DME,UFA,98
2026-09-04,DME,BQS,351
2026-09-04,DME,OMS,152
2026-09-04,DME,SKD,203
2026-09-04,DME,NHA,574
2026-09-04,DME,KVK,121
2026-09-04,DME,BTK,289
2026-09-04,DME,IJK,103
2026-09-04,DME,TAS,216
2026-09-04,DME,MCX,136
2026-09-04,DME,GRV,135
2026-09-04,DME,MSQ,94
2026-09-04,DME,NUX,203
2026-09-04,DME,OGZ,149
2026-09-04,DME,VOG,115
2026-09-04,DME,UGC,218
2026-09-04,DME,NSK,288
2026-09-04,DME,KZN,114
2026-09-04,DME,KWI,310
2026-09-04,DME,FEG,315
2026-09-04,DME,KRO,208
2026-09-04,DME,SHJ,401
2026-09-04,DME,AUH,420
2026-09-04,DME,EVN,226
2026-09-04,DME,KSQ,325
2026-09-04,DME,AYT,257
2026-09-04,DME,BAK,255
2026-09-04,DME,TJU,411
2026-09-04,DME,CEE,132
2026-09-04,DME,ASB,475
2026-09-04,DME,GNJ,336
2026-09-04,DME,PES,222
2026-09-04,ICN,PQC,123
2026-09-04,ICN,BKI,135
2026-09-04,ICN,TAG,123
2026-09-04,ICN,HAN,115
2026-09-04,ICN,SIN,194
2026-09-04,ICN,DAD,125
2026-09-04,ICN,SGN,152
2026-09-04,ICN,NHA,144
2026-09-04,ICN,BKK,157
2026-09-04,ICN,VTE,144
2026-09-04,ICN,GUM,159
2026-09-04,ICN,CJU,59
2026-09-04,ICN,LAX,530
2026-09-04,ICN,HNL,449
2026-09-04,ICN,TYO,105
2026-09-04,ICN,SFO,569
2026-09-04,ICN,TPE,122
2026-09-04,ICN,KLO,184
2026-09-04,ICN,OSA,95
2026-09-04,ICN,CNX,218
2026-09-04,ICN,HKG,154
2026-09-04,ICN,PNH,245
2026-09-04,ICN,HIJ,93
2026-09-04,ICN,TAS,374
2026-09-04,ICN,BWN,299
2026-09-04,ICN,FUK,95
2026-09-04,ICN,OKA,149
2026-09-04,ICN,MFM,196
2026-09-04,ICN,ALA,411
2026-09-04,ICN,KHH,190
2026-09-04,ICN,CIT,492
2026-09-04,ICN,UBN,205
2026-09-04,ICN,HPH,273
2026-09-04,ICN,TNA,153
2026-09-04,ICN,YNT,117
2026-09-04,ICN,SPK,213
2026-09-04,ICN,TAO,132
2026-09-04,ICN,ISG,225
2026-09-04,ICN,BJS,172
2026-09-04,ICN,NGO,179
2026-09-04,ICN,RMQ,300
2026-09-04,ICN,MYJ,159
2026-09-04,GMP,CJU,23
2026-09-04,GMP,KHH,186
2026-09-04,GMP,PUS,53
2026-09-04,GMP,TPE,161
2026-09-04,GMP,OSA,118
2026-09-04,GMP,USN,75
2026-09-04,GMP,NGO,175
2026-09-04,GMP,BJS,172
2026-09-04,GMP,KWJ,82
2026-09-04,YYZ,SXM,176
2026-09-04,YYZ,FLL,124
2026-09-04,YYZ,YXX,202
2026-09-04,YYZ,YQR,128
2026-09-04,YYZ,SLU,238
2026-09-04,YYZ,AUA,229
2026-09-04,YYZ,LIS,383
2026-09-04,YYZ,BNA,138
2026-09-04,YYZ,DAC,895
2026-09-04,YYZ,PUJ,237
2026-09-04,YYZ,DUB,380
2026-09-04,YYZ,MBJ,232
2026-09-04,YYZ,NAS,211
2026-09-04,YYZ,GDL,282
2026-09-04,YYZ,MIA,217
2026-09-04,YYZ,SJC,310
2026-09-04,YYZ,CUN,253
2026-09-04,YYZ,EDI,477
2026-09-04,YYZ,ORL,207
2026-09-04,YYZ,SJO,338
2026-09-04,YYZ,BZE,291
2026-09-04,YYZ,MDE,413
2026-09-04,YYZ,YMQ,117
2026-09-04,YYZ,GLA,536
2026-09-04,YYZ,GUA,349
2026-09-04,YYZ,GCM,287
2026-09-04,YYZ,REK,432
2026-09-04,YYZ,KIN,325
2026-09-04,YYZ,FDF,402
2026-09-04,YYZ,POP,329
2026-09-04,YYZ,CHI,166
2026-09-04,YYZ,YQM,231
2026-09-04,YYZ,TQO,443
2026-09-04,YYZ,HOU,342
2026-09-04,YYZ,AUS,376
2026-09-04,YYZ,YOW,148
2026-09-04,YYZ,YYG,305
2026-09-04,YYZ,YQT,313
2026-09-04,YYZ,YQB,284
2026-09-04,YYZ,CVG,381
2026-09-04,YYZ,YAM,309
2026-09-04,YVR,YMQ,198
2026-09-04,YVR,YEA,75
2026-09-04,YVR,HNL,255
2026-09-04,YVR,YWG,125
2026-09-04,YVR,PVR,237
2026-09-04,YVR,YYC,88
2026-09-04,YVR,MEX,297
2026-09-04,YVR,YXE,121
2026-09-04,YVR,TYO,567
2026-09-04,YVR,GDL,288
2026-09-04,YVR,OGG,350
2026-09-04,YVR,SJD,305
2026-09-04,YVR,CHI,490
2026-09-04,YVR,SFO,263
2026-09-04,YVR,PDX,181
2026-09-04,YVR,YAZ,176
2026-09-04,YVR,YYJ,83
2026-09-04,YVR,YCG,383
2026-09-04,YVR,YYF,257
2026-09-04,DXB,BUD,176
2026-09-04,DXB,BUH,164
2026-09-04,DXB,MNL,344
2026-09-04,DXB,IST,186
2026-09-04,DXB,AYT,197
2026-09-04,DXB,KBV,367
2026-09-04,DXB,LCA,211
2026-09-04,DXB,OVB,305
2026-09-04,DXB,MCX,205
2026-09-04,DXB,MOW,294
2026-09-04,DXB,SCO,205
2026-09-04,DXB,MAA,247
2026-09-04,DXB,TAS,232
2026-09-04,DXB,SVX,376
2026-09-04,DXB,PNQ,235
2026-09-04,DXB,KRR,283
2026-09-04,DXB,MBA,402
2026-09-04,DXB,IXC,258
2026-09-04,DXB,UFA,364
2026-09-04,DXB,MRV,299
2026-09-04,DXB,ISB,270
2026-09-04,DXB,LHE,276
2026-09-04,DXB,PEW,278
2026-09-04,DXB,SKT,295
2026-09-04,DXB,BUS,348
2026-09-04,DXB,LYP,314
2026-09-04,DXB,DYU,386
2026-09-04,AUH,BUD,153
2026-09-04,AUH,LCA,91
2026-09-04,AUH,IST,139
2026-09-04,AUH,TRV,185
2026-09-04,AUH,SLL,76
2026-09-04,AUH,COK,186
2026-09-04,AUH,MCT,54
2026-09-04,AUH,CMB,233
2026-09-04,AUH,MOW,314
2026-09-04,AUH,KWI,101
2026-09-04,AUH,TAS,208
2026-09-04,AUH,BOM,216
2026-09-04,AUH,BAH,89
2026-09-04,AUH,MLE,366
2026-09-04,AUH,EVN,250
2026-09-04,AUH,BAK,233
2026-09-04,AUH,JAI,329
2026-09-04,SYD,SGN,299
2026-09-04,SYD,OOL,88
2026-09-04,SYD,SIN,367
2026-09-04,SYD,MEL,94
2026-09-04,SYD,MNL,368
2026-09-04,SYD,LAX,715
2026-09-04,SYD,CNS,161
2026-09-04,SYD,KUL,393
2026-09-04,SYD,HBA,117
2026-09-04,SYD,BNK,90
2026-09-04,SYD,RAR,462
2026-09-04,SYD,ADL,150
2026-09-04,SYD,NAN,318
2026-09-04,SYD,BNE,122
2026-09-04,SYD,PER,353
2026-09-04,SYD,MCY,152
2026-09-04,SYD,PPT,796
2026-09-04,SYD,HTI,232
2026-09-04,SYD,AKL,305
2026-09-04,SYD,ZQN,339
2026-09-04,SYD,NOU,474
2026-09-04,SYD,LDH,1024
2026-09-04,MEL,SGN,295
2026-09-04,MEL,ADL,59
2026-09-04,MEL,SIN,300
2026-09-04,MEL,BNE,124
2026-09-04,MEL,DPS,283
2026-09-04,MEL,OOL,120
2026-09-04,MEL,CNS,179
2026-09-04,MEL,SYD,93
2026-09-04,MEL,NAN,376
2026-09-04,MEL,PER,279
2026-09-04,MEL,HBA,112
2026-09-04,MEL,AYQ,240
2026-09-04,MEL,AKL,345
2026-09-04,MEL,LST,131
2026-09-04,MEL,CHC,389
2026-09-04,MEL,CBR,173
2026-09-04,MEL,DPO,383
2026-09-04,MEL,KNS,365
2026-09-04,BKK,SEL,161
2026-09-04,BKK,KBV,34
2026-09-04,BKK,PUS,191
2026-09-04,BKK,HKT,35
2026-09-04,BKK,URT,34
2026-09-04,BKK,CEI,52
2026-09-04,BKK,TPE,132
2026-09-04,BKK,CNX,51
2026-09-04,BKK,SHA,163
2026-09-04,BKK,NST,54
2026-09-04,BKK,UTH,51
2026-09-04,BKK,KHH,142
2026-09-04,BKK,TST,70
2026-09-04,BKK,SIA,158
2026-09-04,BKK,BOM,197
2026-09-04,BKK,JKT,153
2026-09-04,BKK,UBP,59
2026-09-04,BKK,IKT,301
2026-09-04,BKK,KKC,52
2026-09-04,BKK,OKA,223
2026-09-04,BKK,KOP,66
2026-09-04,BKK,MNL,156
2026-09-04,BKK,SNO,66
2026-09-04,BKK,CAN,128
2026-09-04,BKK,NNT,67
2026-09-04,BKK,VVO,350
2026-09-04,BKK,CTU,154
2026-09-04,BKK,MFM,135
2026-09-04,BKK,OVB,415
2026-09-04,BKK,CCU,142
2026-09-04,BKK,DEL,256
2026-09-04,BKK,ALA,365
2026-09-04,BKK,KUL,118
2026-09-04,BKK,HYD,223
2026-09-04,BKK,HKG,158
2026-09-04,BKK,SWA,192
2026-09-04,BKK,NHA,110
2026-09-04,BKK,DAD,106
2026-09-04,BKK,PQC,84
2026-09-04,BKK,TAS,424
2026-09-04,BKK,SIN,140
2026-09-04,BKK,CJM,74
2026-09-04,BKK,SZX,169
2026-09-04,BKK,PHS,68
2026-09-04,BKK,MAA,228
2026-09-04,BKK,BLR,258
2026-09-04,BKK,HAN,122
2026-09-04,BKK,CIT,462
2026-09-04,BKK,PEN,127
2026-09-04,BKK,SGN,114
2026-09-04,BKK,CMB,291
2026-09-04,DMK,TPE,132
2026-09-04,DMK,HKT,40
2026-09-04,DMK,URT,37
2026-09-04,DMK,KBV,41
2026-09-04,DMK,SEL,225
2026-09-04,DMK,CEI,53
2026-09-04,DMK,KHH,142
2026-09-04,DMK,NST,59
2026-09-04,DMK,TYO,302
2026-09-04,DMK,HDY,69
2026-09-04,DMK,OSA,271
2026-09-04,DMK,CNX,60
2026-09-04,DMK,JKT,153
2026-09-04,DMK,TST,70
2026-09-04,DMK,SHA,192
2026-09-04,DMK,KKC,52
2026-09-04,DMK,BOM,208
2026-09-04,DMK,KOP,66
2026-09-04,DMK,OKA,223
2026-09-04,DMK,UTH,60
2026-09-04,DMK,SIA,176
2026-09-04,DMK,SNO,66
2026-09-04,DMK,CAN,127
2026-09-04,DMK,NNT,67
2026-09-04,DMK,MNL,168
2026-09-04,DMK,UBP,67
2026-09-04,DMK,NGO,343
2026-09-04,DMK,MFM,135
2026-09-04,DMK,CTU,154
2026-09-04,DMK,FUK,310
2026-09-04,DMK,DXB,428
2026-09-04,DMK,DEL,258
2026-09-04,DMK,ALA,365
2026-09-04,DMK,NHA,112
2026-09-04,DMK,HYD,223
2026-09-04,DMK,DAD,106
2026-09-04,DMK,KUL,130
2026-09-04,DMK,CKG,181
2026-09-04,DMK,SZX,169
2026-09-04,DMK,CJM,74
2026-09-04,DMK,MAA,228
2026-09-04,DMK,PHS,68
2026-09-04,DMK,HAN,122
2026-09-04,DMK,BLR,268
2026-09-04,DMK,PQC,94
2026-09-04,DMK,WUH,259
2026-09-04,DMK,PEN,127
2026-09-04,DMK,CCU,184
2026-09-04,DMK,SGN,114
2026-09-04,DMK,CMB,291
2026-09-04,DMK,COK,326
2026-09-04,DMK,MES,146
2026-09-04,DMK,JHB,173
2026-09-04,AMS,TCI,96
2026-09-04,AMS,FUE,134
2026-09-04,AMS,AGP,93
2026-09-04,AMS,EVN,145
2026-09-04,AMS,DUB,62
2026-09-04,AMS,LPA,151
2026-09-04,AMS,LCA,162
2026-09-04,AMS,VLC,100
2026-09-04,AMS,HRG,214
2026-09-04,AMS,AGA,158
2026-09-04,AMS,LIS,119
2026-09-04,AMS,IST,133
2026-09-04,AMS,ALC,112
2026-09-04,AMS,HER,151
2026-09-04,AMS,SID,297
2026-09-04,AMS,SVQ,125
2026-09-04,AMS,YTO,386
2026-09-04,AMS,MBJ,517
2026-09-04,AMS,NAP,121
2026-09-04,AMS,OPO,128
2026-09-04,AMS,FOC,642
2026-09-04,AMS,VCE,108
2026-09-04,AMS,CAI,234
2026-09-04,AMS,OSL,110
2026-09-04,AMS,CUR,563
2026-09-04,AMS,NCE,115
2026-09-04,AMS,CUN,629
2026-09-04,AMS,AHO,138
2026-09-04,AMS,PRG,102
2026-09-04,AMS,PUJ,583
2026-09-04,AMS,GRO,133
2026-09-04,AMS,REK,179
2026-09-04,AMS,RMF,348
2026-09-04,AMS,GVA,118
2026-09-04,AMS,BON,768
2026-09-04,AMS,EDI,117
2026-09-04,AMS,AUA,818
2026-09-04,AMS,MAN,105
2026-09-04,AMS,BUD,169
2026-09-04,AMS,BHX,106
2026-09-04,AMS,TLL,197
2026-09-04,AMS,VNO,198
2026-09-04,AMS,BER,134
2026-09-04,AMS,OHD,237
2026-09-04,AMS,INN,154
2026-09-04,AMS,FLR,200
2026-09-04,EIN,TIA,50
2026-09-04,EIN,SOF,57
2026-09-04,EIN,IBZ,59
2026-09-04,EIN,VAR,84
2026-09-04,EIN,VNO,63
2026-09-04,EIN,BUH,78
2026-09-04,EIN,AGP,93
2026-09-04,EIN,WRO,59
2026-09-04,EIN,IST,124
2026-09-04,EIN,FAO,112
2026-09-04,EIN,GDN,68
2026-09-04,EIN,SVQ,108
2026-09-04,EIN,LON,42
2026-09-04,EIN,IAS,109
2026-09-04,EIN,ROM,84
2026-09-04,EIN,BEG,93
2026-09-04,EIN,WAW,79
2026-09-04,EIN,MIL,67
2026-09-04,EIN,LIS,128
2026-09-04,EIN,BUD,89
2026-09-04,EIN,GRO,98
2026-09-04,EIN,VCE,84
2026-09-04,EIN,NDR,264
2026-09-04,EIN,PRG,101
2026-09-04,EIN,INN,210
2026-09-04,JED,ROM,197
2026-09-04,JED,DMM,90
2026-09-04,JED,IST,163
2026-09-04,JED,TUU,77
2026-09-04,JED,LKO,308
2026-09-04,JED,AHB,68
2026-09-04,JED,YTO,762
2026-09-04,JED,RUH,89
2026-09-04,JED,BAK,187
2026-09-04,JED,SHJ,171
2026-09-04,JED,CAI,135
2026-09-04,JED,ANK,221
2026-09-04,JED,TBS,251
2026-09-04,JED,MED,98
2026-09-04,JED,ADD,220
2026-09-04,JED,ATZ,208
2026-09-04,JED,HRG,234
2026-09-04,JED,ASM,259
2026-09-04,RUH,MNL,387
2026-09-04,RUH,AJF,69
2026-09-04,RUH,BKK,329
2026-09-04,RUH,TUU,85
2026-09-04,RUH,CCJ,213
2026-09-04,RUH,TIF,72
2026-09-04,RUH,IST,155
2026-09-04,RUH,MED,72
2026-09-04,RUH,RAE,86
2026-09-04,RUH,BOM,220
2026-09-04,RUH,EAM,86
2026-09-04,RUH,AHB,87
2026-09-04,RUH,JED,88
2026-09-04,RUH,ABT,84
2026-09-04,RUH,SHJ,115
2026-09-04,RUH,BAK,180
2026-09-04,RUH,URY,135
2026-09-04,RUH,NBO,320
2026-09-04,RUH,DMM,80
2026-09-04,RUH,SSH,153
2026-09-04,RUH,AYT,231
2026-09-04,RUH,DBB,223
2026-09-04,RUH,ULH,143
2026-09-04,RUH,ALY,244
2026-09-04,RUH,HMB,209
2026-09-04,RUH,ADD,276
2026-09-04,RUH,HRG,200
2026-09-04,RUH,BUS,292
2026-09-04,RUH,DOH,157
2026-09-04,RUH,BAH,159
2026-09-04,RUH,AQI,175
2026-09-04,RUH,ELQ,173
2026-09-04,SGN,SEL,149
2026-09-04,SGN,HAN,58
2026-09-04,SGN,SHA,132
2026-09-04,SGN,DAD,44
2026-09-04,SGN,PQC,32
2026-09-04,SGN,MEL,336
2026-09-04,SGN,HPH,62
2026-09-04,SGN,SYD,354
2026-09-04,SGN,UIH,39
2026-09-04,SGN,PUS,196
2026-09-04,SGN,NHA,43
2026-09-04,SGN,BJS,189
2026-09-04,SGN,DPS,160
2026-09-04,SGN,HUI,69
2026-09-04,SGN,TPE,151
2026-09-04,SGN,CAN,115
2026-09-04,SGN,CEB,134
2026-09-04,SGN,DLI,44
2026-09-04,SGN,RMQ,174
2026-09-04,SGN,MNL,134
2026-09-04,SGN,KHH,165
2026-09-04,SGN,HKG,149
2026-09-04,SGN,TBB,68
2026-09-04,SGN,SIN,119
2026-09-04,SGN,SZX,171
2026-09-04,SGN,HKT,120
2026-09-04,SGN,VDH,108
2026-09-04,SGN,VTE,129
2026-09-04,SGN,JHB,166
2026-09-04,SGN,BKK,120
2026-09-04,SGN,BWN,192
2026-09-04,SGN,THD,243
2026-09-04,SGN,KOS,260
2026-09-04,SGN,VCS,91
2026-09-04,HAN,PQC,40
2026-09-04,HAN,NHA,49
2026-09-04,HAN,SEL,137
2026-09-04,HAN,DAD,44
2026-09-04,HAN,HUI,47
2026-09-04,HAN,KUL,149
2026-09-04,HAN,UIH,67
2026-09-04,HAN,SHA,157
2026-09-04,HAN,DLI,92
2026-09-04,HAN,SIN,180
2026-09-04,HAN,TBB,99
2026-09-04,HAN,MNL,147
2026-09-04,HAN,TPE,158
2026-09-04,HAN,DEL,292
2026-09-04,HAN,BKK,123
2026-09-04,HAN,SAI,129
2026-09-04,HAN,HKG,153
2026-09-04,HAN,CNX,189
2026-09-04,HAN,LPQ,207
2026-09-04,MNL,DXB,319
2026-09-04,MNL,CEB,49
2026-09-04,MNL,SYD,367
2026-09-04,MNL,GES,76
2026-09-04,MNL,DPS,157
2026-09-04,MNL,DVO,74
2026-09-04,MNL,SEL,154
2026-09-04,MNL,CGY,68
2026-09-04,MNL,RUH,463
2026-09-04,MNL,PPS,59
2026-09-04,MNL,TYO,196
2026-09-04,MNL,KLO,47
2026-09-04,MNL,SIN,153
2026-09-04,MNL,ILO,54
2026-09-04,MNL,BKK,153
2026-09-04,MNL,PAG,73
2026-09-04,MNL,BXU,74
2026-09-04,MNL,MPH,46
2026-09-04,MNL,HAN,141
2026-09-04,MNL,TAC,65
2026-09-04,MNL,SPK,304
2026-09-04,MNL,TAG,69
2026-09-04,MNL,DGT,71
2026-09-04,MNL,RXS,55
2026-09-04,MNL,SGN,146
2026-09-04,MNL,ZAM,86
2026-09-04,MNL,OSA,246
2026-09-04,MNL,DAD,134
2026-09-04,MNL,MFM,114
2026-09-04,MNL,HKG,115
2026-09-04,MNL,CBO,102
2026-09-04,MNL,TPE,124
2026-09-04,MNL,GUM,280
2026-09-04,MNL,BWN,150
2026-09-04,MNL,CAN,156
2026-09-04,MNL,POM,495
2026-09-04,MNL,BCD,124
2026-09-04,MNL,FUK,378
2026-09-04,MNL,ROR,430
2026-09-04,CEB,TYO,199
2026-09-04,CEB,CGM,70
2026-09-04,CEB,KUL,160
2026-09-04,CEB,MNL,54
2026-09-04,CEB,BKK,173
2026-09-04,CEB,PPS,58
2026-09-04,CEB,SGN,129
2026-09-04,CEB,MPH,46
2026-09-04,CEB,DVO,58
2026-09-04,CEB,SIN,176
2026-09-04,CEB,USU,64
2026-09-04,CEB,CGY,51
2026-09-04,CEB,IAO,61
2026-09-04,CEB,OZC,78
2026-09-04,CEB,ILO,75
2026-09-04,CEB,BCD,113
2026-09-04,BOG,MAD,664
2026-09-04,BOG,BAQ,62
2026-09-04,BOG,CUC,48
2026-09-04,BOG,ADZ,112
2026-09-04,BOG,MDE,41
2026-09-04,BOG,SMR,75
2026-09-04,BOG,ASU,402
2026-09-04,BOG,CLO,57
2026-09-04,BOG,MIA,329
2026-09-04,BOG,MTR,77
2026-09-04,BOG,CUN,334
2026-09-04,BOG,BGA,84
2026-09-04,BOG,SDQ,245
2026-09-04,BOG,IPI,129
2026-09-04,BOG,PEI,78
2026-09-04,BOG,FLL,392
2026-09-04,BOG,AXM,80
2026-09-04,BOG,LET,198
2026-09-04,BOG,VUP,154
2026-09-04,BOG,CCS,196
2026-09-04,BOG,PUJ,368
2026-09-04,BOG,MBJ,549
2026-09-04,BOG,PPN,143
2026-09-04,BOG,CUR,353
2026-09-04,BOG,NVA,115
2026-09-04,BOG,MVP,218
2026-09-04,BOG,PTY,291
2026-09-04,BOG,EJA,130
2026-09-04,BOG,CZU,217
2026-09-04,BOG,GYE,423
2026-09-04,BOG,IBE,106
2026-09-04,BOG,VLN,579
2026-09-04,MDE,MAD,765
2026-09-04,MDE,CLO,33
2026-09-04,MDE,SMR,62
2026-09-04,MDE,ADZ,108
2026-09-04,MDE,CTG,57
2026-09-04,MDE,BOG,41
2026-09-04,MDE,LIM,231
2026-09-04,MDE,BAQ,94
2026-09-04,MDE,MTR,72
2026-09-04,MDE,CCS,228
2026-09-04,MDE,PUJ,367
2026-09-04,MDE,PTY,278
2026-09-04,ATH,MIL,42
2026-09-04,ATH,VCE,43
2026-09-04,ATH,WAW,65
2026-09-04,ATH,LCA,40
2026-09-04,ATH,KUT,67
2026-09-04,ATH,BCN,77
2026-09-04,ATH,GDN,80
2026-09-04,ATH,BRI,48
2026-09-04,ATH,STO,106
2026-09-04,ATH,BUD,61
2026-09-04,ATH,PAR,95
2026-09-04,ATH,LIS,141
2026-09-04,ATH,MLA,59
2026-09-04,ATH,HEL,134
2026-09-04,ATH,TIA,49
2026-09-04,ATH,GVA,96
2026-09-04,ATH,MAD,141
2026-09-04,ATH,CFU,44
2026-09-04,ATH,NCE,102
2026-09-04,ATH,VIE,89
2026-09-04,ATH,AMS,151
2026-09-04,ATH,VRN,96
2026-09-04,ATH,VAR,68
2026-09-04,ATH,KTW,101
2026-09-04,ATH,TBS,133
2026-09-04,ATH,ZRH,131
2026-09-04,ATH,ROM,90
2026-09-04,ATH,NAP,86
2026-09-04,ATH,MUC,126
2026-09-04,ATH,BUH,81
2026-09-04,ATH,IST,70
2026-09-04,ATH,JED,225
2026-09-04,ATH,LIL,218
2026-09-04,ATH,LUX,194
2026-09-04,ATH,JTR,50
2026-09-04,ATH,HER,69
2026-09-04,ATH,RHO,86
2026-09-04,ATH,CAI,155
2026-09-04,ATH,TUN,177
2026-09-04,ATH,CHQ,72
2026-09-04,ATH,SOF,113
2026-09-04,ATH,SKG,83
2026-09-04,SKG,KUT,53
2026-09-04,SKG,BRS,93
2026-09-04,SKG,MLA,44
2026-09-04,SKG,LON,98
2026-09-04,SKG,BUD,47
2026-09-04,SKG,ROM,51
2026-09-04,SKG,MIL,63
2026-09-04,SKG,BER,74
2026-09-04,SKG,BUH,45
2026-09-04,SKG,LCA,75
2026-09-04,SKG,PFO,74
2026-09-04,SKG,BTS,79
2026-09-04,SKG,CHQ,54
2026-09-04,SKG,WAW,119
2026-09-04,SKG,NAP,77
2026-09-04,SKG,MUC,121
2026-09-04,SKG,ZAG,82
2026-09-04,SKG,VIE,127
2026-09-04,SKG,HER,89
2026-09-04,SKG,RHO,95
2026-09-04,SKG,ATH,77
2026-09-04,SKG,KGS,175
2026-09-04,SKG,SMI,168
2026-09-04,SKG,JMK,162
2026-09-04,SKG,JNX,222
2026-09-04,LIS,MIL,33
2026-09-04,LIS,BCN,29
2026-09-04,LIS,LUX,53
2026-09-04,LIS,AGP,26
2026-09-04,LIS,LON,55
2026-09-04,LIS,MAD,28
2026-09-04,LIS,ROM,66
2026-09-04,LIS,VLC,34
2026-09-04,LIS,BER,89
2026-09-04,LIS,BUH,116
2026-09-04,LIS,RAI,129
2026-09-04,LIS,SVQ,25
2026-09-04,LIS,BRU,74
2026-09-04,LIS,FNC,45
2026-09-04,LIS,GVA,69
2026-09-04,LIS,NTE,53
2026-09-04,LIS,ZRH,81
2026-09-04,LIS,RAK,51
2026-09-04,LIS,DUB,78
2026-09-04,LIS,VIE,110
2026-09-04,LIS,VXE,145
2026-09-04,LIS,NCE,74
2026-09-04,LIS,CGN,94
2026-09-04,LIS,PDL,80
2026-09-04,LIS,ATH,154
2026-09-04,LIS,LYS,82
2026-09-04,LIS,DUS,111
2026-09-04,LIS,BOD,77
2026-09-04,LIS,EIN,111
2026-09-04,LIS,SID,175
2026-09-04,LIS,TLS,86
2026-09-04,LIS,SFO,628
2026-09-04,LIS,ANK,255
2026-09-04,LIS,MRS,99
2026-09-04,LIS,YMQ,409
2026-09-04,LIS,TER,122
2026-09-04,LIS,BIO,95
2026-09-04,LIS,OVD,89
2026-09-04,LIS,HOR,171
2026-09-04,LIS,SSA,763
2026-09-04,LIS,MPL,164
2026-09-04,LIS,BSB,909
2026-09-04,LIS,PXO,155
2026-09-04,LIS,OPO,87
2026-09-04,OPO,MIL,31
2026-09-04,OPO,BUH,72
2026-09-04,OPO,VLC,24
2026-09-04,OPO,GOT,66
2026-09-04,OPO,BCN,27
2026-09-04,OPO,FAO,25
2026-09-04,OPO,ROM,57
2026-09-04,OPO,ALC,33
2026-09-04,OPO,FNC,43
2026-09-04,OPO,MAD,26
2026-09-04,OPO,LUX,57
2026-09-04,OPO,CTA,80
2026-09-04,OPO,NCE,52
2026-09-04,OPO,RAI,128
2026-09-04,OPO,NTE,41
2026-09-04,OPO,EAP,59
2026-09-04,OPO,PMI,44
2026-09-04,OPO,FMM,74
2026-09-04,OPO,MRS,54
2026-09-04,OPO,AGP,41
2026-09-04,OPO,MLA,101
2026-09-04,OPO,PAR,58
2026-09-04,OPO,LYS,60
2026-09-04,OPO,DUS,78
2026-09-04,OPO,SVQ,38
2026-09-04,OPO,CPH,112
2026-09-04,OPO,LON,70
2026-09-04,OPO,MAN,75
2026-09-04,OPO,BER,117
2026-09-04,OPO,RBA,60
2026-09-04,OPO,TCI,96
2026-09-04,OPO,BRU,88
2026-09-04,OPO,CGN,101
2026-09-04,OPO,GVA,84
2026-09-04,OPO,TER,114
2026-09-04,OPO,NYC,430
2026-09-04,OPO,BIO,68
2026-09-04,OPO,DUB,110
2026-09-04,OPO,RAK,98
2026-09-04,OPO,TUF,106
2026-09-04,OPO,OVD,56
2026-09-04,WAW,MLA,42
2026-09-04,WAW,MIL,26
2026-09-04,WAW,BRU,27
2026-09-04,WAW,STO,23
2026-09-04,WAW,BCN,44
2026-09-04,WAW,LON,34
2026-09-04,WAW,PMO,40
2026-09-04,WAW,PSA,32
2026-09-04,WAW,KUT,47
2026-09-04,WAW,RMO,28
2026-09-04,WAW,AGP,65
2026-09-04,WAW,SOF,32
2026-09-04,WAW,MAD,60
2026-09-04,WAW,BDS,36
2026-09-04,WAW,OSL,32
2026-09-04,WAW,OPO,74
2026-09-04,WAW,BLQ,35
2026-09-04,WAW,PMI,59
2026-09-04,WAW,BUH,32
2026-09-04,WAW,VCE,33
2026-09-04,WAW,LPL,48
2026-09-04,WAW,VLC,66
2026-09-04,WAW,GOA,38
2026-09-04,WAW,ATH,50
2026-09-04,WAW,ROM,43
2026-09-04,WAW,AGA,108
2026-09-04,WAW,PAR,44
2026-09-04,WAW,GNO,45
2026-09-04,WAW,LCA,68
2026-09-04,WAW,BRI,45
2026-09-04,WAW,LIS,90
2026-09-04,WAW,BGO,46
2026-09-04,WAW,CPH,33
2026-09-04,WAW,BTS,31
2026-09-04,WAW,LYS,51
2026-09-04,WAW,REK,97
2026-09-04,WAW,MMA,34
2026-09-04,WAW,CTA,60
2026-09-04,WAW,BUD,33
2026-09-04,WAW,EAP,47
2026-09-04,WAW,PFO,79
2026-09-04,WAW,TLL,42
2026-09-04,WAW,SKG,54
2026-09-04,WAW,IEG,28
2026-09-04,WAW,SSH,122
2026-09-04,WAW,NAP,58
2026-09-04,WAW,GHV,41
2026-09-04,WAW,RMF,138
2026-09-04,WMI,MLA,42
2026-09-04,WMI,MIL,30
2026-09-04,WMI,BCN,44
2026-09-04,WMI,LON,34
2026-09-04,WMI,PMO,40
2026-09-04,WMI,RMO,28
2026-09-04,WMI,MAD,60
2026-09-04,WMI,BDS,36
2026-09-04,WMI,SOF,33
2026-09-04,WMI,PMI,59
2026-09-04,WMI,BLQ,35
2026-09-04,WMI,VLC,66
2026-09-04,WMI,VCE,33
2026-09-04,WMI,ATH,50
2026-09-04,WMI,STO,31
2026-09-04,WMI,ROM,43
2026-09-04,WMI,PAR,44
2026-09-04,WMI,BRU,43
2026-09-04,WMI,CTA,60
2026-09-04,WMI,BGO,46
2026-09-04,WMI,CPH,33
2026-09-04,WMI,LIS,100
2026-09-04,WMI,PFO,82
2026-09-04,WMI,BUD,33
2026-09-04,WMI,MMA,34
2026-09-04,WMI,SKG,54
2026-09-04,WMI,BTS,33
2026-09-04,WMI,SSH,122
2026-09-04,WMI,EAP,47
2026-09-04,WMI,RMF,138
2026-09-04,WMI,HRG,132
2026-09-04,WMI,VAR,53
2026-09-04,WMI,RMI,53
2026-09-04,WMI,DUB,84
2026-09-04,WMI,BOJ,65
2026-09-04,WMI,NAP,71
2026-09-04,WMI,CFU,75
2026-09-04,WMI,GLA,91
2026-09-04,WMI,HEL,65
2026-09-04,WMI,EIN,73
2026-09-04,KUL,SHA,139
2026-09-04,KUL,PEN,26
2026-09-04,KUL,CAN,123
2026-09-04,KUL,KBR,38
2026-09-04,KUL,KTM,157
2026-09-04,KUL,TGG,38
2026-09-04,KUL,TYO,294
2026-09-04,KUL,CEB,146
2026-09-04,KUL,BTU,84
2026-09-04,KUL,TWU,106
2026-09-04,KUL,BKI,99
2026-09-04,KUL,SDK,113
2026-09-04,KUL,KHH,184
2026-09-04,KUL,SZX,164
2026-09-04,KUL,AOR,53
2026-09-04,KUL,DPS,130
2026-09-04,KUL,BWN,108
2026-09-04,KUL,HAN,144
2026-09-04,KUL,PQC,83
2026-09-04,KUL,MEL,435
2026-09-04,KUL,KUA,40
2026-09-04,KUL,TRV,195
2026-09-04,KUL,KCH,88
2026-09-04,KUL,MLE,220
2026-09-04,KUL,JHB,45
2026-09-04,KUL,XMN,218
2026-09-04,KUL,MYY,109
2026-09-04,KUL,DEL,313
2026-09-04,KUL,JKT,100
2026-09-04,KUL,TAS,435
2026-09-04,KUL,DAD,133
2026-09-04,KUL,BTJ,87
2026-09-04,KUL,LBJ,194
2026-09-04,KUL,HYD,246
2026-09-04,KUL,DAC,220
2026-09-04,KUL,BKK,117
2026-09-04,KUL,SUB,140
2026-09-04,KUL,CMB,208
2026-09-04,KUL,CNX,154
2026-09-04,KUL,KBV,92
2026-09-04,KUL,UPG,188
2026-09-04,KUL,ASB,523
2026-09-04,KUL,PLM,99
2026-09-04,KUL,MES,69
2026-09-04,KUL,LOP,188
2026-09-04,KUL,DLI,137
2026-09-04,KUL,BPN,163
2026-09-04,KUL,NHA,142
2026-09-04,KUL,HKT,104
2026-09-04,KUL,CCU,270
2026-09-04,PEN,HKG,190
2026-09-04,PEN,KCH,96
2026-09-04,PEN,LGK,36
2026-09-04,PEN,BKK,129
2026-09-04,PEN,JHB,79
2026-09-04,PEN,SIN,84
2026-09-04,PEN,BTH,137
2026-09-04,PEN,MES,60
2026-09-04,ZRH,AYT,111
2026-09-04,ZRH,PMI,58
2026-09-04,ZRH,IST,93
2026-09-04,ZRH,ROM,50
2026-09-04,ZRH,RAK,123
2026-09-04,ZRH,PRN,77
2026-09-04,ZRH,OPO,100
2026-09-04,ZRH,LIS,113
2026-09-04,ZRH,DUB,95
2026-09-04,ZRH,LCA,184
2026-09-04,ZRH,BCN,90
2026-09-04,ZRH,ATH,149
2026-09-04,ZRH,LON,95
2026-09-04,ZRH,BER,92
2026-09-04,ZRH,MAD,136
2026-09-04,ZRH,TLL,209
2026-09-04,ZRH,BEG,126
2026-09-04,ZRH,MAN,137
2026-09-04,ZRH,NAP,176
2026-09-04,ZRH,HAM,143
2026-09-04,ZRH,DUS,128
2026-09-04,ZRH,CGN,174
2026-09-04,GVA,TBS,94
2026-09-04,GVA,AGP,48
2026-09-04,GVA,PMI,41
2026-09-04,GVA,RAK,72
2026-09-04,GVA,VLC,46
2026-09-04,GVA,ATH,66
2026-09-04,GVA,OPO,57
2026-09-04,GVA,SKP,62
2026-09-04,GVA,FAO,86
2026-09-04,GVA,BCN,47
2026-09-04,GVA,BEG,70
2026-09-04,GVA,IST,125
2026-09-04,GVA,PRG,64
2026-09-04,GVA,SSH,243
2026-09-04,GVA,LON,74
2026-09-04,GVA,IBZ,84
2026-09-04,GVA,TIA,120
2026-09-04,GVA,NCE,50
2026-09-04,GVA,PRN,126
2026-09-04,GVA,MAD,112
2026-09-04,GVA,DUB,126
2026-09-04,GVA,NBE,132
2026-09-04,GVA,TUN,136
2026-09-04,GVA,ALC,129
2026-09-04,GVA,CPH,142
2026-09-04,GVA,PAR,83
2026-09-04,GVA,CFU,170
2026-09-04,GVA,KRK,155
2026-09-04,GVA,SCQ,171
2026-09-04,GVA,BRU,104
2026-09-04,GVA,BRI,160
2026-09-04,GVA,AMS,122
2026-09-04,GVA,AJA,164
2026-09-04,GVA,MUC,211
2026-09-04,GVA,ZRH,270
2026-09-04,OSL,KRK,35
2026-09-04,OSL,VNO,31
2026-09-04,OSL,DBV,62
2026-09-04,OSL,LON,33
2026-09-04,OSL,WAW,37
2026-09-04,OSL,WRO,37
2026-09-04,OSL,ZAG,57
2026-09-04,OSL,GDN,32
2026-09-04,OSL,PLQ,35
2026-09-04,OSL,BUH,85
2026-09-04,OSL,RIX,53
2026-09-04,OSL,MAD,121
2026-09-04,OSL,AYT,158
2026-09-04,OSL,POZ,65
2026-09-04,OSL,BUD,88
2026-09-04,OSL,BER,66
2026-09-04,OSL,PAR,87
2026-09-04,OSL,HKT,601
2026-09-04,OSL,BEG,124
2026-09-04,OSL,PRG,85
2026-09-04,OSL,TLL,83
2026-09-04,OSL,REK,163
2026-09-04,OSL,ZRH,131
2026-09-04,OSL,TOS,120
2026-09-04,OSL,STO,77
2026-09-04,OSL,KKN,183
2026-09-04,OSL,BOO,113
2026-09-04,OSL,DUS,154
2026-09-04,OSL,TRD,105
2026-09-04,OSL,EVE,165
2026-09-04,OSL,BDU,182
2026-09-04,OSL,HOV,176
2026-09-04,BGO,WAW,41
2026-09-04,BGO,GDN,42
2026-09-04,BGO,OSL,89
2026-09-04,ARN,TPS,33
2026-09-04,ARN,SKP,27
2026-09-04,ARN,GDN,16
2026-09-04,ARN,MLA,47
2026-09-04,ARN,TIA,37
2026-09-04,ARN,AGP,61
2026-09-04,ARN,LON,31
2026-09-04,ARN,BUD,32
2026-09-04,ARN,MIL,38
2026-09-04,ARN,BRU,33
2026-09-04,ARN,VLC,60
2026-09-04,ARN,PAR,40
2026-09-04,ARN,PMI,63
2026-09-04,ARN,FKB,38
2026-09-04,ARN,BCN,61
2026-09-04,ARN,WAW,33
2026-09-04,ARN,ALC,73
2026-09-04,ARN,DBV,54
2026-09-04,ARN,PSA,54
2026-09-04,ARN,BUH,54
2026-09-04,ARN,ATH,76
2026-09-04,ARN,KUN,35
2026-09-04,ARN,ROM,64
2026-09-04,ARN,BLQ,68
2026-09-04,ARN,VIE,53
2026-09-04,ARN,RIX,32
2026-09-04,ARN,SJJ,79
2026-09-04,ARN,KRK,50
2026-09-04,ARN,AYT,124
2026-09-04,ARN,IST,112
2026-09-04,ARN,TLL,33
2026-09-04,ARN,SPU,97
2026-09-04,ARN,CGN,70
2026-09-04,ARN,BNX,94
2026-09-04,ARN,PRG,74
2026-09-04,ARN,BEG,97
2026-09-04,ARN,BER,66
2026-09-04,ARN,NCE,113
2026-09-04,ARN,FLR,119
2026-09-04,ARN,VNO,66
2026-09-04,ARN,HEL,52
2026-09-04,GOT,LON,25
2026-09-04,GOT,AGP,74
2026-09-04,GOT,GDN,20
2026-09-04,GOT,ALC,67
2026-09-04,GOT,BUD,37
2026-09-04,GOT,MIL,40
2026-09-04,GOT,DBV,54
2026-09-04,GOT,SKP,68
2026-09-04,GOT,OPO,108
2026-09-04,GOT,MAN,54
2026-09-04,GOT,KRK,62
2026-09-04,GOT,BEG,95
2026-09-04,GOT,PRG,59
2026-09-04,GOT,WAW,69
2026-09-04,GOT,BNX,116
2026-09-04,CPH,AGP,81
2026-09-04,CPH,LON,35
2026-09-04,CPH,ALC,76
2026-09-04,CPH,MIL,41
2026-09-04,CPH,WAW,34
2026-09-04,CPH,KUN,37
2026-09-04,CPH,DUB,49
2026-09-04,CPH,LIS,101
2026-09-04,CPH,MAN,45
2026-09-04,CPH,FAO,106
2026-09-04,CPH,KRK,40
2026-09-04,CPH,GDN,29
2026-09-04,CPH,VCE,53
2026-09-04,CPH,PAR,54
2026-09-04,CPH,BUD,56
2026-09-04,CPH,EDI,62
2026-09-04,CPH,IST,115
2026-09-04,CPH,SPU,85
2026-09-04,CPH,GVA,72
2026-09-04,CPH,RIX,59
2026-09-04,CPH,DBV,97
2026-09-04,CPH,PRG,56
2026-09-04,CPH,SFO,617
2026-09-04,CPH,NCE,99
2026-09-04,CPH,BRS,80
2026-09-04,CPH,BER,47
2026-09-04,CPH,ATL,573
2026-09-04,CPH,BLQ,115
2026-09-04,CPH,MUC,107
2026-09-04,CPH,EAP,121
2026-09-04,CPH,HEL,134
2026-09-04,CPH,AMS,123
2026-09-04,CPH,POZ,114
2026-09-04,CPH,SZG,172
2026-09-04,CPH,FAE,276
2026-09-04,CPH,GOH,773
2026-09-04,BLL,VNO,100
2026-09-04,VIE,PFO,62
2026-09-04,VIE,LCA,74
2026-09-04,VIE,DUB,62
2026-09-04,VIE,DBV,38
2026-09-04,VIE,PMI,58
2026-09-04,VIE,BCN,58
2026-09-04,VIE,ATH,56
2026-09-04,VIE,MAD,85
2026-09-04,VIE,ROM,44
2026-09-04,VIE,LIS,110
2026-09-04,VIE,PUY,32
2026-09-04,VIE,STO,64
2026-09-04,VIE,BRU,48
2026-09-04,VIE,MAN,77
2026-09-04,VIE,LON,69
2026-09-04,VIE,KRK,34
2026-09-04,VIE,VNO,59
2026-09-04,VIE,VLC,94
2026-09-04,VIE,BRI,54
2026-09-04,VIE,MLA,81
2026-09-04,VIE,BNX,38
2026-09-04,VIE,PAR,72
2026-09-04,VIE,AYT,115
2026-09-04,VIE,SOF,59
2026-09-04,VIE,ZAD,45
2026-09-04,VIE,ANK,123
2026-09-04,VIE,NAP,65
2026-09-04,VIE,IST,104
2026-09-04,VIE,BUH,68
2026-09-04,VIE,HEL,124
2026-09-04,VIE,BLQ,60
2026-09-04,VIE,MRS,87
2026-09-04,VIE,WAW,60
2026-09-04,VIE,ALG,147
2026-09-04,VIE,CPH,79
2026-09-04,VIE,SKG,96
2026-09-04,VIE,EIN,88
2026-09-04,VIE,TIA,88
2026-09-04,VIE,JMK,153
2026-09-04,VIE,CGN,112
2026-09-04,VIE,VAR,141
2026-09-04,SZG,LON,110
2026-09-04,SZG,IST,196
2026-09-04,SZG,HAM,153
2026-09-04,SZG,OLB,216
2026-09-04,SZG,CPH,285
2026-09-04,DUB,FAO,60
2026-09-04,DUB,PAR,34
2026-09-04,DUB,TCI,99
2026-09-04,DUB,CPH,45
2026-09-04,DUB,STO,55
2026-09-04,DUB,VIE,62
2026-09-04,DUB,LON,32
2026-09-04,DUB,AGP,75
2026-09-04,DUB,ATH,116
2026-09-04,DUB,BRU,43
2026-09-04,DUB,KSC,82
2026-09-04,DUB,REU,62
2026-09-04,DUB,GRO,64
2026-09-04,DUB,NAP,88
2026-09-04,DUB,WAW,83
2026-09-04,DUB,LIS,81
2026-09-04,DUB,SCQ,67
2026-09-04,DUB,ROM,94
2026-09-04,DUB,PRG,75
2026-09-04,DUB,MIL,76
2026-09-04,DUB,GLA,34
2026-09-04,DUB,KRK,104
2026-09-04,DUB,BER,80
2026-09-04,DUB,MAD,91
2026-09-04,DUB,EDI,40
2026-09-04,DUB,MRS,88
2026-09-04,DUB,MUC,89
2026-09-04,DUB,AMS,64
2026-09-04,DUB,NCE,97
2026-09-04,DUB,BTS,148
2026-09-04,DUB,ZRH,147
2026-09-04,DUB,MAN,41
2026-09-04,DUB,LPL,43
2026-09-04,DUB,LYS,164
2026-09-04,DUB,SZG,243
2026-09-04,DUB,STR,200
2026-09-04,DUB,LUX,223
2026-09-04,DUB,CFN,111
2026-09-04,ORK,TCI,99
2026-09-04,ORK,LON,36
2026-09-04,ORK,FAO,62
2026-09-04,ORK,ACE,107
2026-09-04,ORK,REU,93
2026-09-04,ORK,GRO,96
2026-09-04,ORK,PAR,100
2026-09-04,SIN,SHA,179
2026-09-04,SIN,BKI,107
2026-09-04,SIN,MEL,320
2026-09-04,SIN,TPE,175
2026-09-04,SIN,LGK,81
2026-09-04,SIN,SYD,369
2026-09-04,SIN,MNL,153
2026-09-04,SIN,CEB,158
2026-09-04,SIN,DPS,133
2026-09-04,SIN,NAN,623
2026-09-04,SIN,PEN,81
2026-09-04,SIN,HAK,168
2026-09-04,SIN,BKK,135
2026-09-04,SIN,CAN,205
2026-09-04,SIN,HAN,175
2026-09-04,SIN,KCH,97
2026-09-04,SIN,SGN,121
2026-09-04,SIN,MAA,239
2026-09-04,SIN,HKT,116
2026-09-04,SIN,TRV,266
2026-09-04,SIN,HKG,223
2026-09-04,SIN,MFM,272
2026-09-04,SIN,KBV,127
2026-09-04,SIN,CRK,256
2026-09-04,SIN,IPH,91
2026-09-04,SIN,JKT,127
2026-09-04,SIN,JOG,159
2026-09-04,SIN,SAI,178
2026-09-04,SIN,KUL,78
2026-09-04,SIN,RGN,260
2026-09-04,SIN,SUB,188
2026-09-04,SIN,BPN,210
2026-09-04,SIN,HDY,158
2026-09-04,SIN,BWN,271
2026-09-04,SIN,USM,236
2026-09-04,SIN,MES,173
2026-09-04,TPE,BKK,133
2026-09-04,TPE,SIN,185
2026-09-04,TPE,SGN,134
2026-09-04,TPE,ONT,703
2026-09-04,TPE,SEL,126
2026-09-04,TPE,PQC,168
2026-09-04,TPE,TYO,165
2026-09-04,TPE,IST,665
2026-09-04,TPE,TAE,136
2026-09-04,TPE,DAD,153
2026-09-04,TPE,PUS,142
2026-09-04,TPE,CNX,231
2026-09-04,TPE,MNL,133
2026-09-04,TPE,OSA,175
2026-09-04,TPE,OKA,111
2026-09-04,TPE,HAN,180
2026-09-04,TPE,HKG,141
2026-09-04,TPE,NGO,241
2026-09-04,TPE,FUK,182
2026-09-04,TPE,CJU,170
2026-09-04,TPE,HKD,387
2026-09-04,TPE,MFM,155
2026-09-04,TPE,CRK,185
2026-09-04,TPE,KMI,207
2026-09-04,TPE,OKJ,270
2026-09-04,TPE,KNH,103
2026-09-04,TPE,MZG,101
2026-09-04,TPE,CJJ,284
2026-09-04,TPE,HIJ,366
2026-09-04,TPE,KMJ,365
2026-09-04,TPE,SHA,196
2026-09-04,TPE,ISG,196
2026-09-04,TSA,SEL,192
2026-09-04,TSA,TYO,330
2026-09-04,TSA,KNH,103
2026-09-04,TSA,MZG,101
2026-09-04,TSA,SHA,235
2026-09-04,HKG,BJS,115
2026-09-04,HKG,PQC,109
2026-09-04,HKG,OSA,175
2026-09-04,HKG,SEL,150
2026-09-04,HKG,SHA,120
2026-09-04,HKG,KUL,185
2026-09-04,HKG,TYO,222
2026-09-04,HKG,PEN,180
2026-09-04,HKG,SIN,194
2026-09-04,HKG,HKT,200
2026-09-04,HKG,BKK,159
2026-09-04,HKG,NAN,749
2026-09-04,HKG,SGN,155
2026-09-04,HKG,PUS,190
2026-09-04,HKG,SPK,345
2026-09-04,HKG,BKI,190
2026-09-04,HKG,SYX,116
2026-09-04,HKG,OKA,178
2026-09-04,HKG,NGO,273
2026-09-04,HKG,CJU,196
2026-09-04,HKG,TPE,143
2026-09-04,HKG,CTU,186
2026-09-04,HKG,FUK,252
2026-09-04,HKG,DAD,154
2026-09-04,HKG,UBN,452
2026-09-04,HKG,HAN,157
2026-09-04,HKG,CKG,189
2026-09-04,HKG,KHH,156
2026-09-04,HKG,RMQ,191
2026-09-04,HKG,ROR,567
2026-09-04,HKG,HAK,154
2026-09-04,HKG,CAN,216
2026-09-04,DOH,IST,259
2026-09-04,DOH,BOM,410
2026-09-04,DOH,KWI,200
2026-09-04,DOH,ULH,350
2026-09-04,DOH,SHJ,172
2026-09-04,DOH,DXB,207
2026-09-04,JNB,CPT,131
2026-09-04,JNB,DUR,79
2026-09-04,JNB,PLZ,108
2026-09-04,JNB,MRU,435
2026-09-04,JNB,BFN,102
2026-09-04,JNB,ADD,652
2026-09-04,JNB,GRJ,182
2026-09-04,JNB,FIH,485
2026-09-04,JNB,HRE,178
2026-09-04,JNB,ELS,164
2026-09-04,JNB,VFA,202
2026-09-04,JNB,WDH,242
2026-09-04,JNB,NLP,119
2026-09-04,JNB,LAD,559
2026-09-04,JNB,MPM,177
2026-09-04,JNB,GBE,154
2026-09-04,JNB,TNR,605
2026-09-04,JNB,LUN,411
2026-09-04,JNB,LVI,451
2026-09-04,JNB,BUQ,322
2026-09-04,JNB,HDS,248
2026-09-04,JNB,SZK,308
2026-09-04,JNB,MSU,341
2026-09-04,CPT,LON,590
2026-09-04,CPT,JNB,135
2026-09-04,CPT,DOH,629
2026-09-04,CPT,NLP,157
2026-09-04,CPT,PLZ,102
2026-09-04,CPT,DUR,153
2026-09-04,CPT,BFN,162
2026-09-04,CPT,KIM,167
2026-09-04,CPT,HDS,256
2026-09-04,CPT,GRJ,117
2026-09-04,CPT,WDH,248
2026-09-04,CPT,VFA,379
2026-09-04,CPT,LAD,608
2026-09-04,CPT,LVI,581
2026-09-04,CPT,WVB,389
2026-09-04,CPT,MUB,581
2026-09-04,CAI,LAX,365
2026-09-04,CAI,MIL,85
2026-09-04,CAI,ROM,106
2026-09-04,CAI,PAR,155
2026-09-04,CAI,AUH,206
2026-09-04,CAI,KWI,156
2026-09-04,CAI,SHJ,222
2026-09-04,CAI,IST,140
2026-09-04,CAI,TUN,226
2026-09-04,CAI,ATH,140
2026-09-04,CAI,ABJ,534
2026-09-04,CAI,ANK,160
2026-09-04,CAI,HRG,97
2026-09-04,CAI,DLA,613
2026-09-04,CAI,LXR,116
2026-09-04,CAI,MGQ,644
2026-09-04,CAI,AYT,155
2026-09-04,CAI,SSH,131
2026-09-04,CAI,ASW,187
2026-09-04,CAI,NDJ,641
2026-09-04,CAI,RMF,228
2026-09-04,CAI,PZU,440
2026-09-04,CAI,BEN,397
2026-09-04,HRG,ROM,98
2026-09-04,HRG,BER,127
2026-09-04,HRG,AMS,167
2026-09-04,HRG,IST,104
2026-09-04,HRG,MOW,171
2026-09-04,HRG,PAR,229
2026-09-04,HRG,AYT,107
2026-09-04,HRG,HAJ,246
2026-09-04,HRG,ZNZ,334
2026-09-04,HRG,CAI,107
2026-09-04,HRG,NBO,415
2026-09-04,HRG,MED,214
2026-09-04,HRG,ASW,192
2026-09-04,HRG,SSH,162
2026-09-04,CMN,MOW,288
2026-09-04,CMN,MAD,81
2026-09-04,CMN,PAR,131
2026-09-04,CMN,MIL,151
2026-09-04,CMN,BLQ,157
2026-09-04,CMN,LYS,149
2026-09-04,CMN,BCN,130
2026-09-04,CMN,SID,232
2026-09-04,CMN,VLC,120
2026-09-04,CMN,AGP,94
2026-09-04,CMN,FRA,252
2026-09-04,CMN,MPL,177
2026-09-04,CMN,TUN,200
2026-09-04,CMN,TCI,174
2026-09-04,CMN,VIL,229
2026-09-04,CMN,AGA,105
2026-09-04,CMN,NKC,385
2026-09-04,CMN,BGF,986
2026-09-04,CMN,ERH,153
2026-09-04,CMN,CKY,750
2026-09-04,CMN,FEZ,141
2026-09-04,CMN,BKO,678
2026-09-04,CMN,FNA,1167
2026-09-04,RAK,LON,58
2026-09-04,RAK,PMO,75
2026-09-04,RAK,AGP,34
2026-09-04,RAK,PAR,78
2026-09-04,RAK,BCN,57
2026-09-04,RAK,MAN,93
2026-09-04,RAK,NTE,76
2026-09-04,RAK,FEZ,34
2026-09-04,RAK,LYS,84
2026-09-04,RAK,TLS,77
2026-09-04,RAK,VLC,61
2026-09-04,RAK,MAD,85
2026-09-04,RAK,ERH,38
2026-09-04,RAK,TNG,49
2026-09-04,RAK,LIS,88
2026-09-04,RAK,CMN,173
2026-09-04,SCL,CJC,39
2026-09-04,SCL,IQQ,49
2026-09-04,SCL,CPO,36
2026-09-04,SCL,WCA,56
2026-09-04,SCL,RIO,164
2026-09-04,SCL,PMC,57
2026-09-04,SCL,LIM,143
2026-09-04,SCL,CCP,40
2026-09-04,SCL,BUE,96
2026-09-04,SCL,SAO,216
2026-09-04,SCL,ZCO,72
2026-09-04,SCL,ARI,146
2026-09-04,SCL,IPC,338
2026-09-04,SCL,ZOS,111
2026-09-04,SCL,PTY,502
2026-09-04,SCL,SRZ,221
2026-09-04,SCL,MDZ,71
2026-09-04,SCL,MVD,204
2026-09-04,SCL,IGU,300
2026-09-04,CJC,SCL,46
2026-09-04,EZE,IGR,49
2026-09-04,EZE,USH,115
2026-09-04,EZE,BRC,67
2026-09-04,EZE,MDZ,63
2026-09-04,EZE,FTE,124
2026-09-04,EZE,NQN,73
2026-09-04,EZE,PUJ,397
2026-09-04,EZE,COR,61
2026-09-04,EZE,TUC,110
2026-09-04,EZE,SCL,142
2026-09-04,EZE,PTY,556
2026-09-04,EZE,RIO,210
2026-09-04,EZE,FLN,194
2026-09-04,EZE,JUJ,221
2026-09-04,EZE,RGL,331
2026-09-04,EZE,PSS,242
2026-09-04,EZE,SRZ,642
2026-09-04,AEP,IGR,52
2026-09-04,AEP,BRC,67
2026-09-04,AEP,COR,42
2026-09-04,AEP,USH,141
2026-09-04,AEP,FTE,124
2026-09-04,AEP,MDZ,72
2026-09-04,AEP,TUC,85
2026-09-04,AEP,LIM,228
2026-09-04,AEP,REL,91
2026-09-04,AEP,NQN,89
2026-09-04,AEP,CRD,131
2026-09-04,AEP,SCL,110
2026-09-04,AEP,RIO,197
2026-09-04,AEP,RGL,285
2026-09-04,AEP,JUJ,181
2026-09-04,AEP,MDQ,102
2026-09-04,AEP,SAO,237
2026-09-04,AEP,FLN,183
2026-09-04,AEP,BPS,453
2026-09-04,AEP,ASU,192
2026-09-04,AEP,EQS,245
2026-09-04,AEP,CPC,232
2026-09-04,AEP,PMY,231
2026-09-04,AEP,FMA,210
2026-09-04,AEP,CTC,245
2026-09-04,AEP,SFN,153
2026-09-04,AEP,CWB,367
2026-09-04,AEP,SDE,311
2026-09-04,AEP,PDP,246
2026-09-04,AEP,MVD,176
2026-09-04,LIM,SCL,142
2026-09-04,LIM,CIX,58
2026-09-04,LIM,SAO,215
2026-09-04,LIM,CUZ,60
2026-09-04,LIM,MAD,703
2026-09-04,LIM,PIU,82
2026-09-04,LIM,BUE,243
2026-09-04,LIM,PUJ,302
2026-09-04,LIM,AQP,81
2026-09-04,LIM,TRU,68
2026-09-04,LIM,CJA,79
2026-09-04,LIM,TPP,86
2026-09-04,LIM,IQT,118
2026-09-04,LIM,TCQ,126
2026-09-04,LIM,PCL,83
2026-09-04,LIM,CTG,323
2026-09-04,LIM,AYP,69
2026-09-04,LIM,TYL,125
2026-09-04,LIM,JUL,148
2026-09-04,LIM,UIO,266
2026-09-04,LIM,JAU,104
2026-09-04,CUZ,LIM,74
2026-09-04,AKL,ZQN,104
2026-09-04,AKL,RAR,322
2026-09-04,AKL,CHC,95
2026-09-04,AKL,PPT,521
2026-09-04,AKL,WLG,94
2026-09-04,AKL,DUD,170
2026-09-04,AKL,BNE,301
2026-09-04,AKL,MEL,370
2026-09-04,AKL,SYD,326
2026-09-04,AKL,NAN,329
2026-09-04,AKL,OOL,381
2026-09-04,AKL,IUE,783
2026-09-04,AKL,TUO,139
2026-09-04,CHC,HLZ,79
2026-09-04,CHC,AKL,134
2026-09-04,CHC,SYD,457
2026-09-04,TLV,CTA,74
2026-09-04,TLV,MIL,107
2026-09-04,TLV,PMO,84
2026-09-04,TLV,NAP,93
2026-09-04,TLV,ROM,100
2026-09-04,TLV,WAW,113
2026-09-04,TLV,VCE,115
2026-09-04,TLV,KRK,112
2026-09-04,TLV,VNO,129
2026-09-04,TLV,BTS,116
2026-09-04,TLV,BUD,113
2026-09-04,TLV,LCA,45
2026-09-04,TLV,LYS,158
2026-09-04,TLV,CLJ,131
2026-09-04,TLV,VAR,99
2026-09-04,TLV,ATH,97
2026-09-04,TLV,IAS,132
2026-09-04,TLV,SOF,124
2026-09-04,TLV,VIE,222
2026-09-04,TLV,DXB,209
2026-09-04,TLV,BUS,135
2026-09-04,TLV,SZG,254
2026-09-04,TLV,TBS,153
2026-09-04,TLV,BAK,177
2026-09-04,TLV,SKG,171
2026-09-04,TLV,AER,178
2026-09-04,TLV,RHO,138
2026-09-04,TLV,ZNZ,592
2026-09-04,TLV,BOJ,189
2026-09-04,TLV,JMK,172
2026-09-04,TLV,PFO,101
2026-09-04,TLV,HER,176
2026-09-04,TLV,KGS,170
2026-09-04,TLV,CHQ,239
2026-09-04,OTP,BRU,41
2026-09-04,OTP,PSR,28
2026-09-04,OTP,PAR,46
2026-09-04,OTP,MIL,33
2026-09-04,OTP,LON,52
2026-09-04,OTP,ALC,66
2026-09-04,OTP,ROM,39
2026-09-04,OTP,SVQ,90
2026-09-04,OTP,BLQ,44
2026-09-04,OTP,LIS,101
2026-09-04,OTP,CTA,46
2026-09-04,OTP,VCE,45
2026-09-04,OTP,MLA,58
2026-09-04,OTP,PMI,80
2026-09-04,OTP,BER,57
2026-09-04,OTP,CPH,68
2026-09-04,OTP,DXB,160
2026-09-04,OTP,PFO,66
2026-09-04,OTP,BHX,118
2026-09-04,OTP,HER,67
2026-09-04,OTP,SKG,48
2026-09-04,OTP,EAP,82
2026-09-04,OTP,GDN,74
2026-09-04,OTP,CGN,92
2026-09-04,OTP,LCA,76
2026-09-04,OTP,CFU,61
2026-09-04,OTP,MRS,104
2026-09-04,OTP,AYT,70
2026-09-04,OTP,EIN,109
2026-09-04,OTP,ZAD,68
2026-09-04,OTP,DTM,106
2026-09-04,OTP,BRI,72
2026-09-04,OTP,NCE,118
2026-09-04,OTP,PRG,94
2026-09-04,OTP,RMO,53
2026-09-04,OTP,VIE,86
2026-09-04,OTP,ATH,84
2026-09-04,OTP,MUC,137
2026-09-04,OTP,BDS,116
2026-09-04,OTP,TSR,66
2026-09-04,OTP,SUF,152
2026-09-04,OTP,IST,82
2026-09-04,OTP,OMR,79
2026-09-04,CLJ,PAR,49
2026-09-04,CLJ,LON,86
2026-09-04,CLJ,BER,46
2026-09-04,CLJ,ROM,56
2026-09-04,CLJ,FMM,157
2026-09-04,CLJ,IST,155
2026-09-04,CLJ,EIN,297
2026-09-04,CLJ,BUH,122
2026-09-04,PRG,ROM,27
2026-09-04,PRG,EVN,76
2026-09-04,PRG,LON,40
2026-09-04,PRG,LCA,74
2026-09-04,PRG,MIL,33
2026-09-04,PRG,RMO,49
2026-09-04,PRG,KUT,94
2026-09-04,PRG,RAK,119
2026-09-04,PRG,GDN,36
2026-09-04,PRG,RIX,50
2026-09-04,PRG,TIA,56
2026-09-04,PRG,BRU,47
2026-09-04,PRG,SOF,61
2026-09-04,PRG,DUB,86
2026-09-04,PRG,POZ,34
2026-09-04,PRG,SYX,580
2026-09-04,PRG,PAR,61
2026-09-04,PRG,CFU,84
2026-09-04,PRG,VCE,47
2026-09-04,PRG,KRK,43
2026-09-04,PRG,RMF,227
2026-09-04,PRG,BIO,110
2026-09-04,PRG,ZAD,60
2026-09-04,PRG,OSL,84
2026-09-04,PRG,CPH,58
2026-09-04,PRG,PDL,256
2026-09-04,PRG,BUD,53
2026-09-04,PRG,RMI,65
2026-09-04,PRG,TLL,118
2026-09-04,PRG,FLR,79
2026-09-04,PRG,NTE,116
2026-09-04,PRG,TRS,67
2026-09-04,PRG,NCE,97
2026-09-04,PRG,HAM,72
2026-09-04,PRG,EAP,92
2026-09-04,PRG,KSC,90
2026-09-04,PRG,AMS,106
2026-09-04,PRG,BOH,180
2026-09-04,PRG,TSR,128
2026-09-04,PRG,DUS,140
2026-09-04,BRQ,AGP,80
2026-09-04,BRQ,MIL,34
2026-09-04,BRQ,HRG,403
2026-09-04,BUD,EVN,50
2026-09-04,BUD,BRU,35
2026-09-04,BUD,RAK,72
2026-09-04,BUD,VLC,48
2026-09-04,BUD,MAD,59
2026-09-04,BUD,STO,42
2026-09-04,BUD,LON,47
2026-09-04,BUD,MIL,35
2026-09-04,BUD,TIA,34
2026-09-04,BUD,AGP,80
2026-09-04,BUD,LIS,87
2026-09-04,BUD,DXB,141
2026-09-04,BUD,EAP,40
2026-09-04,BUD,AUH,142
2026-09-04,BUD,ROM,39
2026-09-04,BUD,BAK,97
2026-09-04,BUD,SOF,35
2026-09-04,BUD,MLA,57
2026-09-04,BUD,WAW,34
2026-09-04,BUD,OSL,68
2026-09-04,BUD,VCE,35
2026-09-04,BUD,CPH,48
2026-09-04,BUD,RMI,38
2026-09-04,BUD,BER,40
2026-09-04,BUD,PMI,75
2026-09-04,BUD,BUH,40
2026-09-04,BUD,ATH,54
2026-09-04,BUD,SSH,125
2026-09-04,BUD,CFU,48
2026-09-04,BUD,CAI,109
2026-09-04,BUD,SKG,48
2026-09-04,BUD,LCA,95
2026-09-04,BUD,KUT,100
2026-09-04,BUD,DUB,105
2026-09-04,BUD,RMO,47
2026-09-04,BUD,NAP,51
2026-09-04,BUD,DBV,43
2026-09-04,BUD,VNO,56
2026-09-04,BUD,CHQ,81
2026-09-04,BUD,NUE,48
2026-09-04,BUD,GOA,56
2026-09-04,BUD,RHO,85
2026-09-04,BUD,TGD,46
2026-09-04,BUD,BRI,53
2026-09-04,BUD,EIN,68
2026-09-04,BUD,DTM,65
2026-09-04,BRU,EVN,61
2026-09-04,BRU,WAW,28
2026-09-04,BRU,RMO,36
2026-09-04,BRU,BCN,32
2026-09-04,BRU,KUT,75
2026-09-04,BRU,ROM,35
2026-09-04,BRU,TIA,44
2026-09-04,BRU,CLJ,42
2026-09-04,BRU,BUD,36
2026-09-04,BRU,TNG,53
2026-09-04,BRU,TTU,53
2026-09-04,BRU,STO,41
2026-09-04,BRU,REG,50
2026-09-04,BRU,MIL,30
2026-09-04,BRU,RBA,65
2026-09-04,BRU,VCE,36
2026-09-04,BRU,SOF,58
2026-09-04,BRU,PSA,40
2026-09-04,BRU,NDR,64
2026-09-04,BRU,TCI,110
2026-09-04,BRU,VRN,38
2026-09-04,BRU,FUE,107
2026-09-04,BRU,LPA,115
2026-09-04,BRU,KUN,57
2026-09-04,BRU,GRO,46
2026-09-04,BRU,LIS,69
2026-09-04,BRU,PSR,51
2026-09-04,BRU,MLA,77
2026-09-04,BRU,AGA,108
2026-09-04,BRU,PMI,53
2026-09-04,BRU,BUH,75
2026-09-04,BRU,AGP,75
2026-09-04,BRU,ZAG,52
2026-09-04,BRU,MRS,46
2026-09-04,BRU,FNC,115
2026-09-04,BRU,DUB,47
2026-09-04,BRU,ATH,93
2026-09-04,BRU,VIE,52
2026-09-04,BRU,CMN,99
2026-09-04,BRU,MAN,41
2026-09-04,BRU,FAO,84
2026-09-04,BRU,VLC,65
2026-09-04,BRU,SDR,58
2026-09-04,BRU,MAD,69
2026-09-04,BRU,OPO,78
2026-09-04,CRL,EVN,61
2026-09-04,CRL,WAW,28
2026-09-04,CRL,RMO,36
2026-09-04,CRL,BCN,32
2026-09-04,CRL,KUT,75
2026-09-04,CRL,TIA,44
2026-09-04,CRL,BUD,36
2026-09-04,CRL,CLJ,42
2026-09-04,CRL,TNG,53
2026-09-04,CRL,TTU,53
2026-09-04,CRL,STO,41
2026-09-04,CRL,REG,50
2026-09-04,CRL,MIL,30
2026-09-04,CRL,RBA,65
2026-09-04,CRL,VCE,36
2026-09-04,CRL,SOF,58
2026-09-04,CRL,PSA,40
2026-09-04,CRL,NDR,64
2026-09-04,CRL,TCI,110
2026-09-04,CRL,VRN,38
2026-09-04,CRL,FUE,107
2026-09-04,CRL,KUN,57
2026-09-04,CRL,LIS,69
2026-09-04,CRL,GRO,46
2026-09-04,CRL,MLA,77
2026-09-04,CRL,PSR,51
2026-09-04,CRL,AGA,108
2026-09-04,CRL,BUH,75
2026-09-04,CRL,FNC,115
2026-09-04,CRL,PMI,57
2026-09-04,CRL,ZAG,52
2026-09-04,CRL,LPA,133
2026-09-04,CRL,MRS,46
2026-09-04,CRL,ATH,93
2026-09-04,CRL,VIE,52
2026-09-04,CRL,MAN,41
2026-09-04,CRL,AGP,79
2026-09-04,CRL,SDR,58
2026-09-04,CRL,FAO,84
2026-09-04,CRL,VLC,66
2026-09-04,CRL,MAD,69
2026-09-04,CRL,IST,117
2026-09-04,CRL,ROM,69
2026-09-04,CRL,OPO,78
2026-09-04,CRL,HEL,92
2026-09-04,HEL,LON,57
2026-09-04,HEL,MIL,97
2026-09-04,HEL,WAW,60
2026-09-04,HEL,VIE,134
2026-09-04,HEL,STO,47
2026-09-04,HEL,CPH,103
2026-09-04,HEL,OSL,94
2026-09-04,HEL,RVN,116
2026-09-04,HEL,RIX,78
2026-09-04,HEL,OUL,159
2026-09-04,HEL,JOE,245
2026-09-04,HEL,TLL,141
2026-09-04,OUL,HEL,221
2026-09-04,ALA,IZM,194
2026-09-04,ALA,HSA,40
2026-09-04,ALA,URA,105
2026-09-04,ALA,NQZ,50
2026-09-04,ALA,SCO,106
2026-09-04,ALA,KZO,66
2026-09-04,ALA,AKX,91
2026-09-04,ALA,GUW,112
2026-09-04,ALA,KGF,63
2026-09-04,ALA,EVN,162
2026-09-04,ALA,PWQ,74
2026-09-04,ALA,IST,234
2026-09-04,ALA,KUT,177
2026-09-04,ALA,KSN,105
2026-09-04,ALA,ANK,241
2026-09-04,ALA,UKK,82
2026-09-04,ALA,PLX,87
2026-09-04,ALA,GZP,275
2026-09-04,ALA,DZN,90
2026-09-04,ALA,DMB,71
2026-09-04,ALA,PUS,397
2026-09-04,ALA,PPK,134
2026-09-04,ALA,KOV,129
2026-09-04,ALA,MSQ,362
2026-09-04,ALA,CKG,297
2026-09-04,ALA,SHJ,278
2026-09-04,ALA,SKD,122
2026-09-04,ALA,SIA,297
2026-09-04,ALA,TAS,108
2026-09-04,ALA,UGC,160
2026-09-04,ALA,NCU,168
2026-09-04,ALA,HAN,388
2026-09-04,ALA,SVX,205
2026-09-04,ALA,BAK,241
2026-09-04,ALA,MRV,298
2026-09-04,ALA,YIN,100
2026-09-04,ALA,BJS,387
2026-09-04,ALA,GOI,419
2026-09-04,ALA,OVB,225
2026-09-04,ALA,KJA,296
2026-09-04,ALA,DYU,195
2026-09-04,ALA,DEL,342
2026-09-04,NQZ,ALA,49
2026-09-04,NQZ,SCO,102
2026-09-04,NQZ,KZO,50
2026-09-04,NQZ,KSN,46
2026-09-04,NQZ,AYT,222
2026-09-04,NQZ,HSA,60
2026-09-04,NQZ,IST,214
2026-09-04,NQZ,AKX,72
2026-09-04,NQZ,ANK,204
2026-09-04,NQZ,URA,95
2026-09-04,NQZ,UKK,73
2026-09-04,NQZ,KUT,167
2026-09-04,NQZ,CIT,82
2026-09-04,NQZ,DMB,80
2026-09-04,NQZ,GUW,111
2026-09-04,NQZ,PLX,68
2026-09-04,NQZ,URC,110
2026-09-04,NQZ,PWQ,55
2026-09-04,NQZ,GZP,268
2026-09-04,NQZ,EVN,191
2026-09-04,NQZ,PPK,65
2026-09-04,NQZ,BSZ,94
2026-09-04,NQZ,TAS,112
2026-09-04,NQZ,KZN,152
2026-09-04,NQZ,MOW,229
2026-09-04,NQZ,MRV,226
2026-09-04,NQZ,TDK,106
2026-09-04,NQZ,YIN,122
2026-09-04,NQZ,MSQ,345
2026-09-04,NQZ,OVB,125
2026-09-04,NQZ,HRI,672
2026-09-04,NQZ,DZN,98
2026-09-04,NQZ,SKD,175
2026-09-04,NQZ,UBN,365
2026-09-04,NQZ,SVX,150
2026-09-04,NQZ,OMS,104
2026-09-04,NQZ,DYU,218
2026-09-04,LOS,CMN,716
2026-09-04,LOS,ABV,122
2026-09-04,LOS,DKR,760
2026-09-04,LOS,ACC,311
2026-09-04,LOS,BNI,253
2026-09-04,LOS,ENU,477
2026-09-04,LOS,ABB,397
2026-09-04,ABV,LOS,118
2026-09-04,ABV,PHC,127
2026-09-04,ABV,BNI,140
2026-09-04,ABV,ABB,136
2026-09-04,KHI,SKT,88
2026-09-04,KHI,LHE,96
2026-09-04,KHI,KUL,421
2026-09-04,KHI,ISB,113
2026-09-04,KHI,PEW,115
2026-09-04,KHI,AUH,261
2026-09-04,LHE,KHI,96
2026-09-04,LHE,DMM,260
2026-09-04,LHE,BAK,338
2026-09-04,LHE,MCT,286
2026-09-04,LHE,BKK,534
2026-09-04,LHE,TAS,254
2026-09-04,LHE,SHJ,335
2026-09-04,DAC,DEL,173
2026-09-04,DAC,CXB,57
2026-09-04,DAC,KUL,329
2026-09-04,DAC,CGP,54
2026-09-04,DAC,BOM,245
2026-09-04,DAC,ZYL,57
2026-09-04,DAC,SIN,378
2026-09-04,DAC,MLE,380
2026-09-04,DAC,RJH,79
2026-09-04,DAC,KHI,564
2026-09-04,DAC,CCU,123
2026-09-04,DAC,PBH,442
2026-09-04,KWI,BKK,238
2026-09-04,KWI,AAN,82
2026-09-04,KWI,IST,133
2026-09-04,KWI,TRV,260
2026-09-04,KWI,ADD,187
2026-09-04,KWI,CAI,147
2026-09-04,KWI,MOW,235
2026-09-04,KWI,AUH,107
2026-09-04,KWI,AMD,212
2026-09-04,KWI,HMB,150
2026-09-04,KWI,SHJ,115
2026-09-04,KWI,TBS,148
2026-09-04,KWI,LHE,263
2026-09-04,KWI,ALY,209
2026-09-04,KWI,LXR,206
2026-09-04,KWI,HRG,197
2026-09-04,KWI,SLL,210
2026-09-04,KWI,ELQ,138
2026-09-04,KWI,BAH,125
2026-09-04,KWI,RUH,170
2026-09-04,TAS,CAN,242
2026-09-04,TAS,FEG,29
2026-09-04,TAS,BKK,254
2026-09-04,TAS,UGC,53
2026-09-04,TAS,MOW,176
2026-09-04,TAS,OMN,27
2026-09-04,TAS,IZM,232
2026-09-04,TAS,SKD,34
2026-09-04,TAS,CKG,238
2026-09-04,TAS,NMA,32
2026-09-04,TAS,HKT,340
2026-09-04,TAS,KSQ,49
2026-09-04,TAS,SEL,356
2026-09-04,TAS,NVI,49
2026-09-04,TAS,TMJ,59
2026-09-04,TAS,MRV,163
2026-09-04,TAS,NCU,85
2026-09-04,TAS,IST,270
2026-09-04,TAS,ANK,250
2026-09-04,TAS,AZN,54
2026-09-04,TAS,NHA,433
2026-09-04,TAS,KSN,129
2026-09-04,TAS,PRG,368
2026-09-04,TAS,EVN,186
2026-09-04,TAS,OSS,61
2026-09-04,TAS,AUH,219
2026-09-04,TAS,OVB,174
2026-09-04,TAS,KJA,227
2026-09-04,TAS,JED,344
2026-09-04,TAS,ALA,103
2026-09-04,TAS,VVO,492
2026-09-04,TAS,DXB,230
2026-09-04,TAS,AKX,156
2026-09-04,TAS,SHJ,230
2026-09-04,TAS,MLE,438
2026-09-04,TAS,DAD,522
2026-09-04,TAS,AER,282
2026-09-04,TAS,DEL,191
2026-09-04,TAS,KZN,254
2026-09-04,TAS,RBZ,87
2026-09-04,TAS,GRV,231
2026-09-04,TAS,BSZ,107
2026-09-04,TAS,BUS,285
2026-09-04,TAS,OMS,202
2026-09-04,TAS,KLV,553
2026-09-04,TAS,TBS,261
2026-09-04,TAS,IYO,102
2026-09-04,TAS,SVX,239
2026-09-04,TAS,GOJ,324
2026-09-04,SKD,LED,131
2026-09-04,SKD,IZM,191
2026-09-04,SKD,TAS,38
2026-09-04,SKD,IST,266
2026-09-04,SKD,OVB,193
2026-09-04,SKD,ALA,127
2026-09-04,SKD,SIA,360
2026-09-04,SKD,SVX,248
2026-09-04,SKD,UFA,251
2026-09-04,SKD,NQZ,182
2026-09-04,SKD,BAK,234
2026-09-04,MRU,JED,515
2026-09-04,MRU,JNB,510
2026-09-04,MRU,SEZ,371
2026-09-04,MRU,NBO,857
2026-09-04,MRU,RRG,325
2026-09-04,MRU,RUN,257
2026-09-04,PUJ,FRA,478
2026-09-04,PUJ,PAR,806
2026-09-04,PUJ,ORL,246
2026-09-04,PUJ,CUN,279
2026-09-04,PUJ,NYC,443
2026-09-04,PUJ,PTY,534
2026-09-04,PUJ,KIN,346
2026-09-04,PUJ,SJU,289
2026-09-04,SDQ,LIM,255
2026-09-04,SDQ,MAD,620
2026-09-04,SDQ,MDE,209
2026-09-04,SDQ,MEX,345
2026-09-04,SDQ,BOG,282
2026-09-04,SDQ,MIA,273
2026-09-04,SDQ,SXM,257
2026-09-04,SDQ,SJU,182
2026-09-04,SDQ,AUA,298
2026-09-04,PTY,BUE,683
2026-09-04,PTY,BGI,330
2026-09-04,PTY,ASU,590
2026-09-04,PTY,BOC,128
2026-09-04,PTY,NYC,475
2026-09-04,PTY,MEX,457
2026-09-04,PTY,XPL,290
2026-09-04,PTY,NAS,378
2026-09-04,PTY,HAV,378
2026-09-04,PTY,POS,509
2026-09-04,PTY,FLL,595
2026-09-04,PTY,BOG,333
2026-09-04,PTY,PEI,303
2026-09-04,PTY,MBJ,468
2026-09-04,PTY,KIN,463
2026-09-04,PTY,CTG,302
2026-09-04,PTY,CUR,633
2026-09-04,PTY,BZE,833
2026-09-04,UIO,LIM,187
2026-09-04,UIO,GPS,295
2026-09-04,UIO,CUE,117
2026-09-04,UIO,BOG,228
2026-09-04,UIO,GYE,132
2026-09-04,UIO,LOH,302
2026-09-04,UIO,OCC,219
2026-09-04,GYE,NYC,436
2026-09-04,GYE,SCY,232
2026-09-04,GYE,GPS,277
2026-09-04,GYE,UIO,127
2026-09-04,SJO,MEX,214
2026-09-04,SJO,ORL,249
2026-09-04,SJO,YTO,475
2026-09-04,SJO,MIA,258
2026-09-04,SJO,CUN,245
2026-09-04,SJO,MDE,231
2026-09-04,SJO,GUA,288
2026-09-04,SJO,PTY,237
2026-09-04,SJO,SAL,396
2026-09-04,SJO,MGA,409
2026-09-04,LIR,MIA,453
2026-09-04,LIR,NOB,193
2026-09-04,HAV,BOG,213
2026-09-04,HAV,MEX,414
2026-09-04,HAV,BLB,378
2026-09-04,HAV,SDQ,409
2026-09-04,HAV,CUN,300
2026-09-04,HAV,NAS,407
2026-09-04,MBJ,PTY,470
2026-09-04,KIN,YTO,394
2026-09-04,KIN,MIA,196
2026-09-04,KIN,PUJ,319
2026-09-04,KIN,PTY,367
2026-09-04,LCA,LON,73
2026-09-04,LCA,LWN,33
2026-09-04,LCA,TZL,43
2026-09-04,LCA,BEG,42
2026-09-04,LCA,ROM,56
2026-09-04,LCA,EVN,38
2026-09-04,LCA,MAD,94
2026-09-04,LCA,MIL,75
2026-09-04,LCA,VIE,64
2026-09-04,LCA,BTS,64
2026-09-04,LCA,KUT,49
2026-09-04,LCA,ATH,46
2026-09-04,LCA,AUH,81
2026-09-04,LCA,BER,93
2026-09-04,LCA,STO,119
2026-09-04,LCA,BFS,154
2026-09-04,LCA,BUD,85
2026-09-04,LCA,RMO,77
2026-09-04,LCA,SKG,71
2026-09-04,LCA,AMS,152
2026-09-04,LCA,WAW,114
2026-09-04,LCA,KRK,117
2026-09-04,LCA,ZRH,167
2026-09-04,LCA,BUH,112
2026-09-04,LCA,DXB,197
2026-09-04,LCA,SKP,129
2026-09-04,LCA,HER,119
2026-09-04,PFO,MIL,54
2026-09-04,PFO,LON,79
2026-09-04,PFO,ATH,36
2026-09-04,PFO,ROM,57
2026-09-04,PFO,EIN,91
2026-09-04,PFO,MLA,56
2026-09-04,PFO,PAR,109
2026-09-04,PFO,RHO,33
2026-09-04,PFO,MAN,141
2026-09-04,PFO,CHQ,46
2026-09-04,PFO,WAW,107
2026-09-04,PFO,BUH,61
2026-09-04,PFO,SKG,59
2026-09-04,PFO,VIE,103
2026-09-04,PFO,JMK,52
2026-09-04,PFO,NCL,200
2026-09-04,PFO,KUN,161
2026-09-04,ZAG,LON,61
2026-09-04,ZAG,MIL,33
2026-09-04,ZAG,PAR,52
2026-09-04,ZAG,MLA,53
2026-09-04,ZAG,AGP,96
2026-09-04,ZAG,PMI,72
2026-09-04,ZAG,GRO,70
2026-09-04,ZAG,ROM,52
2026-09-04,ZAG,IST,132
2026-09-04,ZAG,ZRH,135
2026-09-04,ZAG,STR,148
2026-09-04,ZAG,SKP,180
2026-09-04,ZAG,BEG,125
2026-09-04,ZAG,MUC,150
2026-09-04,ZAG,ZAD,94
2026-09-04,SPU,LON,66
2026-09-04,SPU,STO,101
2026-09-04,SPU,KRK,65
2026-09-04,SPU,EAP,70
2026-09-04,SPU,BRU,176
2026-09-04,SPU,IST,189
2026-09-04,SPU,BER,181
2026-09-04,SPU,ZAG,99
2026-09-04,SPU,NAP,195
2026-09-04,SOF,MIL,23
2026-09-04,SOF,LON,52
2026-09-04,SOF,WAW,30
2026-09-04,SOF,RAK,80
2026-09-04,SOF,RMO,24
2026-09-04,SOF,FMM,35
2026-09-04,SOF,PAR,51
2026-09-04,SOF,BRU,48
2026-09-04,SOF,BCN,55
2026-09-04,SOF,BRI,29
2026-09-04,SOF,TRN,46
2026-09-04,SOF,BUD,32
2026-09-04,SOF,MAD,84
2026-09-04,SOF,EAP,53
2026-09-04,SOF,NAP,39
2026-09-04,SOF,SSH,78
2026-09-04,SOF,BER,55
2026-09-04,SOF,ROM,44
2026-09-04,SOF,CGN,69
2026-09-04,SOF,EIN,76
2026-09-04,SOF,STR,60
2026-09-04,SOF,NCE,62
2026-09-04,SOF,PRG,56
2026-09-04,SOF,RHO,50
2026-09-04,SOF,NUE,64
2026-09-04,SOF,PMI,96
2026-09-04,SOF,CHQ,52
2026-09-04,SOF,WRO,63
2026-09-04,SOF,LCA,75
2026-09-04,SOF,KRK,63
2026-09-04,SOF,HAM,123
2026-09-04,SOF,VIE,65
2026-09-04,SOF,MLA,85
2026-09-04,SOF,CFU,49
2026-09-04,SOF,RMI,75
2026-09-04,SOF,BLQ,82
2026-09-04,SOF,AYT,123
2026-09-04,SOF,ATH,101
2026-09-04,SOF,VAR,144
2026-09-04,SOF,JSI,176
2026-09-04,VAR,MIL,52
2026-09-04,VAR,BTS,40
2026-09-04,VAR,WRO,45
2026-09-04,VAR,ROM,50
2026-09-04,VAR,DTM,91
2026-09-04,VAR,BER,77
2026-09-04,VAR,GDN,90
2026-09-04,VAR,WAW,80
2026-09-04,VAR,HAM,132
2026-09-04,VAR,BUD,81
2026-09-04,VAR,HAJ,156
2026-09-04,VAR,KTW,100
2026-09-04,VAR,NUE,193
2026-09-04,VAR,VIE,163
2026-09-04,VAR,IST,173
2026-09-04,KEF,MIL,104
2026-09-04,KEF,WAW,107
2026-09-04,KEF,PAR,93
2026-09-04,KEF,LON,87
2026-09-04,KEF,GDN,111
2026-09-04,KEF,WRO,125
2026-09-04,KEF,VNO,143
2026-09-04,KEF,MAN,103
2026-09-04,KEF,DEN,473
2026-09-04,KEF,EDI,126
2026-09-04,KEF,CPH,180
2026-09-04,KEF,AMS,216
2026-09-04,KEF,NYC,411
2026-09-04,KEF,RDU,551
2026-09-04,KEF,YTO,523
2026-09-04,KEF,BWI,627
2026-09-04,KEF,JAV,754
2026-09-04,KEF,KUS,1197
2026-09-04,VNO,MIL,35
2026-09-04,VNO,LON,47
2026-09-04,VNO,OSL,33
2026-09-04,VNO,FRA,38
2026-09-04,VNO,BCN,67
2026-09-04,VNO,TLL,30
2026-09-04,VNO,TRN,58
2026-09-04,VNO,NUE,44
2026-09-04,VNO,REK,112
2026-09-04,VNO,BUD,43
2026-09-04,VNO,HER,89
2026-09-04,VNO,DTM,52
2026-09-04,VNO,KUT,84
2026-09-04,VNO,KRK,39
2026-09-04,VNO,MLA,105
2026-09-04,VNO,PRG,47
2026-09-04,VNO,STO,43
2026-09-04,VNO,EIN,68
2026-09-04,VNO,BER,50
2026-09-04,VNO,LCA,114
2026-09-04,VNO,VIE,56
2026-09-04,VNO,NCE,93
2026-09-04,VNO,GDN,44
2026-09-04,VNO,PAR,105
2026-09-04,VNO,TIA,97
2026-09-04,VNO,VCE,88
2026-09-04,VNO,DUS,95
2026-09-04,VNO,AYT,195
2026-09-04,VNO,RIX,68
2026-09-04,VNO,MUC,147
2026-09-04,VNO,AMS,188
2026-09-04,VNO,TIV,220
2026-09-04,KUN,LON,53
2026-09-04,KUN,CPH,34
2026-09-04,KUN,ALC,91
2026-09-04,KUN,CGN,50
2026-09-04,KUN,MAD,109
2026-09-04,KUN,STO,37
2026-09-04,KUN,BRU,59
2026-09-04,KUN,MIL,93
2026-09-04,KUN,RMI,121
2026-09-04,KUN,BOJ,122
2026-09-04,RIX,LON,57
2026-09-04,RIX,AAR,32
2026-09-04,RIX,AGP,115
2026-09-04,RIX,OSL,34
2026-09-04,RIX,KRK,38
2026-09-04,RIX,MAN,69
2026-09-04,RIX,STO,32
2026-09-04,RIX,MIL,79
2026-09-04,RIX,PRG,58
2026-09-04,RIX,LBA,82
2026-09-04,RIX,BRU,74
2026-09-04,RIX,ROM,127
2026-09-04,RIX,GOT,54
2026-09-04,RIX,EDI,128
2026-09-04,RIX,CPH,57
2026-09-04,RIX,CGN,99
2026-09-04,RIX,VCE,118
2026-09-04,RIX,TIV,191
2026-09-04,RIX,MUC,149
2026-09-04,RIX,WAW,102
2026-09-04,RIX,HAM,138
2026-09-04,RIX,HEL,88
2026-09-04,RIX,TLL,86
2026-09-04,RIX,PLQ,127
2026-09-04,TLL,LON,68
2026-09-04,TLL,GDN,34
2026-09-04,TLL,BUD,61
2026-09-04,TLL,VNO,32
2026-09-04,TLL,WAW,45
2026-09-04,TLL,BER,56
2026-09-04,TLL,STO,32
2026-09-04,TLL,KRK,68
2026-09-04,TLL,DUB,137
2026-09-04,TLL,TIV,166
2026-09-04,TLL,HEL,141
2026-09-04,LJU,LON,68
2026-09-04,LJU,TGD,49
2026-09-04,LJU,IST,140
2026-09-04,LJU,ATH,211
2026-09-04,BTS,VAR,19
2026-09-04,BTS,EVN,49
2026-09-04,BTS,WAW,23
2026-09-04,BTS,AGP,52
2026-09-04,BTS,ALC,49
2026-09-04,BTS,BCN,39
2026-09-04,BTS,ROM,31
2026-09-04,BTS,LON,41
2026-09-04,BTS,ATH,43
2026-09-04,BTS,BAK,94
2026-09-04,BTS,GDN,30
2026-09-04,BTS,AGA,107
2026-09-04,BTS,PDV,34
2026-09-04,BTS,TIA,33
2026-09-04,BTS,PMO,49
2026-09-04,BTS,HRG,116
2026-09-04,BTS,MIL,35
2026-09-04,BTS,TGD,36
2026-09-04,BTS,TZL,31
2026-09-04,BTS,OSL,64
2026-09-04,BTS,RMO,48
2026-09-04,BTS,KUT,98
2026-09-04,BTS,NCE,54
2026-09-04,BTS,DTM,51
2026-09-04,BTS,BER,43
2026-09-04,BTS,PFO,115
2026-09-04,BTS,NAP,64
2026-09-04,BTS,PRN,60
2026-09-04,BTS,TPS,103
2026-09-04,BTS,KSC,47
2026-09-04,BTS,SKG,89
2026-09-04,BTS,DLM,156
2026-09-04,BTS,IST,125
2026-09-04,BTS,EIN,116
2026-09-04,KSC,LON,54
2026-09-04,KSC,ROM,48
2026-09-04,KSC,ZAD,129
2026-09-04,KSC,VIE,157
2026-09-04,BEG,LCA,44
2026-09-04,BEG,BCN,50
2026-09-04,BEG,MIL,35
2026-09-04,BEG,LON,56
2026-09-04,BEG,MAD,80
2026-09-04,BEG,PAR,61
2026-09-04,BEG,MLA,52
2026-09-04,BEG,ALC,94
2026-09-04,BEG,DTM,71
2026-09-04,BEG,STO,89
2026-09-04,BEG,FMM,62
2026-09-04,BEG,OSL,110
2026-09-04,BEG,EIN,92
2026-09-04,BEG,BER,72
2026-09-04,BEG,AHO,80
2026-09-04,BEG,CAN,651
2026-09-04,BEG,NCE,85
2026-09-04,BEG,GVA,89
2026-09-04,BEG,ROM,75
2026-09-04,BEG,HAM,109
2026-09-04,BEG,GOT,152
2026-09-04,BEG,DUS,126
2026-09-04,BEG,INI,56
2026-09-04,BEG,CGN,140
2026-09-04,BEG,HAJ,145
2026-09-04,BEG,ATH,118
2026-09-04,BEG,STR,139
2026-09-04,BEG,ZRH,147
2026-09-04,BEG,MUC,129
2026-09-04,BEG,KZN,396
2026-09-04,BEG,TGD,81
2026-09-04,BEG,NUE,155
2026-09-04,BEG,BUH,112
2026-09-04,BEG,IST,168
2026-09-04,BEG,IZM,182
2026-09-04,BEG,TIV,95
2026-09-04,BEG,GOJ,439
2026-09-04,BEG,BNX,93
2026-09-04,BEG,SZG,188
2026-09-04,BEG,ZAG,132
2026-09-04,BEG,OMO,145
2026-09-04,INI,FMM,174
2026-09-04,INI,IST,148
2026-09-04,TIA,LON,34
2026-09-04,TIA,MIL,20
2026-09-04,TIA,GOA,24
2026-09-04,TIA,STO,57
2026-09-04,TIA,VCE,24
2026-09-04,TIA,BRU,45
2026-09-04,TIA,FMM,34
2026-09-04,TIA,TRN,35
2026-09-04,TIA,PEG,28
2026-09-04,TIA,WRO,37
2026-09-04,TIA,ROM,28
2026-09-04,TIA,BCN,50
2026-09-04,TIA,PAR,59
2026-09-04,TIA,TRS,32
2026-09-04,TIA,MAD,81
2026-09-04,TIA,VRN,36
2026-09-04,TIA,FKB,52
2026-09-04,TIA,PSA,36
2026-09-04,TIA,BER,57
2026-09-04,TIA,BLQ,36
2026-09-04,TIA,PMF,39
2026-09-04,TIA,BUD,45
2026-09-04,TIA,DTM,73
2026-09-04,TIA,PRG,66
2026-09-04,TIA,EAP,78
2026-09-04,TIA,NAP,44
2026-09-04,TIA,GDN,102
2026-09-04,TIA,MLA,58
2026-09-04,TIA,BRI,34
2026-09-04,TIA,KRK,74
2026-09-04,TIA,IST,86
2026-09-04,TIA,FRA,161
2026-09-04,TIA,SUF,56
2026-09-04,TIA,ATH,72
2026-09-04,TIA,PSR,72
2026-09-04,TIA,CTA,108
2026-09-04,TIA,MUC,189
2026-09-04,TIA,AOI,220
2026-09-04,TBS,GVA,84
2026-09-04,TBS,MIL,83
2026-09-04,TBS,WAW,126
2026-09-04,TBS,URC,342
2026-09-04,TBS,ANK,114
2026-09-04,TBS,IST,136
2026-09-04,TBS,AYT,141
2026-09-04,TBS,JED,250
2026-09-04,TBS,MOW,179
2026-09-04,TBS,AER,97
2026-09-04,TBS,KWI,181
2026-09-04,TBS,UFA,197
2026-09-04,TBS,TAS,246
2026-09-04,TBS,TJM,279
2026-09-04,TBS,SHJ,263
2026-09-04,TBS,SVX,265
2026-09-04,TBS,KRR,143
2026-09-04,TBS,KUF,270
2026-09-04,TBS,EVN,89
2026-09-04,TBS,MRV,128
2026-09-04,TBS,BUS,175
2026-09-04,BUS,OVB,292
2026-09-04,BUS,IST,138
2026-09-04,BUS,SVX,239
2026-09-04,BUS,PEE,249
2026-09-04,BUS,TJM,291
2026-09-04,BUS,REN,209
2026-09-04,BUS,TAS,283
2026-09-04,BUS,MOW,222
2026-09-04,BUS,EVN,95
2026-09-04,BUS,RTW,195
2026-09-04,BUS,MSQ,326
2026-09-04,BUS,VOG,172
2026-09-04,BUS,KRR,135
2026-09-04,BUS,AER,98
2026-09-04,BUS,MRV,136
2026-09-04,BUS,TBS,171
2026-09-04,EVN,NAP,44
2026-09-04,EVN,BRI,41
2026-09-04,EVN,BTS,44
2026-09-04,EVN,BRU,65
2026-09-04,EVN,BUD,48
2026-09-04,EVN,BUH,41
2026-09-04,EVN,VCE,63
2026-09-04,EVN,LCA,35
2026-09-04,EVN,ROM,66
2026-09-04,EVN,EIN,82
2026-09-04,EVN,PRG,68
2026-09-04,EVN,FMM,77
2026-09-04,EVN,HAM,83
2026-09-04,EVN,MIL,83
2026-09-04,EVN,DTM,104
2026-09-04,EVN,AMS,140
2026-09-04,EVN,ALA,182
2026-09-04,EVN,RHO,107
2026-09-04,EVN,NQZ,181
2026-09-04,EVN,UFA,153
2026-09-04,EVN,LED,201
2026-09-04,EVN,IST,137
2026-09-04,EVN,SVX,196
2026-09-04,EVN,TAS,193
2026-09-04,EVN,OVB,319
2026-09-04,EVN,AER,107
2026-09-04,EVN,PEE,234
2026-09-04,EVN,MOW,201
2026-09-04,EVN,KRR,128
2026-09-04,EVN,SGC,369
2026-09-04,EVN,GOJ,225
2026-09-04,EVN,MRV,109
2026-09-04,EVN,SHJ,251
2026-09-04,EVN,DXB,263
2026-09-04,EVN,TJM,344
2026-09-04,EVN,BUS,94
2026-09-04,EVN,VOG,263
2026-09-04,EVN,TBS,90
2026-09-04,EVN,SCO,206
2026-09-04,GYD,BTS,76
2026-09-04,GYD,ROM,113
2026-09-04,GYD,BUD,93
2026-09-04,GYD,JED,180
2026-09-04,GYD,BOM,269
2026-09-04,GYD,IST,157
2026-09-04,GYD,OVB,249
2026-09-04,GYD,NAJ,78
2026-09-04,GYD,ANK,152
2026-09-04,GYD,HER,220
2026-09-04,GYD,SCO,82
2026-09-04,GYD,RUH,182
2026-09-04,GYD,AKX,155
2026-09-04,GYD,DEL,303
2026-09-04,GYD,AYT,195
2026-09-04,GYD,SHJ,223
2026-09-04,GYD,MOW,245
2026-09-04,GYD,CIT,225
2026-09-04,GYD,TAS,231
2026-09-04,GYD,MSQ,342
2026-09-04,GYD,SKD,228
2026-09-04,GYD,COV,215
2026-09-04,GYD,LHE,394
2026-09-04,GYD,KSY,144
2026-09-04,GYD,KWI,212
2026-09-04,GYD,DYU,296
2026-09-04,GYD,TZX,180
2026-09-04,GYD,REN,420
2026-09-04,GYD,TBS,202
2026-09-04,MLA,LON,66
2026-09-04,MLA,MIL,42
2026-09-04,MLA,WAW,67
2026-09-04,MLA,ROM,32
2026-09-04,MLA,BRI,33
2026-09-04,MLA,PAR,81
2026-09-04,MLA,GDN,101
2026-09-04,MLA,VCE,60
2026-09-04,MLA,VIE,68
2026-09-04,MLA,LIS,107
2026-09-04,MLA,BUD,69
2026-09-04,MLA,MRS,67
2026-09-04,MLA,BCN,77
2026-09-04,MLA,NAP,54
2026-09-04,MLA,DUB,169
2026-09-04,MLA,VLC,96
2026-09-04,MLA,INI,86
2026-09-04,MLA,CTA,39
2026-09-04,MLA,MUC,153
2026-09-04,MLA,LUX,194
2026-09-04,MLA,BEG,171
2026-09-04,MLA,PMO,87
2026-09-04,MLA,TPS,98
2026-09-04,LUX,OPO,57
2026-09-04,LUX,LIS,80
2026-09-04,LUX,MIL,34
2026-09-04,LUX,BCN,54
2026-09-04,LUX,MRS,40
2026-09-04,LUX,LON,35
2026-09-04,LUX,MLA,129
2026-09-04,LUX,CPH,137
2026-09-04,LUX,TLS,139
2026-09-04,LUX,MUC,127
2026-09-04,LUX,PAR,119
2026-09-04,LUX,FRA,178
2026-09-04,RMO,TRN,30
2026-09-04,RMO,BRU,36
2026-09-04,RMO,ALC,51
2026-09-04,RMO,SOF,24
2026-09-04,RMO,BCN,58
2026-09-04,RMO,WRO,31
2026-09-04,RMO,BLQ,38
2026-09-04,RMO,WAW,29
2026-09-04,RMO,VLC,74
2026-09-04,RMO,MIL,44
2026-09-04,RMO,FRA,49
2026-09-04,RMO,PRG,38
2026-09-04,RMO,CGN,50
2026-09-04,RMO,PAR,61
2026-09-04,RMO,LON,69
2026-09-04,RMO,VRN,46
2026-09-04,RMO,BTS,37
2026-09-04,RMO,VCE,46
2026-09-04,RMO,STR,51
2026-09-04,RMO,BUD,37
2026-09-04,RMO,EAP,60
2026-09-04,RMO,LCA,53
2026-09-04,RMO,FMM,53
2026-09-04,RMO,ATH,47
2026-09-04,RMO,HAM,68
2026-09-04,RMO,NUE,60
2026-09-04,RMO,CPH,67
2026-09-04,RMO,BER,61
2026-09-04,RMO,DTM,74
2026-09-04,RMO,PMF,67
2026-09-04,RMO,NCE,86
2026-09-04,RMO,ROM,78
2026-09-04,RMO,DUS,102
2026-09-04,RMO,BUH,45
2026-09-04,RMO,AYT,119
2026-09-04,RMO,RMI,137
2026-09-04,RMO,TIV,163
2026-09-04,RMO,GHV,78
2026-09-04,SKP,CGN,56
2026-09-04,SKP,EAP,56
2026-09-04,SKP,PRG,48
2026-09-04,SKP,GOT,90
2026-09-04,SKP,BUD,42
2026-09-04,SKP,MIL,65
2026-09-04,SKP,FKB,85
2026-09-04,SKP,ROM,59
2026-09-04,SKP,LJU,74
2026-09-04,SKP,IST,99
2026-09-04,SKP,IZM,107
2026-09-04,SKP,STR,230
2026-09-04,SKP,BEG,140
2026-09-04,OHD,DTM,55
2026-09-04,SJJ,GOT,49
2026-09-04,SJJ,IST,77
2026-09-04,SJJ,MIL,66
2026-09-04,SJJ,BEG,129
2026-09-04,TZL,BTS,15
2026-09-04,TZL,IST,107
2026-09-04,TZL,FRA,124
2026-09-04,TGD,BCN,43
2026-09-04,TGD,LON,54
2026-09-04,TGD,PAR,53
2026-09-04,TGD,WRO,44
2026-09-04,TGD,HAM,67
2026-09-04,TGD,BTS,37
2026-09-04,TGD,MIL,46
2026-09-04,TGD,BUD,37
2026-09-04,TGD,FMM,54
2026-09-04,TGD,LJU,38
2026-09-04,TGD,CTA,44
2026-09-04,TGD,CGN,88
2026-09-04,TGD,KRK,67
2026-09-04,TGD,WAW,81
2026-09-04,TGD,VNO,111
2026-09-04,TGD,ROM,62
2026-09-04,TGD,IZM,131
2026-09-04,TIV,LON,163
2026-09-04,TIV,RMO,149
2026-09-04,TIV,BEG,92
2026-09-04,PRN,EAP,41
2026-09-04,PRN,GVA,75
2026-09-04,PRN,FMM,80
2026-09-04,PRN,STR,122
2026-09-04,PRN,IST,83
2026-09-04,PRN,MUC,103
2026-09-04,PRN,ZRH,148
2026-09-04,PRN,VIE,130
2026-09-04,MSQ,CEK,107
2026-09-04,MSQ,KUF,80
2026-09-04,MSQ,URC,398
2026-09-04,MSQ,MOW,72
2026-09-04,MSQ,ALA,357
2026-09-04,MSQ,LED,93
2026-09-04,MSQ,CSY,142
2026-09-04,MSQ,NQZ,344
2026-09-04,MSQ,HRI,854
2026-09-04,MSQ,BAK,339
2026-09-04,MSQ,CEE,224
2026-09-04,MSQ,BUS,321
2026-09-04,MSQ,KGD,170
2026-09-04,MSQ,KUT,331
2026-09-04,MSQ,KRW,629
2026-09-04,MSQ,PES,328
2026-09-04,ALG,IST,115
2026-09-04,ALG,ORN,31
2026-09-04,ALG,DOH,285
2026-09-04,ALG,DJG,94
2026-09-04,ALG,PAR,97
2026-09-04,ALG,NCE,81
2026-09-04,ALG,LON,154
2026-09-04,ALG,BCN,71
2026-09-04,ALG,NDJ,279
2026-09-04,ALG,TUN,95
2026-09-04,ALG,LIL,176
2026-09-04,ALG,MAD,107
2026-09-04,ALG,DKR,377
2026-09-04,ALG,ETZ,168
2026-09-04,ALG,MRS,120
2026-09-04,ALG,NIM,351
2026-09-04,ALG,RTM,255
2026-09-04,ORN,PAR,91
2026-09-04,ORN,TUN,117
2026-09-04,ORN,ALC,59
2026-09-04,ORN,TLS,303
2026-09-04,TUN,PAR,127
2026-09-04,TUN,JED,298
2026-09-04,TUN,RBA,152
2026-09-04,TUN,CMN,171
2026-09-04,TUN,NTE,163
2026-09-04,TUN,GVA,141
2026-09-04,TUN,CAI,236
2026-09-04,TUN,MIL,140
2026-09-04,TUN,NCE,131
2026-09-04,TUN,BLQ,143
2026-09-04,TUN,DUS,243
2026-09-04,TUN,ATH,186
2026-09-04,TUN,TLS,181
2026-09-04,TUN,ALG,156
2026-09-04,TUN,DJE,158
2026-09-04,MIR,PAR,134
2026-09-04,NBO,CAN,644
2026-09-04,NBO,MBA,90
2026-09-04,NBO,BOM,361
2026-09-04,NBO,SHJ,368
2026-09-04,NBO,UKA,133
2026-09-04,NBO,MYD,138
2026-09-04,NBO,TNR,743
2026-09-04,NBO,KIS,124
2026-09-04,NBO,LAU,163
2026-09-04,NBO,EDL,123
2026-09-04,NBO,EBB,310
2026-09-04,NBO,KEU,378
2026-09-04,NBO,ASV,349
2026-09-04,MBA,FRA,692
2026-09-04,MBA,NBO,111
2026-09-04,MBA,DXB,456
2026-09-04,MBA,ADD,329
2026-09-04,MBA,LAU,117
2026-09-04,ADD,SHJ,210
2026-09-04,ADD,MRU,675
2026-09-04,ADD,JED,254
2026-09-04,ADD,AWA,157
2026-09-04,ADD,NOS,772
2026-09-04,ADD,FIH,971
2026-09-04,ADD,LLI,237
2026-09-04,ADD,FBM,1007
2026-09-04,ADD,AMH,252
2026-09-04,ADD,NBO,470
2026-09-04,ADD,JRO,841
2026-09-04,ADD,MGQ,650
2026-09-04,ADD,JIB,545
2026-09-04,DAR,TKQ,203
2026-09-04,DAR,ZNZ,46
2026-09-04,DAR,JRO,159
2026-09-04,DAR,IRI,242
2026-09-04,DAR,MBA,321
2026-09-04,DAR,MFA,241
2026-09-04,JRO,MWZ,120
2026-09-04,ACC,TMS,398
2026-09-04,ACC,ABV,393
2026-09-04,ACC,OUA,363
2026-09-04,ACC,FNA,867
2026-09-04,ACC,TKD,183
2026-09-04,ACC,KMS,211
2026-09-04,ACC,LFW,659
2026-09-04,ABJ,CAI,620
2026-09-04,ABJ,HGO,128
2026-09-04,ABJ,CMN,564
2026-09-04,ABJ,SPY,133
2026-09-04,ABJ,DKR,365
2026-09-04,ABJ,BKO,469
2026-09-04,ABJ,ACC,276
2026-09-04,ABJ,DLA,784
2026-09-04,ABJ,OUA,469
2026-09-04,ABJ,COO,458
2026-09-04,ABJ,LFW,496
2026-09-04,DSS,MAD,348
2026-09-04,DSS,NTE,539
2026-09-04,DSS,ALG,466
2026-09-04,DSS,ABJ,412
2026-09-04,DSS,CKY,408
2026-09-04,DSS,CSK,196
2026-09-04,DSS,RAI,479
2026-09-04,DSS,BJL,172
2026-09-04,DSS,SID,566
2026-09-04,DSS,ZIG,248
2026-09-04,DLA,ALG,670
2026-09-04,DLA,KGL,495
2026-09-04,DLA,CAI,732
2026-09-04,DLA,ADD,989
2026-09-04,DLA,LOS,638
2026-09-04,NSI,LBV,591
2026-09-04,LAD,SAO,902
2026-09-04,LAD,CMN,1071
2026-09-04,LAD,TMS,472
2026-09-04,LAD,ADD,1003
2026-09-04,LAD,SDD,359
2026-09-04,LAD,LFW,842
2026-09-04,LAD,FIH,529
2026-09-04,MPM,JNB,213
2026-09-04,MPM,INH,218
2026-09-04,HRE,JNB,166
2026-09-04,HRE,LUN,205
2026-09-04,HRE,VFA,332
2026-09-04,HRE,BUQ,319
2026-09-04,VFA,JNB,278
2026-09-04,VFA,ADD,1026
2026-09-04,LUN,JNB,394
2026-09-04,LUN,LVI,249
2026-09-04,LUN,LLW,615
2026-09-04,LVI,CPT,589
2026-09-04,GBE,JNB,163
2026-09-04,WDH,FRA,857
2026-09-04,WDH,CPT,261
2026-09-04,WDH,JNB,288
2026-09-04,SEZ,BOM,446
2026-09-04,SEZ,DOH,557
2026-09-04,SEZ,ADD,905
2026-09-04,SEZ,PRI,144
2026-09-04,TNR,SEZ,545
2026-09-04,TNR,SVB,240
2026-09-04,TNR,NOS,256
2026-09-04,TNR,MOQ,208
2026-09-04,TNR,DIE,328
2026-09-04,TNR,MJN,234
2026-09-04,TNR,TMM,225
2026-09-04,NOS,JNB,810
2026-09-04,NOS,ADD,1147
2026-09-04,NOS,TNR,406
2026-09-04,KGL,BRU,590
2026-09-04,KGL,HRE,315
2026-09-04,EBB,SHJ,394
2026-09-04,EBB,KGL,268
2026-09-04,BEN,TUN,266
2026-09-04,BEN,IST,341
2026-09-04,BEN,CAI,355
2026-09-04,BGW,IST,171
2026-09-04,EBL,IST,166
2026-09-04,IKA,MOW,214
2026-09-04,IKA,IST,174
2026-09-04,IKA,SGN,552
2026-09-04,IKA,MCT,170
2026-09-04,IKA,BJS,535
2026-09-04,IKA,TBS,147
2026-09-04,IKA,SHA,611
2026-09-04,IKA,DXB,236
2026-09-04,IKA,LED,393
2026-09-04,IKA,CAN,837
2026-09-04,IKA,BUS,240
2026-09-04,IKA,BAK,201
2026-09-04,THR,MOW,214
2026-09-04,THR,IST,174
2026-09-04,THR,SGN,552
2026-09-04,THR,MCT,170
2026-09-04,THR,BJS,535
2026-09-04,THR,TBS,147
2026-09-04,THR,SHA,611
2026-09-04,THR,DXB,236
2026-09-04,THR,LED,393
2026-09-04,THR,CAN,837
2026-09-04,THR,BUS,240
2026-09-04,THR,BAK,201
2026-09-04,JFK,SFO,169
2026-09-04,JFK,LAS,161
2026-09-04,JFK,ROM,378
2026-09-04,JFK,MIA,128
2026-09-04,JFK,GYE,283
2026-09-04,JFK,HOU,170
2026-09-04,JFK,MAD,341
2026-09-04,JFK,DFW,189
2026-09-04,JFK,ABJ,473
2026-09-04,JFK,SJU,207
2026-09-04,JFK,SAN,259
2026-09-04,JFK,REK,288
2026-09-04,JFK,ORL,163
2026-09-04,JFK,FRA,462
2026-09-04,JFK,AKL,1119
2026-09-04,JFK,POP,222
2026-09-04,JFK,SLC,280
2026-09-04,JFK,BNA,175
2026-09-04,JFK,PBI,206
2026-09-04,JFK,LIS,552
2026-09-04,JFK,FLL,217
2026-09-04,JFK,POS,382
2026-09-04,JFK,FMY,234
2026-09-04,JFK,YYC,363
2026-09-04,JFK,BGI,382
2026-09-04,JFK,CHI,215
2026-09-04,JFK,ROC,129
2026-09-04,JFK,AUS,329
2026-09-04,JFK,PDL,626
2026-09-04,JFK,PIT,164
2026-09-04,JFK,BOS,127
2026-09-04,JFK,JAC,563
2026-09-04,JFK,MSP,308
2026-09-04,JFK,BQN,486
2026-09-04,JFK,CVG,233
2026-09-04,JFK,PLS,438
2026-09-04,JFK,SAV,261
2026-09-04,JFK,DTT,220
2026-09-04,JFK,CHS,257
2026-09-04,JFK,BDA,347
2026-09-04,JFK,WAS,178
2026-09-04,JFK,BUF,212
2026-09-04,JFK,SRQ,517
2026-09-04,LAX,CHI,133
2026-09-04,LAX,LAS,24
2026-09-04,LAX,HNL,217
2026-09-04,LAX,SFO,53
2026-09-04,LAX,TPE,650
2026-09-04,LAX,TYO,545
2026-09-04,LAX,SAC,69
2026-09-04,LAX,SEA,113
2026-09-04,LAX,GDL,144
2026-09-04,LAX,FRA,657
2026-09-04,LAX,DEN,125
2026-09-04,LAX,NAN,662
2026-09-04,LAX,PHX,81
2026-09-04,LAX,GUA,295
2026-09-04,LAX,SJC,85
2026-09-04,LAX,PDX,142
2026-09-04,LAX,ANC,352
2026-09-04,LAX,OAK,126
2026-09-04,LAX,BZE,425
2026-09-04,LAX,BJX,275
2026-09-04,LAX,MSY,328
2026-09-04,LAX,PSC,265
2026-09-04,LAX,ACV,320
2026-09-04,LAX,ASE,573
2026-09-04,LAX,SBA,667
2026-09-04,ORD,LAX,108
2026-09-04,ORD,LAS,143
2026-09-04,ORD,DEN,99
2026-09-04,ORD,FLL,118
2026-09-04,ORD,PHX,149
2026-09-04,ORD,GDL,201
2026-09-04,ORD,HVN,123
2026-09-04,ORD,SFO,219
2026-09-04,ORD,BOS,134
2026-09-04,ORD,SAN,208
2026-09-04,ORD,SEA,220
2026-09-04,ORD,REK,378
2026-09-04,ORD,HOU,173
2026-09-04,ORD,PUJ,345
2026-09-04,ORD,MSP,125
2026-09-04,ORD,MLM,360
2026-09-04,ORD,FMY,250
2026-09-04,ORD,SRQ,333
2026-09-04,ORD,TUS,457
2026-09-04,ORD,ABQ,379
2026-09-04,ORD,GSO,258
2026-09-04,ORD,JAX,320
2026-09-04,ORD,YMQ,298
2026-09-04,ORD,AVL,257
2026-09-04,ORD,AVP,282
2026-09-04,ORD,ECP,366
2026-09-04,ORD,HSV,259
2026-09-04,ORD,FAR,275
2026-09-04,ORD,CLE,219
2026-09-04,ORD,LYH,294
2026-09-04,ORD,COS,504
2026-09-04,ORD,HHH,443
2026-09-04,ORD,AUW,211
2026-09-04,ORD,GSP,364
2026-09-04,ORD,DSM,275
2026-09-04,ORD,STL,254
2026-09-04,ORD,RST,331
2026-09-04,ORD,FWA,451
2026-09-04,MIA,BCN,431
2026-09-04,MIA,ATL,68
2026-09-04,MIA,BWI,90
2026-09-04,MIA,SJU,119
2026-09-04,MIA,BOS,147
2026-09-04,MIA,NYC,159
2026-09-04,MIA,SAN,269
2026-09-04,MIA,CLT,135
2026-09-04,MIA,SEA,325
2026-09-04,MIA,LIS,559
2026-09-04,MIA,STL,186
2026-09-04,MIA,FOR,497
2026-09-04,MIA,HOU,194
2026-09-04,MIA,CMN,710
2026-09-04,MIA,PUJ,226
2026-09-04,MIA,SDQ,228
2026-09-04,MIA,SJO,330
2026-09-04,MIA,STT,356
2026-09-04,MIA,SLU,555
2026-09-04,MIA,GCM,245
2026-09-04,MIA,DOM,575
2026-09-04,MIA,MBJ,269
2026-09-04,MIA,CCS,670
2026-09-04,MIA,NAS,231
2026-09-04,MIA,AXA,701
2026-09-04,MIA,SNU,259
2026-09-04,MIA,LRM,567
2026-09-04,MIA,BZE,525
2026-09-04,MIA,CAP,574
2026-09-04,MIA,TLH,458
2026-09-04,MIA,HAV,401
2026-09-04,MIA,CMW,588
2026-09-04,MIA,HOG,965
2026-09-04,MIA,VRA,512
2026-09-04,SFO,FLL,177
2026-09-04,SFO,ONT,41
2026-09-04,SFO,SEL,550
2026-09-04,SFO,LAX,50
2026-09-04,SFO,OGG,241
2026-09-04,SFO,SAN,66
2026-09-04,SFO,NAN,700
2026-09-04,SFO,LAS,81
2026-09-04,SFO,LIS,805
2026-09-04,SFO,PDX,109
2026-09-04,SFO,PAE,133
2026-09-04,SFO,PPT,626
2026-09-04,SFO,SEA,131
2026-09-04,SFO,CVG,311
2026-09-04,SFO,DEN,295
2026-09-04,BOS,SAO,308
2026-09-04,BOS,ORL,110
2026-09-04,BOS,SAN,202
2026-09-04,BOS,MIA,128
2026-09-04,BOS,PBI,154
2026-09-04,BOS,SDQ,218
2026-09-04,BOS,PAR,465
2026-09-04,BOS,ATL,171
2026-09-04,BOS,REK,384
2026-09-04,BOS,PHL,126
2026-09-04,BOS,OPO,626
2026-09-04,BOS,PDL,532
2026-09-04,BOS,BWI,152
2026-09-04,BOS,FMY,304
2026-09-04,BOS,NYC,195
2026-09-04,BOS,YMQ,320
2026-09-04,IAD,SEA,149
2026-09-04,IAD,ATL,71
2026-09-04,IAD,LAS,203
2026-09-04,IAD,DFW,124
2026-09-04,IAD,FLL,122
2026-09-04,IAD,REK,398
2026-09-04,IAD,CLT,146
2026-09-04,IAD,PWM,231
2026-09-04,IAD,YTO,161
2026-09-04,IAD,NYC,128
2026-09-04,IAD,MYR,264
2026-09-04,IAD,PVD,281
2026-09-04,IAD,GSO,294
2026-09-04,IAD,PIT,233
2026-09-04,SEA,LAX,79
2026-09-04,SEA,SIN,672
2026-09-04,SEA,MSP,139
2026-09-04,SEA,LGB,119
2026-09-04,SEA,FLL,271
2026-09-04,SEA,OAK,113
2026-09-04,SEA,NYC,268
2026-09-04,SEA,WAS,324
2026-09-04,SEA,SFO,143
2026-09-04,SEA,CHI,250
2026-09-04,SEA,SAC,144
2026-09-04,SEA,SJC,156
2026-09-04,SEA,ANC,277
2026-09-04,SEA,SAN,218
2026-09-04,SEA,BZN,251
2026-09-04,SEA,YYC,252
2026-09-04,SEA,ACV,418
2026-09-04,SEA,MFR,397
2026-09-04,MAN,ACE,80
2026-09-04,MAN,PSA,46
2026-09-04,MAN,TCI,88
2026-09-04,MAN,FAO,54
2026-09-04,MAN,PMI,53
2026-09-04,MAN,MIL,47
2026-09-04,MAN,RAK,82
2026-09-04,MAN,BCN,52
2026-09-04,MAN,ROM,61
2026-09-04,MAN,AGA,91
2026-09-04,MAN,PFO,120
2026-09-04,MAN,ALC,62
2026-09-04,MAN,VCE,56
2026-09-04,MAN,AYT,115
2026-09-04,MAN,PAR,35
2026-09-04,MAN,MAD,60
2026-09-04,MAN,DLM,112
2026-09-04,MAN,CPH,50
2026-09-04,MAN,LPA,114
2026-09-04,MAN,OSL,53
2026-09-04,MAN,AGP,76
2026-09-04,MAN,WRO,62
2026-09-04,MAN,KRK,69
2026-09-04,MAN,KGS,123
2026-09-04,MAN,PRG,63
2026-09-04,MAN,CFU,102
2026-09-04,MAN,BFS,33
2026-09-04,MAN,FUE,145
2026-09-04,MAN,DUB,33
2026-09-04,MAN,CUN,424
2026-09-04,MAN,FNC,144
2026-09-04,MAN,GRO,81
2026-09-04,MAN,REU,83
2026-09-04,MAN,IST,170
2026-09-04,MAN,NCE,89
2026-09-04,MAN,BOD,78
2026-09-04,MAN,BJV,195
2026-09-04,MAN,LIG,76
2026-09-04,MAN,MBJ,512
2026-09-04,MAN,BER,86
2026-09-04,MAN,REK,133
2026-09-04,MAN,ZRH,86
2026-09-04,MAN,LDY,54
2026-09-04,MAN,RVN,171
2026-09-04,MAN,ORL,555
2026-09-04,MAN,BRU,73
2026-09-04,MAN,GDN,115
2026-09-04,EDI,TCI,95
2026-09-04,EDI,LON,36
2026-09-04,EDI,ACE,91
2026-09-04,EDI,MLA,95
2026-09-04,EDI,BCN,67
2026-09-04,EDI,AGP,91
2026-09-04,EDI,MIL,87
2026-09-04,EDI,DUB,34
2026-09-04,EDI,KRK,114
2026-09-04,EDI,NAP,190
2026-09-04,EDI,BFS,36
2026-09-04,EDI,BRS,59
2026-09-04,EDI,PAR,86
2026-09-04,EDI,BRU,89
2026-09-04,EDI,GVA,155
2026-09-04,EDI,DUS,150
2026-09-04,EDI,AMS,152
2026-09-04,EDI,FAE,350
2026-09-04,AGP,MIL,17
2026-09-04,AGP,TRN,29
2026-09-04,AGP,LON,39
2026-09-04,AGP,VCE,43
2026-09-04,AGP,MAN,48
2026-09-04,AGP,WAW,74
2026-09-04,AGP,IBZ,27
2026-09-04,AGP,BRS,49
2026-09-04,AGP,MRS,38
2026-09-04,AGP,STO,91
2026-09-04,AGP,LPA,44
2026-09-04,AGP,CPH,75
2026-09-04,AGP,ROM,48
2026-09-04,AGP,TCI,50
2026-09-04,AGP,RAK,34
2026-09-04,AGP,BCN,38
2026-09-04,AGP,VIE,82
2026-09-04,AGP,PAR,60
2026-09-04,AGP,BER,97
2026-09-04,AGP,VNO,131
2026-09-04,AGP,BIO,44
2026-09-04,AGP,GVA,61
2026-09-04,AGP,DUS,87
2026-09-04,AGP,TLS,56
2026-09-04,AGP,AMS,96
2026-09-04,AGP,VLC,40
2026-09-04,AGP,BRU,87
2026-09-04,AGP,RBA,35
2026-09-04,AGP,FRA,96
2026-09-04,AGP,SDR,60
2026-09-04,AGP,ACE,77
2026-09-04,AGP,EAP,103
2026-09-04,AGP,VIT,63
2026-09-04,AGP,OVD,78
2026-09-04,AGP,LIS,58
2026-09-04,AGP,BOD,105
2026-09-04,AGP,MAD,67
2026-09-04,AGP,MAH,157
2026-09-04,AGP,TNG,44
2026-09-04,AGP,TTU,82
2026-09-04,PMI,LON,34
2026-09-04,PMI,BRS,34
2026-09-04,PMI,BRU,46
2026-09-04,PMI,AGP,33
2026-09-04,PMI,WAW,76
2026-09-04,PMI,FRA,55
2026-09-04,PMI,MIL,38
2026-09-04,PMI,BIO,39
2026-09-04,PMI,BER,76
2026-09-04,PMI,PAR,53
2026-09-04,PMI,NUE,62
2026-09-04,PMI,BRE,84
2026-09-04,PMI,VLC,29
2026-09-04,PMI,ZRH,61
2026-09-04,PMI,OVD,59
2026-09-04,PMI,FKB,77
2026-09-04,PMI,DUS,97
2026-09-04,PMI,MRS,47
2026-09-04,PMI,NTE,70
2026-09-04,PMI,FMM,94
2026-09-04,PMI,TLS,56
2026-09-04,PMI,EAP,102
2026-09-04,PMI,ROM,92
2026-09-04,PMI,GVA,87
2026-09-04,PMI,MUC,142
2026-09-04,PMI,VRN,112
2026-09-04,PMI,NCE,96
2026-09-04,PMI,SVQ,140
2026-09-04,PMI,IBZ,71
2026-09-04,BER,TCI,110
2026-09-04,BER,BCN,51
2026-09-04,BER,SSH,97
2026-09-04,BER,DUB,53
2026-09-04,BER,LPA,112
2026-09-04,BER,ROM,51
2026-09-04,BER,AGP,74
2026-09-04,BER,BUH,55
2026-09-04,BER,RMF,132
2026-09-04,BER,MIL,44
2026-09-04,BER,HRG,129
2026-09-04,BER,NQT,50
2026-09-04,BER,TLL,52
2026-09-04,BER,PMI,66
2026-09-04,BER,OPO,88
2026-09-04,BER,LON,49
2026-09-04,BER,BTS,39
2026-09-04,BER,RMO,60
2026-09-04,BER,FNC,149
2026-09-04,BER,HER,98
2026-09-04,BER,MAN,57
2026-09-04,BER,CAI,136
2026-09-04,BER,BUD,49
2026-09-04,BER,TSR,57
2026-09-04,BER,AYT,110
2026-09-04,BER,GZT,134
2026-09-04,BER,BOD,71
2026-09-04,BER,VNO,56
2026-09-04,BER,CPH,39
2026-09-04,BER,SOF,75
2026-09-04,BER,NCE,69
2026-09-04,BER,KGS,116
2026-09-04,BER,BEG,66
2026-09-04,BER,SPC,215
2026-09-04,BER,DBV,73
2026-09-04,BER,IST,110
2026-09-04,BER,GVA,66
2026-09-04,BER,KAO,112
2026-09-04,BER,EAP,59
2026-09-04,BER,PSA,73
2026-09-04,BER,OSL,72
2026-09-04,BER,SKP,90
2026-09-04,BER,TIA,94
2026-09-04,BER,PRN,89
2026-09-04,BER,PAR,76
2026-09-04,DUS,PSR,38
2026-09-04,DUS,PFO,110
2026-09-04,DUS,MIL,37
2026-09-04,DUS,PMI,54
2026-09-04,DUS,PUY,43
2026-09-04,DUS,FEZ,89
2026-09-04,DUS,SVQ,79
2026-09-04,DUS,GRO,52
2026-09-04,DUS,DBV,59
2026-09-04,DUS,TNG,104
2026-09-04,DUS,ZAG,71
2026-09-04,DUS,FNC,153
2026-09-04,DUS,IST,113
2026-09-04,DUS,ASR,151
2026-09-04,DUS,LIS,109
2026-09-04,DUS,CRV,103
2026-09-04,DUS,AYT,148
2026-09-04,DUS,DUB,78
2026-09-04,DUS,COV,170
2026-09-04,DUS,NDR,124
2026-09-04,DUS,ANK,147
2026-09-04,DUS,PRN,112
2026-09-04,DUS,TZX,182
2026-09-04,DUS,RHO,161
2026-09-04,DUS,RAK,175
2026-09-04,DUS,LON,68
2026-09-04,DUS,GZT,209
2026-09-04,DUS,VNO,114
2026-09-04,DUS,KRN,208
2026-09-04,DUS,EDI,100
2026-09-04,DUS,KGS,255
2026-09-04,DUS,TUN,189
2026-09-04,DUS,NCE,132
2026-09-04,DUS,RIX,167
2026-09-04,DUS,GOT,141
2026-09-04,DUS,PVK,300
2026-09-04,DUS,MRS,152
2026-09-04,DUS,KZR,395
2026-09-04,DUS,BER,139
2026-09-04,DUS,FLR,191
2026-09-04,DUS,SZG,162
2026-09-04,DUS,MUC,149
2026-09-04,HAM,EVN,65
2026-09-04,HAM,MIL,32
2026-09-04,HAM,ROM,41
2026-09-04,HAM,BUH,54
2026-09-04,HAM,PMI,73
2026-09-04,HAM,GDN,33
2026-09-04,HAM,AYT,111
2026-09-04,HAM,LON,44
2026-09-04,HAM,TGD,65
2026-09-04,HAM,RMO,70
2026-09-04,HAM,TIA,75
2026-09-04,HAM,IST,108
2026-09-04,HAM,BEG,75
2026-09-04,HAM,CFU,104
2026-09-04,HAM,LIS,133
2026-09-04,HAM,DUB,79
2026-09-04,HAM,EAP,77
2026-09-04,HAM,PRN,173
2026-09-04,HAM,PRG,68
2026-09-04,HAM,VIE,116
2026-09-04,HAM,ZRH,117
2026-09-04,HAM,MAN,147
2026-09-04,HAM,GRZ,178
2026-09-04,HAM,SZG,170
2026-09-04,HAM,MUC,163
2026-09-04,HAM,STR,172
2026-09-04,KRK,BCN,36
2026-09-04,KRK,OSL,31
2026-09-04,KRK,VLC,58
2026-09-04,KRK,MIL,29
2026-09-04,KRK,LCA,60
2026-09-04,KRK,LON,42
2026-09-04,KRK,PAR,41
2026-09-04,KRK,EAP,36
2026-09-04,KRK,SOF,36
2026-09-04,KRK,BIO,62
2026-09-04,KRK,STO,41
2026-09-04,KRK,SNN,68
2026-09-04,KRK,CPH,35
2026-09-04,KRK,GRO,57
2026-09-04,KRK,ALC,78
2026-09-04,KRK,VCE,38
2026-09-04,KRK,BRU,47
2026-09-04,KRK,MLA,63
2026-09-04,KRK,RBA,111
2026-09-04,KRK,DUB,73
2026-09-04,KRK,ROM,51
2026-09-04,KRK,PFO,84
2026-09-04,KRK,TIA,48
2026-09-04,KRK,OPO,102
2026-09-04,KRK,RIX,46
2026-09-04,KRK,MAD,94
2026-09-04,KRK,SPU,45
2026-09-04,KRK,PSA,52
2026-09-04,KRK,SVG,60
2026-09-04,KRK,CFU,56
2026-09-04,KRK,LIS,120
2026-09-04,KRK,BUH,46
2026-09-04,KRK,CTA,69
2026-09-04,KRK,PRG,33
2026-09-04,KRK,BRI,54
2026-09-04,KRK,BUD,29
2026-09-04,KRK,DBV,50
2026-09-04,KRK,GOA,56
2026-09-04,KRK,VIE,31
2026-09-04,KRK,RMF,164
2026-09-04,KRK,MAN,85
2026-09-04,KRK,BLQ,52
2026-09-04,KRK,TLS,87
2026-09-04,KRK,TGD,53
2026-09-04,KRK,CAG,86
2026-09-04,BLR,CCU,115
2026-09-04,BLR,SXV,37
2026-09-04,BLR,DEL,152
2026-09-04,BLR,KUL,258
2026-09-04,BLR,GOI,73
2026-09-04,BLR,IXA,174
2026-09-04,BLR,HKT,232
2026-09-04,BLR,RPR,118
2026-09-04,BLR,VNS,151
2026-09-04,BLR,COK,74
2026-09-04,BLR,MRU,520
2026-09-04,BLR,VTZ,112
2026-09-04,BLR,JDH,199
2026-09-04,BLR,PNQ,111
2026-09-04,BLR,BOM,120
2026-09-04,BLR,CMB,228
2026-09-04,BLR,PNY,136
2026-09-04,MAA,CCU,112
2026-09-04,MAA,GAU,154
2026-09-04,MAA,DXB,266
2026-09-04,MAA,SHJ,299
2026-09-04,MAA,CMB,181
2026-09-04,MAA,IXM,128
2026-09-04,MAA,JAF,178
2026-09-04,KIX,ISG,87
2026-09-04,KIX,OKA,72
2026-09-04,KIX,HKG,198
2026-09-04,KIX,KOJ,54
2026-09-04,KIX,MNL,224
2026-09-04,KIX,TYO,60
2026-09-04,KIX,CNS,559
2026-09-04,KIX,FUK,60
2026-09-04,KIX,CEB,284
2026-09-04,KIX,SEL,110
2026-09-04,KIX,SDJ,100
2026-09-04,KIX,TPE,187
2026-09-04,KIX,KMI,99
2026-09-04,KIX,SHA,241
2026-09-04,KIX,HGH,346
2026-09-04,HKT,SHA,166
2026-09-04,HKT,BKK,36
2026-09-04,HKT,CTU,124
2026-09-04,HKT,CNX,81
2026-09-04,HKT,DPS,129
2026-09-04,HKT,CAN,136
2026-09-04,HKT,SZX,149
2026-09-04,HKT,TAS,338
2026-09-04,HKT,UTH,112
2026-09-04,HKT,HKG,185
2026-09-04,HKT,SIN,113
2026-09-04,HKT,DEL,286
2026-09-04,HKT,KUL,99
2026-09-04,HKT,BLR,228
2026-09-04,HKT,SGN,121
2026-09-04,HKT,OVB,531
2026-09-04,HKT,UTP,108
2026-09-04,HKT,KJA,580
2026-09-04,HKT,PEN,92
2026-09-04,HKT,SAI,163
2026-09-04,HKT,HDY,94
2026-09-04,HKT,USM,117
2026-09-04,PVG,KUL,162
2026-09-04,PVG,SGN,131
2026-09-04,PVG,HRB,106
2026-09-04,PVG,SIN,193
2026-09-04,PVG,HKT,183
2026-09-04,PVG,MFM,101
2026-09-04,PVG,BKK,165
2026-09-04,PVG,CKG,108
2026-09-04,PVG,SYX,127
2026-09-04,PVG,PEN,256
2026-09-04,PVG,LHW,128
2026-09-04,PVG,BPE,187
2026-09-04,PVG,CAN,112
2026-09-04,PVG,LJG,161
2026-09-04,PVG,DLC,99
2026-09-04,PVG,URC,282
2026-09-04,PVG,DOY,99
2026-09-04,PVG,CNX,230
2026-09-04,PVG,KZN,528
2026-09-04,PVG,XMN,104
2026-09-04,PVG,IKT,240
2026-09-04,PVG,HKG,133
2026-09-04,PVG,HAN,173
2026-09-04,PVG,KWL,136
2026-09-04,PVG,SHE,133
2026-09-04,PVG,CEB,229
2026-09-04,PVG,CTU,164
2026-09-04,PVG,SIA,141
2026-09-04,PVG,MNL,185
2026-09-04,PVG,HAK,170
2026-09-04,PVG,KMG,201
2026-09-04,PVG,WEH,109
2026-09-04,PVG,HFE,88
2026-09-04,PVG,BJS,140
2026-09-04,PVG,ZHA,178
2026-09-04,PVG,SZX,153
2026-09-04,PVG,JIQ,155
2026-09-04,PVG,UBN,271
2026-09-04,PVG,CGO,128
2026-09-04,PVG,BAV,189
2026-09-04,PVG,CSX,134
2026-09-04,PVG,BHY,211
2026-09-04,PVG,ENH,156
2026-09-04,PVG,TAO,111
2026-09-04,PVG,HZG,192
2026-09-04,PVG,CJU,108
2026-09-04,CAN,OVB,248
2026-09-04,CAN,SGN,114
2026-09-04,CAN,KUL,159
2026-09-04,CAN,NGB,96
2026-09-04,CAN,SHA,102
2026-09-04,CAN,BKK,130
2026-09-04,CAN,URC,288
2026-09-04,CAN,HGH,118
2026-09-04,CAN,CNX,148
2026-09-04,CAN,IKT,294
2026-09-04,CAN,CKG,116
2026-09-04,CAN,VVO,256
2026-09-04,CAN,DLC,175
2026-09-04,CAN,CGO,134
2026-09-04,CAN,BJS,168
2026-09-04,CAN,CTU,133
2026-09-04,CAN,TYO,271
2026-09-04,CAN,BKI,191
2026-09-04,CAN,TAO,166
2026-09-04,CAN,HRB,266
2026-09-04,CAN,NTG,148
2026-09-04,CAN,WUH,124
2026-09-04,CAN,TSN,202
2026-09-04,CAN,SIA,160
2026-09-04,CAN,TNA,175
2026-09-04,CAN,SYX,118
2026-09-04,CAN,WNZ,137
2026-09-04,CAN,FOC,123
2026-09-04,CAN,DAR,1051
2026-09-04,CAN,HAN,133
2026-09-04,CAN,PNH,219
2026-09-04,CAN,DAC,323
2026-09-04,CAN,MNL,186
2026-09-04,CAN,LYI,209
2026-09-04,CAN,KMG,169
2026-09-04,CAN,YIW,159
2026-09-04,CAN,VTE,194
2026-09-04,CAN,LJG,216
2026-09-04,CAN,LYA,204
2026-09-04,CAN,NNG,129
2026-09-04,CAN,HAK,125
2026-09-04,CAN,RGN,326
2026-09-04,CAN,CSX,134
2026-09-04,SZX,KUL,176
2026-09-04,SZX,DXB,522
2026-09-04,SZX,SHA,126
2026-09-04,SZX,SGN,142
2026-09-04,SZX,BKK,170
2026-09-04,SZX,BJS,209
2026-09-04,SZX,TYO,314
2026-09-04,SZX,NKG,165
2026-09-04,SZX,SYX,132
2026-09-04,SZX,BKI,242
2026-09-04,SZX,CKG,168
2026-09-04,SZX,SIA,204
2026-09-04,SZX,HGH,175
2026-09-04,SZX,NGB,201
2026-09-04,SZX,CTU,249
2026-09-04,SZX,SQD,172
2026-09-04,SZX,PNH,374
2026-09-04,SZX,DYG,202
2026-09-04,SZX,TPE,238
2026-09-04,SZX,SHS,249
2026-09-04,SZX,HAK,234
2026-09-04,BNE,SGN,368
2026-09-04,BNE,MEL,145
2026-09-04,BNE,DPS,359
2026-09-04,BNE,MKY,118
2026-09-04,BNE,CEB,476
2026-09-04,BNE,TSV,149
2026-09-04,BNE,PER,426
2026-09-04,BNE,SYD,128
2026-09-04,BNE,AKL,314
2026-09-04,BNE,CNS,224
2026-09-04,BNE,ROR,626
2026-09-04,BNE,NAN,392
2026-09-04,BNE,ADL,277
2026-09-04,BNE,POM,428
2026-09-04,BNE,ROK,218
2026-09-04,BNE,INU,1552
2026-09-04,BNE,PPP,419
2026-09-04,PER,SGN,223
2026-09-04,PER,KUL,213
2026-09-04,PER,DPS,213
2026-09-04,PER,MEL,274
2026-09-04,PER,CNS,350
2026-09-04,PER,SYD,351
2026-09-04,PER,OOL,388
2026-09-04,PER,ADL,394
2026-09-04,PER,BME,475
2026-09-04,PER,EPR,224
2026-09-04,PER,XCH,783
2026-09-04,PER,MJK,418
2026-09-04,PER,GET,309
2026-09-04,GIG,POA,72
2026-09-04,GIG,MVD,155
2026-09-04,GIG,BSB,98
2026-09-04,GIG,SCL,261
2026-09-04,GIG,REC,168
2026-09-04,GIG,CWB,95
2026-09-04,GIG,BUE,184
2026-09-04,GIG,MCZ,214
2026-09-04,GIG,SAO,98
2026-09-04,SJU,ATL,109
2026-09-04,SJU,PHL,114
2026-09-04,SJU,BOS,130
2026-09-04,SJU,ORL,104
2026-09-04,SJU,WAS,124
2026-09-04,SJU,NYC,127
2026-09-04,SJU,TPA,111
2026-09-04,SJU,BDL,135
2026-09-04,SJU,FLL,102
2026-09-04,SJU,MIA,103
2026-09-04,SJU,SDQ,140
2026-09-04,SJU,PUJ,118
2026-09-04,SJU,STI,343
2026-09-04,SJU,STT,183
