url,page_type,http_status,canonical,canonical_match,meta_robots,x_robots_tag,title,h1,meta_desc,routes_count,word_count,inlinks_count,inlinks_contextual,outlinks_count,click_depth,lastmod,sitemap_priority,hreflang_count,status_classification,status_reason
https://efficiency-life.com/,home,200,https://efficiency-life.com/,True,"index, follow",none,Migliori voli qualità-prezzo | Efficiency Life,Trova i voli con il miglior rapporto qualità-prezzo,Trova i voli con il miglior rapporto qualità-prezzo. Efficiency Life confronta migliaia di voli diretti andata e ritorno e li ordina per valore reale: scopri dove il tuo budget ti porta più lontano.,0,282,1357,1356,74,0,2026-09-14,1.0,37,INDEXABLE_OK,Valido
https://efficiency-life.com/.prev_flight.html,static_file,200,https://efficiency-life.com/flight/,False,"index, follow",none,Trova voli diretti per budget e km/€ | Efficiency Life Flight,,Trova voli diretti per budget e km/€ con Efficiency Life Flight: imposta l'aeroporto di partenza e scopri le migliori offerte ordinate per valore reale.,0,97,0,0,1,-1,,,37,CANONICAL_ERROR,Canonical errato (https://efficiency-life.com/flight/)
https://efficiency-life.com/.prev_home.html,static_file,200,https://efficiency-life.com/,False,"index, follow",none,Migliori voli qualità-prezzo | Efficiency Life,Trova i voli con il miglior rapporto qualità-prezzo,Trova i voli con il miglior rapporto qualità-prezzo. Efficiency Life confronta migliaia di voli diretti andata e ritorno e li ordina per valore reale: scopri dove il tuo budget ti porta più lontano.,0,282,0,0,74,-1,,,37,CANONICAL_ERROR,Canonical errato (https://efficiency-life.com/)
https://efficiency-life.com/aeroporti/,directory_index,200,https://efficiency-life.com/aeroporti/,True,"index, follow",none,Directory Aeroporti — Tutti i 650 aeroporti per continente e paese,Directory Aeroporti,Indice completo di tutti i 650 aeroporti di partenza in 146 paesi. Voli diretti andata e ritorno ordinati per chilometri per euro.,0,187,660,659,10,1,2026-09-14,0.8,3,INDEXABLE_OK,Valido
https://efficiency-life.com/aeroporti/africa/,continent_directory,200,https://efficiency-life.com/aeroporti/africa/,True,"index, follow",none,Aeroporti in Africa — Voli diretti e migliori destinazioni,Aeroporti in Africa — Voli diretti e migliori destinazioni,Elenco dei 50 aeroporti in Africa con rotte dirette andata e ritorno ordinate per chilometri per euro.,0,587,54,53,54,1,2026-09-14,0.8,3,INDEXABLE_OK,Valido
https://efficiency-life.com/aeroporti/america-latina/,continent_directory,200,https://efficiency-life.com/aeroporti/america-latina/,True,"index, follow",none,Aeroporti in America Latina e Caraibi — Voli diretti e migliori destinazioni,Aeroporti in America Latina e Caraibi — Voli diretti e migliori destinazioni,Elenco dei 51 aeroporti in America Latina e Caraibi con rotte dirette andata e ritorno ordinate per chilometri per euro.,0,642,55,54,55,1,2026-09-14,0.8,3,INDEXABLE_OK,Valido
https://efficiency-life.com/aeroporti/asia/,continent_directory,200,https://efficiency-life.com/aeroporti/asia/,True,"index, follow",none,Aeroporti in Asia — Voli diretti e migliori destinazioni,Aeroporti in Asia — Voli diretti e migliori destinazioni,Elenco dei 140 aeroporti in Asia con rotte dirette andata e ritorno ordinate per chilometri per euro.,0,1394,144,143,144,1,2026-09-14,0.8,3,INDEXABLE_OK,Valido
https://efficiency-life.com/aeroporti/europa/,continent_directory,200,https://efficiency-life.com/aeroporti/europa/,True,"index, follow",none,Aeroporti in Europa — Voli diretti e migliori destinazioni,Aeroporti in Europa — Voli diretti e migliori destinazioni,Elenco dei 271 aeroporti in Europa con rotte dirette andata e ritorno ordinate per chilometri per euro.,0,2585,275,274,275,1,2026-09-14,0.8,3,INDEXABLE_OK,Valido
https://efficiency-life.com/aeroporti/medio-oriente/,continent_directory,200,https://efficiency-life.com/aeroporti/medio-oriente/,True,"index, follow",none,Aeroporti in Medio Oriente — Voli diretti e migliori destinazioni,Aeroporti in Medio Oriente — Voli diretti e migliori destinazioni,Elenco dei 21 aeroporti in Medio Oriente con rotte dirette andata e ritorno ordinate per chilometri per euro.,0,280,25,24,25,1,2026-09-14,0.8,3,INDEXABLE_OK,Valido
https://efficiency-life.com/aeroporti/nord-america/,continent_directory,200,https://efficiency-life.com/aeroporti/nord-america/,True,"index, follow",none,Aeroporti in Nord America — Voli diretti e migliori destinazioni,Aeroporti in Nord America — Voli diretti e migliori destinazioni,Elenco dei 106 aeroporti in Nord America con rotte dirette andata e ritorno ordinate per chilometri per euro.,0,1121,110,109,110,1,2026-09-14,0.8,3,INDEXABLE_OK,Valido
https://efficiency-life.com/aeroporti/oceania/,continent_directory,200,https://efficiency-life.com/aeroporti/oceania/,True,"index, follow",none,Aeroporti in Oceania — Voli diretti e migliori destinazioni,Aeroporti in Oceania — Voli diretti e migliori destinazioni,Elenco dei 11 aeroporti in Oceania con rotte dirette andata e ritorno ordinate per chilometri per euro.,0,163,15,14,15,1,2026-09-14,0.8,3,INDEXABLE_OK,Valido
https://efficiency-life.com/airports/,directory_index,200,https://efficiency-life.com/airports/,True,"index, follow",none,Airport Directory — All 650 departure airports by continent and country,Airport Directory,Indice completo di tutti i 650 aeroporti di partenza in 146 paesi. Voli diretti andata e ritorno ordinati per chilometri per euro.,0,186,660,659,10,1,2026-09-14,0.8,3,INDEXABLE_OK,Valido
https://efficiency-life.com/airports/africa/,continent_directory,200,https://efficiency-life.com/airports/africa/,True,"index, follow",none,Airports in Africa — Non-stop flights and best destinations,Airports in Africa — Non-stop flights and best destinations,Elenco dei 50 aeroporti in Africa con rotte dirette andata e ritorno ordinate per chilometri per euro.,0,585,54,53,54,1,2026-09-14,0.8,3,INDEXABLE_OK,Valido
https://efficiency-life.com/airports/asia/,continent_directory,200,https://efficiency-life.com/airports/asia/,True,"index, follow",none,Airports in Asia — Non-stop flights and best destinations,Airports in Asia — Non-stop flights and best destinations,Elenco dei 140 aeroporti in Asia con rotte dirette andata e ritorno ordinate per chilometri per euro.,0,1392,144,143,144,1,2026-09-14,0.8,3,INDEXABLE_OK,Valido
https://efficiency-life.com/airports/europe/,continent_directory,200,https://efficiency-life.com/airports/europe/,True,"index, follow",none,Airports in Europe — Non-stop flights and best destinations,Airports in Europe — Non-stop flights and best destinations,Elenco dei 271 aeroporti in Europe con rotte dirette andata e ritorno ordinate per chilometri per euro.,0,2577,275,274,275,1,2026-09-14,0.8,3,INDEXABLE_OK,Valido
https://efficiency-life.com/airports/latin-america/,continent_directory,200,https://efficiency-life.com/airports/latin-america/,True,"index, follow",none,Airports in Latin America & Caribbean — Non-stop flights and best destinations,Airports in Latin America & Caribbean — Non-stop flights and best destinations,Elenco dei 51 aeroporti in Latin America & Caribbean con rotte dirette andata e ritorno ordinate per chilometri per euro.,0,641,55,54,55,1,2026-09-14,0.8,3,INDEXABLE_OK,Valido
https://efficiency-life.com/airports/middle-east/,continent_directory,200,https://efficiency-life.com/airports/middle-east/,True,"index, follow",none,Airports in Middle East — Non-stop flights and best destinations,Airports in Middle East — Non-stop flights and best destinations,Elenco dei 21 aeroporti in Middle East con rotte dirette andata e ritorno ordinate per chilometri per euro.,0,279,25,24,25,1,2026-09-14,0.8,3,INDEXABLE_OK,Valido
https://efficiency-life.com/airports/north-america/,continent_directory,200,https://efficiency-life.com/airports/north-america/,True,"index, follow",none,Airports in North America — Non-stop flights and best destinations,Airports in North America — Non-stop flights and best destinations,Elenco dei 106 aeroporti in North America con rotte dirette andata e ritorno ordinate per chilometri per euro.,0,1120,110,109,110,1,2026-09-14,0.8,3,INDEXABLE_OK,Valido
https://efficiency-life.com/airports/oceania/,continent_directory,200,https://efficiency-life.com/airports/oceania/,True,"index, follow",none,Airports in Oceania — Non-stop flights and best destinations,Airports in Oceania — Non-stop flights and best destinations,Elenco dei 11 aeroporti in Oceania con rotte dirette andata e ritorno ordinate per chilometri per euro.,0,162,15,14,15,1,2026-09-14,0.8,3,INDEXABLE_OK,Valido
https://efficiency-life.com/da/aba/,airport_it,200,https://efficiency-life.com/da/aba/,True,"index, follow",none,"Migliori voli da Abakan Airport, Abakan Airport per rapporto qualità-prezzo | ABA","I voli da Abakan Airport, Abakan Airport con il miglior rapporto qualità-prezzo","Le 10 migliori destinazioni da Abakan Airport, Abakan Airport: voli diretti ordinati per rapporto qualità-prezzo e chilometri per euro, non solo per prezzo. Tariffe reali rilevate il 2026-09-14.",10,396,15,14,17,2,2026-09-14,0.7,3,INDEXABLE_OK,Valido
https://efficiency-life.com/da/abj/,airport_it,200,https://efficiency-life.com/da/abj/,True,"index, follow",none,"Migliori voli da Port Bouet Airport, Abidjan per rapporto qualità-prezzo | ABJ","I voli da Port Bouet Airport, Abidjan con il miglior rapporto qualità-prezzo","Le 17 migliori destinazioni da Port Bouet Airport, Abidjan: voli diretti ordinati per rapporto qualità-prezzo e chilometri per euro, non solo per prezzo. Tariffe reali rilevate il 2026-09-14.",17,411,16,15,17,2,2026-09-14,0.7,3,INDEXABLE_OK,Valido
https://efficiency-life.com/da/abv/,airport_it,200,https://efficiency-life.com/da/abv/,True,"index, follow",none,"Migliori voli da Nnamdi Azikiwe Intl, Abuja per rapporto qualità-prezzo | ABV","I voli da Nnamdi Azikiwe Intl, Abuja con il miglior rapporto qualità-prezzo","Le 12 migliori destinazioni da Nnamdi Azikiwe Intl, Abuja: voli diretti ordinati per rapporto qualità-prezzo e chilometri per euro, non solo per prezzo. Tariffe reali rilevate il 2026-09-14.",12,421,17,16,17,2,2026-09-14,0.7,3,INDEXABLE_OK,Valido
https://efficiency-life.com/da/abz/,airport_it,200,https://efficiency-life.com/da/abz/,True,"index, follow",none,"Migliori voli da Aberdeen Dyce Airport, Aberdeen per rapporto qualità-prezzo | ABZ","I voli da Aberdeen Dyce Airport, Aberdeen con il miglior rapporto qualità-prezzo","Le 6 migliori destinazioni da Aberdeen Dyce Airport, Aberdeen: voli diretti ordinati per rapporto qualità-prezzo e chilometri per euro, non solo per prezzo. Tariffe reali rilevate il 2026-09-14.",6,339,9,8,18,2,2026-09-14,0.7,3,INDEXABLE_OK,Valido
https://efficiency-life.com/da/acc/,airport_it,200,https://efficiency-life.com/da/acc/,True,"index, follow",none,"Migliori voli da Kotoka Intl, Accra per rapporto qualità-prezzo | ACC","I voli da Kotoka Intl, Accra con il miglior rapporto qualità-prezzo","Le 22 migliori destinazioni da Kotoka Intl, Accra: voli diretti ordinati per rapporto qualità-prezzo e chilometri per euro, non solo per prezzo. Tariffe reali rilevate il 2026-09-14.",22,413,15,14,17,2,2026-09-14,0.7,3,INDEXABLE_OK,Valido
https://efficiency-life.com/da/ace/,airport_it,200,https://efficiency-life.com/da/ace/,True,"index, follow",none,"Migliori voli da Lanzarote Airport, Lanzarote Island per rapporto qualità-prezzo | ACE","I voli da Lanzarote Airport, Lanzarote Island con il miglior rapporto qualità-prezzo","Le 7 migliori destinazioni da Lanzarote Airport, Lanzarote Island: voli diretti ordinati per rapporto qualità-prezzo e chilometri per euro, non solo per prezzo. Tariffe reali rilevate il 2026-09-14.",7,350,7,6,17,2,2026-09-14,0.7,3,INDEXABLE_OK,Valido
https://efficiency-life.com/da/adb/,airport_it,200,https://efficiency-life.com/da/adb/,True,"index, follow",none,"Migliori voli da Adnan Menderes Intl, Izmir per rapporto qualità-prezzo | ADB","I voli da Adnan Menderes Intl, Izmir con il miglior rapporto qualità-prezzo","Le 48 migliori destinazioni da Adnan Menderes Intl, Izmir: voli diretti ordinati per rapporto qualità-prezzo e chilometri per euro, non solo per prezzo. Tariffe reali rilevate il 2026-09-14.",48,435,20,19,17,2,2026-09-14,0.7,3,INDEXABLE_OK,Valido
https://efficiency-life.com/da/add/,airport_it,200,https://efficiency-life.com/da/add/,True,"index, follow",none,"Migliori voli da Bole Intl, Addis Ababa per rapporto qualità-prezzo | ADD","I voli da Bole Intl, Addis Ababa con il miglior rapporto qualità-prezzo","Le 38 migliori destinazioni da Bole Intl, Addis Ababa: voli diretti ordinati per rapporto qualità-prezzo e chilometri per euro, non solo per prezzo. Tariffe reali rilevate il 2026-09-14.",38,430,13,12,17,2,2026-09-14,0.7,3,INDEXABLE_OK,Valido
https://efficiency-life.com/da/adl/,airport_it,200,https://efficiency-life.com/da/adl/,True,"index, follow",none,"Migliori voli da Adelaide Intl, Adelaide per rapporto qualità-prezzo | ADL","I voli da Adelaide Intl, Adelaide con il miglior rapporto qualità-prezzo","Le 14 migliori destinazioni da Adelaide Intl, Adelaide: voli diretti ordinati per rapporto qualità-prezzo e chilometri per euro, non solo per prezzo. Tariffe reali rilevate il 2026-09-14.",14,411,12,11,17,2,2026-09-14,0.7,3,INDEXABLE_OK,Valido
https://efficiency-life.com/da/aep/,airport_it,200,https://efficiency-life.com/da/aep/,True,"index, follow",none,"Migliori voli da Jorge Newbery Airpark, Buenos Aires per rapporto qualità-prezzo | AEP","I voli da Jorge Newbery Airpark, Buenos Aires con il miglior rapporto qualità-prezzo","Le 39 migliori destinazioni da Jorge Newbery Airpark, Buenos Aires: voli diretti ordinati per rapporto qualità-prezzo e chilometri per euro, non solo per prezzo. Tariffe reali rilevate il 2026-09-14.",39,444,7,6,17,2,2026-09-14,0.7,3,INDEXABLE_OK,Valido
https://efficiency-life.com/da/aer/,airport_it,200,https://efficiency-life.com/da/aer/,True,"index, follow",none,"Migliori voli da Sochi Intl, Sochi per rapporto qualità-prezzo | AER","I voli da Sochi Intl, Sochi con il miglior rapporto qualità-prezzo","Le 62 migliori destinazioni da Sochi Intl, Sochi: voli diretti ordinati per rapporto qualità-prezzo e chilometri per euro, non solo per prezzo. Tariffe reali rilevate il 2026-09-14.",62,436,16,15,17,2,2026-09-14,0.7,3,INDEXABLE_OK,Valido
https://efficiency-life.com/da/aga/,airport_it,200,https://efficiency-life.com/da/aga/,True,"index, follow",none,"Migliori voli da Al Massira Airport, Agadir per rapporto qualità-prezzo | AGA","I voli da Al Massira Airport, Agadir con il miglior rapporto qualità-prezzo","Le 14 migliori destinazioni da Al Massira Airport, Agadir: voli diretti ordinati per rapporto qualità-prezzo e chilometri per euro, non solo per prezzo. Tariffe reali rilevate il 2026-09-14.",14,422,17,16,17,2,2026-09-14,0.7,3,INDEXABLE_OK,Valido
https://efficiency-life.com/da/agp/,airport_it,200,https://efficiency-life.com/da/agp/,True,"index, follow",none,"Migliori voli da Malaga Airport, Malaga per rapporto qualità-prezzo | AGP","I voli da Malaga Airport, Malaga con il miglior rapporto qualità-prezzo","Le 98 migliori destinazioni da Malaga Airport, Malaga: voli diretti ordinati per rapporto qualità-prezzo e chilometri per euro, non solo per prezzo. Tariffe reali rilevate il 2026-09-14.",98,421,19,18,17,2,2026-09-14,0.7,3,INDEXABLE_OK,Valido
https://efficiency-life.com/da/ahb/,airport_it,200,https://efficiency-life.com/da/ahb/,True,"index, follow",none,"Migliori voli da Abha Regional Airport, Abha per rapporto qualità-prezzo | AHB","I voli da Abha Regional Airport, Abha con il miglior rapporto qualità-prezzo","Le 7 migliori destinazioni da Abha Regional Airport, Abha: voli diretti ordinati per rapporto qualità-prezzo e chilometri per euro, non solo per prezzo. Tariffe reali rilevate il 2026-09-14.",7,354,8,7,17,2,2026-09-14,0.7,3,INDEXABLE_OK,Valido
https://efficiency-life.com/da/aho/,airport_it,200,https://efficiency-life.com/da/aho/,True,"index, follow",none,"Migliori voli da Alghero / Fertilia Airport, Alghero per rapporto qualità-prezzo | AHO","I voli da Alghero / Fertilia Airport, Alghero con il miglior rapporto qualità-prezzo","Le 8 migliori destinazioni da Alghero / Fertilia Airport, Alghero: voli diretti ordinati per rapporto qualità-prezzo e chilometri per euro, non solo per prezzo. Tariffe reali rilevate il 2026-09-14.",8,361,6,5,17,2,2026-09-14,0.7,3,INDEXABLE_OK,Valido
https://efficiency-life.com/da/akl/,airport_it,200,https://efficiency-life.com/da/akl/,True,"index, follow",none,"Migliori voli da Auckland Intl, Auckland per rapporto qualità-prezzo | AKL","I voli da Auckland Intl, Auckland con il miglior rapporto qualità-prezzo","Le 38 migliori destinazioni da Auckland Intl, Auckland: voli diretti ordinati per rapporto qualità-prezzo e chilometri per euro, non solo per prezzo. Tariffe reali rilevate il 2026-09-14.",38,421,12,11,17,2,2026-09-14,0.7,3,INDEXABLE_OK,Valido
https://efficiency-life.com/da/akx/,airport_it,200,https://efficiency-life.com/da/akx/,True,"index, follow",none,"Migliori voli da Aktobe Airport, Aktobe Airport per rapporto qualità-prezzo | AKX","I voli da Aktobe Airport, Aktobe Airport con il miglior rapporto qualità-prezzo","Le 11 migliori destinazioni da Aktobe Airport, Aktobe Airport: voli diretti ordinati per rapporto qualità-prezzo e chilometri per euro, non solo per prezzo. Tariffe reali rilevate il 2026-09-14.",11,409,12,11,17,2,2026-09-14,0.7,3,INDEXABLE_OK,Valido
https://efficiency-life.com/da/ala/,airport_it,200,https://efficiency-life.com/da/ala/,True,"index, follow",none,"Migliori voli da Almaty Intl, Almaty per rapporto qualità-prezzo | ALA","I voli da Almaty Intl, Almaty con il miglior rapporto qualità-prezzo","Le 82 migliori destinazioni da Almaty Intl, Almaty: voli diretti ordinati per rapporto qualità-prezzo e chilometri per euro, non solo per prezzo. Tariffe reali rilevate il 2026-09-14.",82,431,16,15,18,2,2026-09-14,0.7,3,INDEXABLE_OK,Valido
https://efficiency-life.com/da/alc/,airport_it,200,https://efficiency-life.com/da/alc/,True,"index, follow",none,"Migliori voli da Alicante Intl, Alicante per rapporto qualità-prezzo | ALC","I voli da Alicante Intl, Alicante con il miglior rapporto qualità-prezzo","Le 86 migliori destinazioni da Alicante Intl, Alicante: voli diretti ordinati per rapporto qualità-prezzo e chilometri per euro, non solo per prezzo. Tariffe reali rilevate il 2026-09-14.",86,425,22,21,17,2,2026-09-14,0.7,3,INDEXABLE_OK,Valido
https://efficiency-life.com/da/alg/,airport_it,200,https://efficiency-life.com/da/alg/,True,"index, follow",none,"Migliori voli da Houari Boumediene Airport, Algiers per rapporto qualità-prezzo | ALG","I voli da Houari Boumediene Airport, Algiers con il miglior rapporto qualità-prezzo","Le 35 migliori destinazioni da Houari Boumediene Airport, Algiers: voli diretti ordinati per rapporto qualità-prezzo e chilometri per euro, non solo per prezzo. Tariffe reali rilevate il 2026-09-14.",35,425,17,16,17,2,2026-09-14,0.7,3,INDEXABLE_OK,Valido
https://efficiency-life.com/da/amd/,airport_it,200,https://efficiency-life.com/da/amd/,True,"index, follow",none,"Migliori voli da Sardar Vallabhbhai Patel Intl, Ahmedabad per rapporto qualità-prezzo | AMD","I voli da Sardar Vallabhbhai Patel Intl, Ahmedabad con il miglior rapporto qualità-prezzo","Le 13 migliori destinazioni da Sardar Vallabhbhai Patel Intl, Ahmedabad: voli diretti ordinati per rapporto qualità-prezzo e chilometri per euro, non solo per prezzo. Tariffe reali rilevate il 2026-09-14.",13,427,20,19,18,2,2026-09-14,0.7,3,INDEXABLE_OK,Valido
https://efficiency-life.com/da/amm/,airport_it,200,https://efficiency-life.com/da/amm/,True,"index, follow",none,"Migliori voli da Queen Alia Intl, Amman per rapporto qualità-prezzo | AMM","I voli da Queen Alia Intl, Amman con il miglior rapporto qualità-prezzo","Le 47 migliori destinazioni da Queen Alia Intl, Amman: voli diretti ordinati per rapporto qualità-prezzo e chilometri per euro, non solo per prezzo. Tariffe reali rilevate il 2026-09-14.",47,429,9,8,17,2,2026-09-14,0.7,3,INDEXABLE_OK,Valido
https://efficiency-life.com/da/ams/,airport_it,200,https://efficiency-life.com/da/ams/,True,"index, follow",none,"Migliori voli da Amsterdam Airport Schiphol, Amsterdam per rapporto qualità-prezzo | AMS","I voli da Amsterdam Airport Schiphol, Amsterdam con il miglior rapporto qualità-prezzo","Le 202 migliori destinazioni da Amsterdam Airport Schiphol, Amsterdam: voli diretti ordinati per rapporto qualità-prezzo e chilometri per euro, non solo per prezzo. Tariffe reali rilevate il 2026-09-14.",202,429,15,13,17,1,2026-09-14,0.7,3,INDEXABLE_OK,Valido
https://efficiency-life.com/da/anc/,airport_it,200,https://efficiency-life.com/da/anc/,True,"index, follow",none,"Migliori voli da Ted Stevens Anchorage Intl, Anchorage per rapporto qualità-prezzo | ANC","I voli da Ted Stevens Anchorage Intl, Anchorage con il miglior rapporto qualità-prezzo","Le 7 migliori destinazioni da Ted Stevens Anchorage Intl, Anchorage: voli diretti ordinati per rapporto qualità-prezzo e chilometri per euro, non solo per prezzo. Tariffe reali rilevate il 2026-09-14.",7,366,6,5,17,2,2026-09-14,0.7,3,INDEXABLE_OK,Valido
https://efficiency-life.com/da/arh/,airport_it,200,https://efficiency-life.com/da/arh/,True,"index, follow",none,"Migliori voli da Talagi Airport, Talagi Airport per rapporto qualità-prezzo | ARH","I voli da Talagi Airport, Talagi Airport con il miglior rapporto qualità-prezzo","Le 8 migliori destinazioni da Talagi Airport, Talagi Airport: voli diretti ordinati per rapporto qualità-prezzo e chilometri per euro, non solo per prezzo. Tariffe reali rilevate il 2026-09-14.",8,370,9,8,17,2,2026-09-14,0.7,3,INDEXABLE_OK,Valido
https://efficiency-life.com/da/arn/,airport_it,200,https://efficiency-life.com/da/arn/,True,"index, follow",none,"Migliori voli da Stockholm-Arlanda Airport, Stoccolma per rapporto qualità-prezzo | ARN","I voli da Stockholm-Arlanda Airport, Stoccolma con il miglior rapporto qualità-prezzo","Le 102 migliori destinazioni da Stockholm-Arlanda Airport, Stoccolma: voli diretti ordinati per rapporto qualità-prezzo e chilometri per euro, non solo per prezzo. Tariffe reali rilevate il 2026-09-14.",102,424,12,11,17,2,2026-09-14,0.7,3,INDEXABLE_OK,Valido
https://efficiency-life.com/da/asb/,airport_it,200,https://efficiency-life.com/da/asb/,True,"index, follow",none,"Migliori voli da Ashgabat Airport, Ashgabat per rapporto qualità-prezzo | ASB","I voli da Ashgabat Airport, Ashgabat con il miglior rapporto qualità-prezzo","Le 12 migliori destinazioni da Ashgabat Airport, Ashgabat: voli diretti ordinati per rapporto qualità-prezzo e chilometri per euro, non solo per prezzo. Tariffe reali rilevate il 2026-09-14.",12,418,8,7,17,2,2026-09-14,0.7,3,INDEXABLE_OK,Valido
https://efficiency-life.com/da/asf/,airport_it,200,https://efficiency-life.com/da/asf/,True,"index, follow",none,"Migliori voli da Astrakhan Airport, Astrakhan Airport per rapporto qualità-prezzo | ASF","I voli da Astrakhan Airport, Astrakhan Airport con il miglior rapporto qualità-prezzo","Le 10 migliori destinazioni da Astrakhan Airport, Astrakhan Airport: voli diretti ordinati per rapporto qualità-prezzo e chilometri per euro, non solo per prezzo. Tariffe reali rilevate il 2026-09-14.",10,400,12,11,17,2,2026-09-14,0.7,3,INDEXABLE_OK,Valido
https://efficiency-life.com/da/asu/,airport_it,200,https://efficiency-life.com/da/asu/,True,"index, follow",none,"Migliori voli da Silvio Pettirossi Intl, Asuncion per rapporto qualità-prezzo | ASU","I voli da Silvio Pettirossi Intl, Asuncion con il miglior rapporto qualità-prezzo","Le 8 migliori destinazioni da Silvio Pettirossi Intl, Asuncion: voli diretti ordinati per rapporto qualità-prezzo e chilometri per euro, non solo per prezzo. Tariffe reali rilevate il 2026-09-14.",8,364,9,8,17,2,2026-09-14,0.7,3,INDEXABLE_OK,Valido
https://efficiency-life.com/da/ath/,airport_it,200,https://efficiency-life.com/da/ath/,True,"index, follow",none,"Migliori voli da Eleftherios Venizelos Intl, Atene per rapporto qualità-prezzo | ATH","I voli da Eleftherios Venizelos Intl, Atene con il miglior rapporto qualità-prezzo","Le 99 migliori destinazioni da Eleftherios Venizelos Intl, Atene: voli diretti ordinati per rapporto qualità-prezzo e chilometri per euro, non solo per prezzo. Tariffe reali rilevate il 2026-09-14.",99,425,9,8,17,2,2026-09-14,0.7,3,INDEXABLE_OK,Valido
https://efficiency-life.com/da/atl/,airport_it,200,https://efficiency-life.com/da/atl/,True,"index, follow",none,"Migliori voli da Hartsfield/Jackson Atlanta Intl, Atlanta per rapporto qualità-prezzo | ATL","I voli da Hartsfield/Jackson Atlanta Intl, Atlanta con il miglior rapporto qualità-prezzo","Le 58 migliori destinazioni da Hartsfield/Jackson Atlanta Intl, Atlanta: voli diretti ordinati per rapporto qualità-prezzo e chilometri per euro, non solo per prezzo. Tariffe reali rilevate il 2026-09-14.",58,443,21,20,17,2,2026-09-14,0.7,3,INDEXABLE_OK,Valido
https://efficiency-life.com/da/aua/,airport_it,200,https://efficiency-life.com/da/aua/,True,"index, follow",none,"Migliori voli da Queen Beatrix Intl, Oranjestad per rapporto qualità-prezzo | AUA","I voli da Queen Beatrix Intl, Oranjestad con il miglior rapporto qualità-prezzo","Le 8 migliori destinazioni da Queen Beatrix Intl, Oranjestad: voli diretti ordinati per rapporto qualità-prezzo e chilometri per euro, non solo per prezzo. Tariffe reali rilevate il 2026-09-14.",8,372,20,19,17,2,2026-09-14,0.7,3,INDEXABLE_OK,Valido
https://efficiency-life.com/da/auh/,airport_it,200,https://efficiency-life.com/da/auh/,True,"index, follow",none,"Migliori voli da Abu Dhabi Intl, Abu Dhabi per rapporto qualità-prezzo | AUH","I voli da Abu Dhabi Intl, Abu Dhabi con il miglior rapporto qualità-prezzo","Le 103 migliori destinazioni da Abu Dhabi Intl, Abu Dhabi: voli diretti ordinati per rapporto qualità-prezzo e chilometri per euro, non solo per prezzo. Tariffe reali rilevate il 2026-09-14.",103,432,14,13,17,2,2026-09-14,0.7,3,INDEXABLE_OK,Valido
https://efficiency-life.com/da/aus/,airport_it,200,https://efficiency-life.com/da/aus/,True,"index, follow",none,"Migliori voli da Austin-Bergstrom Intl, Austin per rapporto qualità-prezzo | AUS","I voli da Austin-Bergstrom Intl, Austin con il miglior rapporto qualità-prezzo","Le 39 migliori destinazioni da Austin-Bergstrom Intl, Austin: voli diretti ordinati per rapporto qualità-prezzo e chilometri per euro, non solo per prezzo. Tariffe reali rilevate il 2026-09-14.",39,433,14,13,17,2,2026-09-14,0.7,3,INDEXABLE_OK,Valido
https://efficiency-life.com/da/ayt/,airport_it,200,https://efficiency-life.com/da/ayt/,True,"index, follow",none,"Migliori voli da Antalya Intl, Antalya per rapporto qualità-prezzo | AYT","I voli da Antalya Intl, Antalya con il miglior rapporto qualità-prezzo","Le 112 migliori destinazioni da Antalya Intl, Antalya: voli diretti ordinati per rapporto qualità-prezzo e chilometri per euro, non solo per prezzo. Tariffe reali rilevate il 2026-09-14.",112,431,19,18,17,2,2026-09-14,0.7,3,INDEXABLE_OK,Valido
https://efficiency-life.com/da/bah/,airport_it,200,https://efficiency-life.com/da/bah/,True,"index, follow",none,"Migliori voli da Bahrain Intl, Manama per rapporto qualità-prezzo | BAH","I voli da Bahrain Intl, Manama con il miglior rapporto qualità-prezzo","Le 43 migliori destinazioni da Bahrain Intl, Manama: voli diretti ordinati per rapporto qualità-prezzo e chilometri per euro, non solo per prezzo. Tariffe reali rilevate il 2026-09-14.",43,417,18,17,17,2,2026-09-14,0.7,3,INDEXABLE_OK,Valido
https://efficiency-life.com/da/bax/,airport_it,200,https://efficiency-life.com/da/bax/,True,"index, follow",none,"Migliori voli da Barnaul Airport, Barnaul Airport per rapporto qualità-prezzo | BAX","I voli da Barnaul Airport, Barnaul Airport con il miglior rapporto qualità-prezzo","Le 15 migliori destinazioni da Barnaul Airport, Barnaul Airport: voli diretti ordinati per rapporto qualità-prezzo e chilometri per euro, non solo per prezzo. Tariffe reali rilevate il 2026-09-14.",15,430,12,11,17,2,2026-09-14,0.7,3,INDEXABLE_OK,Valido
https://efficiency-life.com/da/bbu/,airport_it,200,https://efficiency-life.com/da/bbu/,True,"index, follow",none,"Migliori voli da Baneasa, Baneasa per rapporto qualità-prezzo | BBU","I voli da Baneasa, Baneasa con il miglior rapporto qualità-prezzo","Le 11 migliori destinazioni da Baneasa, Baneasa: voli diretti ordinati per rapporto qualità-prezzo e chilometri per euro, non solo per prezzo. Tariffe reali rilevate il 2026-09-14.",11,406,12,11,17,2,2026-09-14,0.7,3,INDEXABLE_OK,Valido
https://efficiency-life.com/da/bcn/,airport_it,200,https://efficiency-life.com/da/bcn/,True,"index, follow",none,"Migliori voli da Barcelona Intl, Barcellona per rapporto qualità-prezzo | BCN","I voli da Barcelona Intl, Barcellona con il miglior rapporto qualità-prezzo","Le 158 migliori destinazioni da Barcelona Intl, Barcellona: voli diretti ordinati per rapporto qualità-prezzo e chilometri per euro, non solo per prezzo. Tariffe reali rilevate il 2026-09-14.",158,427,19,17,17,1,2026-09-14,0.7,3,INDEXABLE_OK,Valido
https://efficiency-life.com/da/bdl/,airport_it,200,https://efficiency-life.com/da/bdl/,True,"index, follow",none,"Migliori voli da Bradley Intl, Windsor Locks per rapporto qualità-prezzo | BDL","I voli da Bradley Intl, Windsor Locks con il miglior rapporto qualità-prezzo","Le 12 migliori destinazioni da Bradley Intl, Windsor Locks: voli diretti ordinati per rapporto qualità-prezzo e chilometri per euro, non solo per prezzo. Tariffe reali rilevate il 2026-09-14.",12,432,10,9,17,2,2026-09-14,0.7,3,INDEXABLE_OK,Valido
https://efficiency-life.com/da/bds/,airport_it,200,https://efficiency-life.com/da/bds/,True,"index, follow",none,"Migliori voli da Brindisi / Casale Airport, Brindisi per rapporto qualità-prezzo | BDS","I voli da Brindisi / Casale Airport, Brindisi con il miglior rapporto qualità-prezzo","Le 11 migliori destinazioni da Brindisi / Casale Airport, Brindisi: voli diretti ordinati per rapporto qualità-prezzo e chilometri per euro, non solo per prezzo. Tariffe reali rilevate il 2026-09-14.",11,409,17,16,17,2,2026-09-14,0.7,3,INDEXABLE_OK,Valido
https://efficiency-life.com/da/beg/,airport_it,200,https://efficiency-life.com/da/beg/,True,"index, follow",none,"Migliori voli da Belgrade Nikola Tesla Airport, Belgrad per rapporto qualità-prezzo | BEG","I voli da Belgrade Nikola Tesla Airport, Belgrad con il miglior rapporto qualità-prezzo","Le 90 migliori destinazioni da Belgrade Nikola Tesla Airport, Belgrad: voli diretti ordinati per rapporto qualità-prezzo e chilometri per euro, non solo per prezzo. Tariffe reali rilevate il 2026-09-14.",90,429,16,15,17,2,2026-09-14,0.7,3,INDEXABLE_OK,Valido
https://efficiency-life.com/da/bel/,airport_it,200,https://efficiency-life.com/da/bel/,True,"index, follow",none,"Migliori voli da Val de Cans/Julio Cezar Ribeiro Intl, Belem per rapporto qualità-prezzo | BEL","I voli da Val de Cans/Julio Cezar Ribeiro Intl, Belem con il miglior rapporto qualità-prezzo","Le 10 migliori destinazioni da Val de Cans/Julio Cezar Ribeiro Intl, Belem: voli diretti ordinati per rapporto qualità-prezzo e chilometri per euro, non solo per prezzo. Tariffe reali rilevate il 2026-09-14.",10,411,9,8,17,2,2026-09-14,0.7,3,INDEXABLE_OK,Valido
https://efficiency-life.com/da/ber/,airport_it,200,https://efficiency-life.com/da/ber/,True,"index, follow",none,"Migliori voli da Berlin Brandenburg Airport, Berlin per rapporto qualità-prezzo | BER","I voli da Berlin Brandenburg Airport, Berlin con il miglior rapporto qualità-prezzo","Le 135 migliori destinazioni da Berlin Brandenburg Airport, Berlin: voli diretti ordinati per rapporto qualità-prezzo e chilometri per euro, non solo per prezzo. Tariffe reali rilevate il 2026-09-14.",135,432,17,16,17,2,2026-09-14,0.7,3,INDEXABLE_OK,Valido
https://efficiency-life.com/da/bey/,airport_it,200,https://efficiency-life.com/da/bey/,True,"index, follow",none,"Migliori voli da Beirut Rafic Hariri Intl, Beirut per rapporto qualità-prezzo | BEY","I voli da Beirut Rafic Hariri Intl, Beirut con il miglior rapporto qualità-prezzo","Le 27 migliori destinazioni da Beirut Rafic Hariri Intl, Beirut: voli diretti ordinati per rapporto qualità-prezzo e chilometri per euro, non solo per prezzo. Tariffe reali rilevate il 2026-09-14.",27,426,10,9,17,2,2026-09-14,0.7,3,INDEXABLE_OK,Valido
https://efficiency-life.com/da/bfs/,airport_it,200,https://efficiency-life.com/da/bfs/,True,"index, follow",none,"Migliori voli da Belfast Intl, Belfast per rapporto qualità-prezzo | BFS","I voli da Belfast Intl, Belfast con il miglior rapporto qualità-prezzo","Le 18 migliori destinazioni da Belfast Intl, Belfast: voli diretti ordinati per rapporto qualità-prezzo e chilometri per euro, non solo per prezzo. Tariffe reali rilevate il 2026-09-14.",18,428,11,10,19,2,2026-09-14,0.7,3,INDEXABLE_OK,Valido
https://efficiency-life.com/da/bgi/,airport_it,200,https://efficiency-life.com/da/bgi/,True,"index, follow",none,"Migliori voli da Sir Grantley Adams Intl, Bridgetown per rapporto qualità-prezzo | BGI","I voli da Sir Grantley Adams Intl, Bridgetown con il miglior rapporto qualità-prezzo","Le 12 migliori destinazioni da Sir Grantley Adams Intl, Bridgetown: voli diretti ordinati per rapporto qualità-prezzo e chilometri per euro, non solo per prezzo. Tariffe reali rilevate il 2026-09-14.",12,435,9,8,17,2,2026-09-14,0.7,3,INDEXABLE_OK,Valido
https://efficiency-life.com/da/bgo/,airport_it,200,https://efficiency-life.com/da/bgo/,True,"index, follow",none,"Migliori voli da Bergen Airport Flesland, Bergen per rapporto qualità-prezzo | BGO","I voli da Bergen Airport Flesland, Bergen con il miglior rapporto qualità-prezzo","Le 19 migliori destinazioni da Bergen Airport Flesland, Bergen: voli diretti ordinati per rapporto qualità-prezzo e chilometri per euro, non solo per prezzo. Tariffe reali rilevate il 2026-09-14.",19,415,8,7,17,2,2026-09-14,0.7,3,INDEXABLE_OK,Valido
https://efficiency-life.com/da/bgw/,airport_it,200,https://efficiency-life.com/da/bgw/,True,"index, follow",none,"Migliori voli da Baghdad Intl, Baghdad per rapporto qualità-prezzo | BGW","I voli da Baghdad Intl, Baghdad con il miglior rapporto qualità-prezzo","Le 6 migliori destinazioni da Baghdad Intl, Baghdad: voli diretti ordinati per rapporto qualità-prezzo e chilometri per euro, non solo per prezzo. Tariffe reali rilevate il 2026-09-14.",6,328,14,13,17,2,2026-09-14,0.7,3,INDEXABLE_OK,Valido
https://efficiency-life.com/da/bgy/,airport_it,200,https://efficiency-life.com/da/bgy/,True,"index, follow",none,"Migliori voli da Orio al Serio, Milano per rapporto qualità-prezzo | BGY","I voli da Orio al Serio, Milano con il miglior rapporto qualità-prezzo","Le 94 migliori destinazioni da Orio al Serio, Milano: voli diretti ordinati per rapporto qualità-prezzo e chilometri per euro, non solo per prezzo. Tariffe reali rilevate il 2026-09-14.",94,426,20,19,17,2,2026-09-14,0.7,3,INDEXABLE_OK,Valido
https://efficiency-life.com/da/bhd/,airport_it,200,https://efficiency-life.com/da/bhd/,True,"index, follow",none,"Migliori voli da George Best Belfast City Airport, George Best Belfast City Airport per rapporto qualità-prezzo | BHD","I voli da George Best Belfast City Airport, George Best Belfast City Airport con il miglior rapporto qualità-prezzo","Le 6 migliori destinazioni da George Best Belfast City Airport, George Best Belfast City Airport: voli diretti ordinati per rapporto qualità-prezzo e chilometri per euro, non solo per prezzo. Tariffe reali rilevate il 2026-09-14.",6,357,12,11,17,2,2026-09-14,0.7,3,INDEXABLE_OK,Valido
https://efficiency-life.com/da/bhk/,airport_it,200,https://efficiency-life.com/da/bhk/,True,"index, follow",none,"Migliori voli da Bukhara Airport, Bukhara per rapporto qualità-prezzo | BHK","I voli da Bukhara Airport, Bukhara con il miglior rapporto qualità-prezzo","Le 9 migliori destinazioni da Bukhara Airport, Bukhara: voli diretti ordinati per rapporto qualità-prezzo e chilometri per euro, non solo per prezzo. Tariffe reali rilevate il 2026-09-14.",9,373,15,14,17,2,2026-09-14,0.7,3,INDEXABLE_OK,Valido
https://efficiency-life.com/da/bhm/,airport_it,200,https://efficiency-life.com/da/bhm/,True,"index, follow",none,"Migliori voli da Birmingham-Shuttlesworth Intl, Birmingham per rapporto qualità-prezzo | BHM","I voli da Birmingham-Shuttlesworth Intl, Birmingham con il miglior rapporto qualità-prezzo","Le 6 migliori destinazioni da Birmingham-Shuttlesworth Intl, Birmingham: voli diretti ordinati per rapporto qualità-prezzo e chilometri per euro, non solo per prezzo. Tariffe reali rilevate il 2026-09-14.",6,335,15,14,17,2,2026-09-14,0.7,3,INDEXABLE_OK,Valido
https://efficiency-life.com/da/bhx/,airport_it,200,https://efficiency-life.com/da/bhx/,True,"index, follow",none,"Migliori voli da Birmingham Intl, Birmingham per rapporto qualità-prezzo | BHX","I voli da Birmingham Intl, Birmingham con il miglior rapporto qualità-prezzo","Le 54 migliori destinazioni da Birmingham Intl, Birmingham: voli diretti ordinati per rapporto qualità-prezzo e chilometri per euro, non solo per prezzo. Tariffe reali rilevate il 2026-09-14.",54,420,22,21,17,2,2026-09-14,0.7,3,INDEXABLE_OK,Valido
https://efficiency-life.com/da/bio/,airport_it,200,https://efficiency-life.com/da/bio/,True,"index, follow",none,"Migliori voli da Bilbao Airport, Bilbao per rapporto qualità-prezzo | BIO","I voli da Bilbao Airport, Bilbao con il miglior rapporto qualità-prezzo","Le 40 migliori destinazioni da Bilbao Airport, Bilbao: voli diretti ordinati per rapporto qualità-prezzo e chilometri per euro, non solo per prezzo. Tariffe reali rilevate il 2026-09-14.",40,426,19,18,17,2,2026-09-14,0.7,3,INDEXABLE_OK,Valido
https://efficiency-life.com/da/bjv/,airport_it,200,https://efficiency-life.com/da/bjv/,True,"index, follow",none,"Migliori voli da Milas Bodrum Intl, Bodrum per rapporto qualità-prezzo | BJV","I voli da Milas Bodrum Intl, Bodrum con il miglior rapporto qualità-prezzo","Le 16 migliori destinazioni da Milas Bodrum Intl, Bodrum: voli diretti ordinati per rapporto qualità-prezzo e chilometri per euro, non solo per prezzo. Tariffe reali rilevate il 2026-09-14.",16,428,19,18,17,2,2026-09-14,0.7,3,INDEXABLE_OK,Valido
https://efficiency-life.com/da/bki/,airport_it,200,https://efficiency-life.com/da/bki/,True,"index, follow",none,"Migliori voli da Kota Kinabalu Intl, Kota Kinabalu per rapporto qualità-prezzo | BKI","I voli da Kota Kinabalu Intl, Kota Kinabalu con il miglior rapporto qualità-prezzo","Le 19 migliori destinazioni da Kota Kinabalu Intl, Kota Kinabalu: voli diretti ordinati per rapporto qualità-prezzo e chilometri per euro, non solo per prezzo. Tariffe reali rilevate il 2026-09-14.",19,437,14,13,17,2,2026-09-14,0.7,3,INDEXABLE_OK,Valido
https://efficiency-life.com/da/bkk/,airport_it,200,https://efficiency-life.com/da/bkk/,True,"index, follow",none,"Migliori voli da Suvarnabhumi Airport, Bangkok per rapporto qualità-prezzo | BKK","I voli da Suvarnabhumi Airport, Bangkok con il miglior rapporto qualità-prezzo","Le 123 migliori destinazioni da Suvarnabhumi Airport, Bangkok: voli diretti ordinati per rapporto qualità-prezzo e chilometri per euro, non solo per prezzo. Tariffe reali rilevate il 2026-09-14.",123,438,15,14,17,2,2026-09-14,0.7,3,INDEXABLE_OK,Valido
https://efficiency-life.com/da/bko/,airport_it,200,https://efficiency-life.com/da/bko/,True,"index, follow",none,"Migliori voli da Senou Airport, Senou per rapporto qualità-prezzo | BKO","I voli da Senou Airport, Senou con il miglior rapporto qualità-prezzo","Le 6 migliori destinazioni da Senou Airport, Senou: voli diretti ordinati per rapporto qualità-prezzo e chilometri per euro, non solo per prezzo. Tariffe reali rilevate il 2026-09-14.",6,322,15,14,17,2,2026-09-14,0.7,3,INDEXABLE_OK,Valido
https://efficiency-life.com/da/bll/,airport_it,200,https://efficiency-life.com/da/bll/,True,"index, follow",none,"Migliori voli da Billund Airport, Billund per rapporto qualità-prezzo | BLL","I voli da Billund Airport, Billund con il miglior rapporto qualità-prezzo","Le 14 migliori destinazioni da Billund Airport, Billund: voli diretti ordinati per rapporto qualità-prezzo e chilometri per euro, non solo per prezzo. Tariffe reali rilevate il 2026-09-14.",14,411,13,12,17,2,2026-09-14,0.7,3,INDEXABLE_OK,Valido
https://efficiency-life.com/da/blq/,airport_it,200,https://efficiency-life.com/da/blq/,True,"index, follow",none,"Migliori voli da Bologna / Borgo Panigale Airport, Bologna per rapporto qualità-prezzo | BLQ","I voli da Bologna / Borgo Panigale Airport, Bologna con il miglior rapporto qualità-prezzo","Le 58 migliori destinazioni da Bologna / Borgo Panigale Airport, Bologna: voli diretti ordinati per rapporto qualità-prezzo e chilometri per euro, non solo per prezzo. Tariffe reali rilevate il 2026-09-14.",58,431,20,19,17,2,2026-09-14,0.7,3,INDEXABLE_OK,Valido
https://efficiency-life.com/da/blr/,airport_it,200,https://efficiency-life.com/da/blr/,True,"index, follow",none,"Migliori voli da Bengaluru Intl, Bangalore per rapporto qualità-prezzo | BLR","I voli da Bengaluru Intl, Bangalore con il miglior rapporto qualità-prezzo","Le 45 migliori destinazioni da Bengaluru Intl, Bangalore: voli diretti ordinati per rapporto qualità-prezzo e chilometri per euro, non solo per prezzo. Tariffe reali rilevate il 2026-09-14.",45,422,19,18,17,2,2026-09-14,0.7,3,INDEXABLE_OK,Valido
https://efficiency-life.com/da/bna/,airport_it,200,https://efficiency-life.com/da/bna/,True,"index, follow",none,"Migliori voli da Nashville Intl, Nashville per rapporto qualità-prezzo | BNA","I voli da Nashville Intl, Nashville con il miglior rapporto qualità-prezzo","Le 38 migliori destinazioni da Nashville Intl, Nashville: voli diretti ordinati per rapporto qualità-prezzo e chilometri per euro, non solo per prezzo. Tariffe reali rilevate il 2026-09-14.",38,430,16,15,17,2,2026-09-14,0.7,3,INDEXABLE_OK,Valido
https://efficiency-life.com/da/bne/,airport_it,200,https://efficiency-life.com/da/bne/,True,"index, follow",none,"Migliori voli da Brisbane Intl, Brisbane per rapporto qualità-prezzo | BNE","I voli da Brisbane Intl, Brisbane con il miglior rapporto qualità-prezzo","Le 37 migliori destinazioni da Brisbane Intl, Brisbane: voli diretti ordinati per rapporto qualità-prezzo e chilometri per euro, non solo per prezzo. Tariffe reali rilevate il 2026-09-14.",37,417,12,11,17,2,2026-09-14,0.7,3,INDEXABLE_OK,Valido
https://efficiency-life.com/da/bod/,airport_it,200,https://efficiency-life.com/da/bod/,True,"index, follow",none,"Migliori voli da Bordeaux-Merignac (BA 106) Airport, Bordeaux/Merignac per rapporto qualità-prezzo | BOD","I voli da Bordeaux-Merignac (BA 106) Airport, Bordeaux/Merignac con il miglior rapporto qualità-prezzo","Le 42 migliori destinazioni da Bordeaux-Merignac (BA 106) Airport, Bordeaux/Merignac: voli diretti ordinati per rapporto qualità-prezzo e chilometri per euro, non solo per prezzo. Tariffe reali rilevate il 2026-09-14.",42,430,11,10,17,2,2026-09-14,0.7,3,INDEXABLE_OK,Valido
https://efficiency-life.com/da/bog/,airport_it,200,https://efficiency-life.com/da/bog/,True,"index, follow",none,"Migliori voli da El Dorado Intl, Bogota per rapporto qualità-prezzo | BOG","I voli da El Dorado Intl, Bogota con il miglior rapporto qualità-prezzo","Le 69 migliori destinazioni da El Dorado Intl, Bogota: voli diretti ordinati per rapporto qualità-prezzo e chilometri per euro, non solo per prezzo. Tariffe reali rilevate il 2026-09-14.",69,427,16,15,17,2,2026-09-14,0.7,3,INDEXABLE_OK,Valido
https://efficiency-life.com/da/boi/,airport_it,200,https://efficiency-life.com/da/boi/,True,"index, follow",none,"Migliori voli da Boise Air Trml/Gowen Field, Boise per rapporto qualità-prezzo | BOI","I voli da Boise Air Trml/Gowen Field, Boise con il miglior rapporto qualità-prezzo","Le 7 migliori destinazioni da Boise Air Trml/Gowen Field, Boise: voli diretti ordinati per rapporto qualità-prezzo e chilometri per euro, non solo per prezzo. Tariffe reali rilevate il 2026-09-14.",7,364,14,13,17,2,2026-09-14,0.7,3,INDEXABLE_OK,Valido
https://efficiency-life.com/da/boj/,airport_it,200,https://efficiency-life.com/da/boj/,True,"index, follow",none,"Migliori voli da Burgas Airport, Burgas per rapporto qualità-prezzo | BOJ","I voli da Burgas Airport, Burgas con il miglior rapporto qualità-prezzo","Le 14 migliori destinazioni da Burgas Airport, Burgas: voli diretti ordinati per rapporto qualità-prezzo e chilometri per euro, non solo per prezzo. Tariffe reali rilevate il 2026-09-14.",14,413,11,10,17,2,2026-09-14,0.7,3,INDEXABLE_OK,Valido
https://efficiency-life.com/da/bom/,airport_it,200,https://efficiency-life.com/da/bom/,True,"index, follow",none,"Migliori voli da Chhatrapati Shivaji Intl, Mumbai per rapporto qualità-prezzo | BOM","I voli da Chhatrapati Shivaji Intl, Mumbai con il miglior rapporto qualità-prezzo","Le 73 migliori destinazioni da Chhatrapati Shivaji Intl, Mumbai: voli diretti ordinati per rapporto qualità-prezzo e chilometri per euro, non solo per prezzo. Tariffe reali rilevate il 2026-09-14.",73,425,20,19,18,2,2026-09-14,0.7,3,INDEXABLE_OK,Valido
https://efficiency-life.com/da/bos/,airport_it,200,https://efficiency-life.com/da/bos/,True,"index, follow",none,"Migliori voli da General Edward Lawrence Logan Intl, Boston per rapporto qualità-prezzo | BOS","I voli da General Edward Lawrence Logan Intl, Boston con il miglior rapporto qualità-prezzo","Le 75 migliori destinazioni da General Edward Lawrence Logan Intl, Boston: voli diretti ordinati per rapporto qualità-prezzo e chilometri per euro, non solo per prezzo. Tariffe reali rilevate il 2026-09-14.",75,448,10,9,17,2,2026-09-14,0.7,3,INDEXABLE_OK,Valido
https://efficiency-life.com/da/bqs/,airport_it,200,https://efficiency-life.com/da/bqs/,True,"index, follow",none,"Migliori voli da Blagoveschensk Airport, Blagoveschensk Airport per rapporto qualità-prezzo | BQS","I voli da Blagoveschensk Airport, Blagoveschensk Airport con il miglior rapporto qualità-prezzo","Le 19 migliori destinazioni da Blagoveschensk Airport, Blagoveschensk Airport: voli diretti ordinati per rapporto qualità-prezzo e chilometri per euro, non solo per prezzo. Tariffe reali rilevate il 2026-09-14.",19,434,12,11,17,2,2026-09-14,0.7,3,INDEXABLE_OK,Valido
https://efficiency-life.com/da/bre/,airport_it,200,https://efficiency-life.com/da/bre/,True,"index, follow",none,"Migliori voli da Bremen Airport, Bremen per rapporto qualità-prezzo | BRE","I voli da Bremen Airport, Bremen con il miglior rapporto qualità-prezzo","Le 15 migliori destinazioni da Bremen Airport, Bremen: voli diretti ordinati per rapporto qualità-prezzo e chilometri per euro, non solo per prezzo. Tariffe reali rilevate il 2026-09-14.",15,420,15,14,17,2,2026-09-14,0.7,3,INDEXABLE_OK,Valido
https://efficiency-life.com/da/bri/,airport_it,200,https://efficiency-life.com/da/bri/,True,"index, follow",none,"Migliori voli da Bari / Palese Intl, Bari per rapporto qualità-prezzo | BRI","I voli da Bari / Palese Intl, Bari con il miglior rapporto qualità-prezzo","Le 36 migliori destinazioni da Bari / Palese Intl, Bari: voli diretti ordinati per rapporto qualità-prezzo e chilometri per euro, non solo per prezzo. Tariffe reali rilevate il 2026-09-14.",36,429,20,19,17,2,2026-09-14,0.7,3,INDEXABLE_OK,Valido
https://efficiency-life.com/da/brs/,airport_it,200,https://efficiency-life.com/da/brs/,True,"index, follow",none,"Migliori voli da Bristol Intl, Bristol per rapporto qualità-prezzo | BRS","I voli da Bristol Intl, Bristol con il miglior rapporto qualità-prezzo","Le 46 migliori destinazioni da Bristol Intl, Bristol: voli diretti ordinati per rapporto qualità-prezzo e chilometri per euro, non solo per prezzo. Tariffe reali rilevate il 2026-09-14.",46,420,17,16,17,2,2026-09-14,0.7,3,INDEXABLE_OK,Valido
https://efficiency-life.com/da/bru/,airport_it,200,https://efficiency-life.com/da/bru/,True,"index, follow",none,"Migliori voli da Brussels Airport, Bruxelles per rapporto qualità-prezzo | BRU","I voli da Brussels Airport, Bruxelles con il miglior rapporto qualità-prezzo","Le 144 migliori destinazioni da Brussels Airport, Bruxelles: voli diretti ordinati per rapporto qualità-prezzo e chilometri per euro, non solo per prezzo. Tariffe reali rilevate il 2026-09-14.",144,420,16,15,17,2,2026-09-14,0.7,3,INDEXABLE_OK,Valido
https://efficiency-life.com/da/bsb/,airport_it,200,https://efficiency-life.com/da/bsb/,True,"index, follow",none,"Migliori voli da Presidente Juscelino Kubistschek Intl, Brasilia per rapporto qualità-prezzo | BSB","I voli da Presidente Juscelino Kubistschek Intl, Brasilia con il miglior rapporto qualità-prezzo","Le 27 migliori destinazioni da Presidente Juscelino Kubistschek Intl, Brasilia: voli diretti ordinati per rapporto qualità-prezzo e chilometri per euro, non solo per prezzo. Tariffe reali rilevate il 2026-09-14.",27,434,23,22,17,2,2026-09-14,0.7,3,INDEXABLE_OK,Valido
https://efficiency-life.com/da/bsl/,airport_it,200,https://efficiency-life.com/da/bsl/,True,"index, follow",none,"Migliori voli da EuroAirport Basel-Mulhouse-Freiburg Airport, Bale/Mulhouse per rapporto qualità-prezzo | BSL","I voli da EuroAirport Basel-Mulhouse-Freiburg Airport, Bale/Mulhouse con il miglior rapporto qualità-prezzo","Le 65 migliori destinazioni da EuroAirport Basel-Mulhouse-Freiburg Airport, Bale/Mulhouse: voli diretti ordinati per rapporto qualità-prezzo e chilometri per euro, non solo per prezzo. Tariffe reali rilevate il 2026-09-14.",65,426,13,12,17,2,2026-09-14,0.7,3,INDEXABLE_OK,Valido
https://efficiency-life.com/da/bsz/,airport_it,200,https://efficiency-life.com/da/bsz/,True,"index, follow",none,"Migliori voli da Manas International Airport, Manas International Airport per rapporto qualità-prezzo | BSZ","I voli da Manas International Airport, Manas International Airport con il miglior rapporto qualità-prezzo","Le 32 migliori destinazioni da Manas International Airport, Manas International Airport: voli diretti ordinati per rapporto qualità-prezzo e chilometri per euro, non solo per prezzo. Tariffe reali rilevate il 2026-09-14.",32,431,14,13,17,2,2026-09-14,0.7,3,INDEXABLE_OK,Valido
https://efficiency-life.com/da/bts/,airport_it,200,https://efficiency-life.com/da/bts/,True,"index, follow",none,"Migliori voli da M. R. Stefanik Airport, Bratislava per rapporto qualità-prezzo | BTS","I voli da M. R. Stefanik Airport, Bratislava con il miglior rapporto qualità-prezzo","Le 44 migliori destinazioni da M. R. Stefanik Airport, Bratislava: voli diretti ordinati per rapporto qualità-prezzo e chilometri per euro, non solo per prezzo. Tariffe reali rilevate il 2026-09-14.",44,425,13,12,17,2,2026-09-14,0.7,3,INDEXABLE_OK,Valido
https://efficiency-life.com/da/bud/,airport_it,200,https://efficiency-life.com/da/bud/,True,"index, follow",none,"Migliori voli da Budapest Ferenc Liszt Intl, Budapest per rapporto qualità-prezzo | BUD","I voli da Budapest Ferenc Liszt Intl, Budapest con il miglior rapporto qualità-prezzo","Le 118 migliori destinazioni da Budapest Ferenc Liszt Intl, Budapest: voli diretti ordinati per rapporto qualità-prezzo e chilometri per euro, non solo per prezzo. Tariffe reali rilevate il 2026-09-14.",118,427,14,13,17,2,2026-09-14,0.7,3,INDEXABLE_OK,Valido
https://efficiency-life.com/da/buf/,airport_it,200,https://efficiency-life.com/da/buf/,True,"index, follow",none,"Migliori voli da Buffalo Niagara Intl, Buffalo per rapporto qualità-prezzo | BUF","I voli da Buffalo Niagara Intl, Buffalo con il miglior rapporto qualità-prezzo","Le 12 migliori destinazioni da Buffalo Niagara Intl, Buffalo: voli diretti ordinati per rapporto qualità-prezzo e chilometri per euro, non solo per prezzo. Tariffe reali rilevate il 2026-09-14.",12,436,18,17,17,2,2026-09-14,0.7,3,INDEXABLE_OK,Valido
https://efficiency-life.com/da/bur/,airport_it,200,https://efficiency-life.com/da/bur/,True,"index, follow",none,"Migliori voli da Bob Hope Airport, Burbank per rapporto qualità-prezzo | BUR","I voli da Bob Hope Airport, Burbank con il miglior rapporto qualità-prezzo","Le 16 migliori destinazioni da Bob Hope Airport, Burbank: voli diretti ordinati per rapporto qualità-prezzo e chilometri per euro, non solo per prezzo. Tariffe reali rilevate il 2026-09-14.",16,433,19,18,17,2,2026-09-14,0.7,3,INDEXABLE_OK,Valido
https://efficiency-life.com/da/bus/,airport_it,200,https://efficiency-life.com/da/bus/,True,"index, follow",none,"Migliori voli da Batumi Intl, Batumi per rapporto qualità-prezzo | BUS","I voli da Batumi Intl, Batumi con il miglior rapporto qualità-prezzo","Le 25 migliori destinazioni da Batumi Intl, Batumi: voli diretti ordinati per rapporto qualità-prezzo e chilometri per euro, non solo per prezzo. Tariffe reali rilevate il 2026-09-14.",25,422,10,9,17,2,2026-09-14,0.7,3,INDEXABLE_OK,Valido
https://efficiency-life.com/da/bva/,airport_it,200,https://efficiency-life.com/da/bva/,True,"index, follow",none,"Migliori voli da Beauvais, Parigi per rapporto qualità-prezzo | BVA","I voli da Beauvais, Parigi con il miglior rapporto qualità-prezzo","Le 61 migliori destinazioni da Beauvais, Parigi: voli diretti ordinati per rapporto qualità-prezzo e chilometri per euro, non solo per prezzo. Tariffe reali rilevate il 2026-09-14.",61,412,14,13,17,2,2026-09-14,0.7,3,INDEXABLE_OK,Valido
https://efficiency-life.com/da/bwi/,airport_it,200,https://efficiency-life.com/da/bwi/,True,"index, follow",none,"Migliori voli da Baltimore/Washington Intl Thurgood Marshall Airport, Baltimore per rapporto qualità-prezzo | BWI","I voli da Baltimore/Washington Intl Thurgood Marshall Airport, Baltimore con il miglior rapporto qualità-prezzo","Le 50 migliori destinazioni da Baltimore/Washington Intl Thurgood Marshall Airport, Baltimore: voli diretti ordinati per rapporto qualità-prezzo e chilometri per euro, non solo per prezzo. Tariffe reali rilevate il 2026-09-14.",50,451,17,16,17,2,2026-09-14,0.7,3,INDEXABLE_OK,Valido
https://efficiency-life.com/da/bwn/,airport_it,200,https://efficiency-life.com/da/bwn/,True,"index, follow",none,"Migliori voli da Brunei Intl, Bandar Seri Begawan per rapporto qualità-prezzo | BWN","I voli da Brunei Intl, Bandar Seri Begawan con il miglior rapporto qualità-prezzo","Le 8 migliori destinazioni da Brunei Intl, Bandar Seri Begawan: voli diretti ordinati per rapporto qualità-prezzo e chilometri per euro, non solo per prezzo. Tariffe reali rilevate il 2026-09-14.",8,371,10,9,17,2,2026-09-14,0.7,3,INDEXABLE_OK,Valido
https://efficiency-life.com/da/cag/,airport_it,200,https://efficiency-life.com/da/cag/,True,"index, follow",none,"Migliori voli da Cagliari / Elmas Airport, Cagliari per rapporto qualità-prezzo | CAG","I voli da Cagliari / Elmas Airport, Cagliari con il miglior rapporto qualità-prezzo","Le 26 migliori destinazioni da Cagliari / Elmas Airport, Cagliari: voli diretti ordinati per rapporto qualità-prezzo e chilometri per euro, non solo per prezzo. Tariffe reali rilevate il 2026-09-14.",26,427,10,9,17,2,2026-09-14,0.7,3,INDEXABLE_OK,Valido
https://efficiency-life.com/da/cai/,airport_it,200,https://efficiency-life.com/da/cai/,True,"index, follow",none,"Migliori voli da Cairo Intl, Il Cairo per rapporto qualità-prezzo | CAI","I voli da Cairo Intl, Il Cairo con il miglior rapporto qualità-prezzo","Le 81 migliori destinazioni da Cairo Intl, Il Cairo: voli diretti ordinati per rapporto qualità-prezzo e chilometri per euro, non solo per prezzo. Tariffe reali rilevate il 2026-09-14.",81,436,7,6,17,2,2026-09-14,0.7,3,INDEXABLE_OK,Valido
https://efficiency-life.com/da/can/,airport_it,200,https://efficiency-life.com/da/can/,True,"index, follow",none,"Migliori voli da Guangzhou Baiyun Intl, Guangzhou per rapporto qualità-prezzo | CAN","I voli da Guangzhou Baiyun Intl, Guangzhou con il miglior rapporto qualità-prezzo","Le 102 migliori destinazioni da Guangzhou Baiyun Intl, Guangzhou: voli diretti ordinati per rapporto qualità-prezzo e chilometri per euro, non solo per prezzo. Tariffe reali rilevate il 2026-09-14.",102,431,19,18,17,2,2026-09-14,0.7,3,INDEXABLE_OK,Valido
https://efficiency-life.com/da/ccj/,airport_it,200,https://efficiency-life.com/da/ccj/,True,"index, follow",none,"Migliori voli da Calicut International Airport, Calicut International Airport per rapporto qualità-prezzo | CCJ","I voli da Calicut International Airport, Calicut International Airport con il miglior rapporto qualità-prezzo","Le 12 migliori destinazioni da Calicut International Airport, Calicut International Airport: voli diretti ordinati per rapporto qualità-prezzo e chilometri per euro, non solo per prezzo. Tariffe reali rilevate il 2026-09-14.",12,440,15,14,19,2,2026-09-14,0.7,3,INDEXABLE_OK,Valido
https://efficiency-life.com/da/ccs/,airport_it,200,https://efficiency-life.com/da/ccs/,True,"index, follow",none,"Migliori voli da Maiquetia (Simon Bolivar Internacional) Airport, Caracas per rapporto qualità-prezzo | CCS","I voli da Maiquetia (Simon Bolivar Internacional) Airport, Caracas con il miglior rapporto qualità-prezzo","Le 10 migliori destinazioni da Maiquetia (Simon Bolivar Internacional) Airport, Caracas: voli diretti ordinati per rapporto qualità-prezzo e chilometri per euro, non solo per prezzo. Tariffe reali rilevate il 2026-09-14.",10,408,17,16,17,2,2026-09-14,0.7,3,INDEXABLE_OK,Valido
https://efficiency-life.com/da/ccu/,airport_it,200,https://efficiency-life.com/da/ccu/,True,"index, follow",none,"Migliori voli da Netaji Subhash Chandra Bose Intl, Kolkata per rapporto qualità-prezzo | CCU","I voli da Netaji Subhash Chandra Bose Intl, Kolkata con il miglior rapporto qualità-prezzo","Le 19 migliori destinazioni da Netaji Subhash Chandra Bose Intl, Kolkata: voli diretti ordinati per rapporto qualità-prezzo e chilometri per euro, non solo per prezzo. Tariffe reali rilevate il 2026-09-14.",19,436,10,9,18,2,2026-09-14,0.7,3,INDEXABLE_OK,Valido
https://efficiency-life.com/da/cdg/,airport_it,200,https://efficiency-life.com/da/cdg/,True,"index, follow",none,"Migliori voli da Charles de Gaulle, Parigi per rapporto qualità-prezzo | CDG","I voli da Charles de Gaulle, Parigi con il miglior rapporto qualità-prezzo","Le 198 migliori destinazioni da Charles de Gaulle, Parigi: voli diretti ordinati per rapporto qualità-prezzo e chilometri per euro, non solo per prezzo. Tariffe reali rilevate il 2026-09-14.",198,426,15,13,17,1,2026-09-14,0.7,3,INDEXABLE_OK,Valido
https://efficiency-life.com/da/ceb/,airport_it,200,https://efficiency-life.com/da/ceb/,True,"index, follow",none,"Migliori voli da Mactan Cebu Intl, Lapu-Lapu City per rapporto qualità-prezzo | CEB","I voli da Mactan Cebu Intl, Lapu-Lapu City con il miglior rapporto qualità-prezzo","Le 24 migliori destinazioni da Mactan Cebu Intl, Lapu-Lapu City: voli diretti ordinati per rapporto qualità-prezzo e chilometri per euro, non solo per prezzo. Tariffe reali rilevate il 2026-09-14.",24,442,9,8,17,2,2026-09-14,0.7,3,INDEXABLE_OK,Valido
https://efficiency-life.com/da/cee/,airport_it,200,https://efficiency-life.com/da/cee/,True,"index, follow",none,"Migliori voli da Cherepovets Airport, Cherepovets Airport per rapporto qualità-prezzo | CEE","I voli da Cherepovets Airport, Cherepovets Airport con il miglior rapporto qualità-prezzo","Le 11 migliori destinazioni da Cherepovets Airport, Cherepovets Airport: voli diretti ordinati per rapporto qualità-prezzo e chilometri per euro, non solo per prezzo. Tariffe reali rilevate il 2026-09-14.",11,411,16,15,17,2,2026-09-14,0.7,3,INDEXABLE_OK,Valido
https://efficiency-life.com/da/cek/,airport_it,200,https://efficiency-life.com/da/cek/,True,"index, follow",none,"Migliori voli da Chelyabinsk International Airport, Chelyabinsk International Airport per rapporto qualità-prezzo | CEK","I voli da Chelyabinsk International Airport, Chelyabinsk International Airport con il miglior rapporto qualità-prezzo","Le 21 migliori destinazioni da Chelyabinsk International Airport, Chelyabinsk International Airport: voli diretti ordinati per rapporto qualità-prezzo e chilometri per euro, non solo per prezzo. Tariffe reali rilevate il 2026-09-14.",21,441,12,11,17,2,2026-09-14,0.7,3,INDEXABLE_OK,Valido
https://efficiency-life.com/da/cfu/,airport_it,200,https://efficiency-life.com/da/cfu/,True,"index, follow",none,"Migliori voli da Ioannis Kapodistrias Intl, Kerkyra Island per rapporto qualità-prezzo | CFU","I voli da Ioannis Kapodistrias Intl, Kerkyra Island con il miglior rapporto qualità-prezzo","Le 16 migliori destinazioni da Ioannis Kapodistrias Intl, Kerkyra Island: voli diretti ordinati per rapporto qualità-prezzo e chilometri per euro, non solo per prezzo. Tariffe reali rilevate il 2026-09-14.",16,429,15,14,17,2,2026-09-14,0.7,3,INDEXABLE_OK,Valido
https://efficiency-life.com/da/cgh/,airport_it,200,https://efficiency-life.com/da/cgh/,True,"index, follow",none,"Migliori voli da Congonhas Airport, San Paolo per rapporto qualità-prezzo | CGH","I voli da Congonhas Airport, San Paolo con il miglior rapporto qualità-prezzo","Le 33 migliori destinazioni da Congonhas Airport, San Paolo: voli diretti ordinati per rapporto qualità-prezzo e chilometri per euro, non solo per prezzo. Tariffe reali rilevate il 2026-09-14.",33,429,21,20,17,2,2026-09-14,0.7,3,INDEXABLE_OK,Valido
https://efficiency-life.com/da/cgk/,airport_it,200,https://efficiency-life.com/da/cgk/,True,"index, follow",none,"Migliori voli da Soekarno-Hatta Intl, Jakarta per rapporto qualità-prezzo | CGK","I voli da Soekarno-Hatta Intl, Jakarta con il miglior rapporto qualità-prezzo","Le 56 migliori destinazioni da Soekarno-Hatta Intl, Jakarta: voli diretti ordinati per rapporto qualità-prezzo e chilometri per euro, non solo per prezzo. Tariffe reali rilevate il 2026-09-14.",56,421,8,7,17,2,2026-09-14,0.7,3,INDEXABLE_OK,Valido
https://efficiency-life.com/da/cgn/,airport_it,200,https://efficiency-life.com/da/cgn/,True,"index, follow",none,"Migliori voli da Cologne Bonn Airport, Colonia per rapporto qualità-prezzo | CGN","I voli da Cologne Bonn Airport, Colonia con il miglior rapporto qualità-prezzo","Le 74 migliori destinazioni da Cologne Bonn Airport, Colonia: voli diretti ordinati per rapporto qualità-prezzo e chilometri per euro, non solo per prezzo. Tariffe reali rilevate il 2026-09-14.",74,435,21,20,17,2,2026-09-14,0.7,3,INDEXABLE_OK,Valido
https://efficiency-life.com/da/cgo/,airport_it,200,https://efficiency-life.com/da/cgo/,True,"index, follow",none,"Migliori voli da Xinzheng Airport, Zhengzhou per rapporto qualità-prezzo | CGO","I voli da Xinzheng Airport, Zhengzhou con il miglior rapporto qualità-prezzo","Le 7 migliori destinazioni da Xinzheng Airport, Zhengzhou: voli diretti ordinati per rapporto qualità-prezzo e chilometri per euro, non solo per prezzo. Tariffe reali rilevate il 2026-09-14.",7,342,22,21,17,2,2026-09-14,0.7,3,INDEXABLE_OK,Valido
https://efficiency-life.com/da/cgq/,airport_it,200,https://efficiency-life.com/da/cgq/,True,"index, follow",none,"Migliori voli da Longjia Airport, Changchun per rapporto qualità-prezzo | CGQ","I voli da Longjia Airport, Changchun con il miglior rapporto qualità-prezzo","Le 15 migliori destinazioni da Longjia Airport, Changchun: voli diretti ordinati per rapporto qualità-prezzo e chilometri per euro, non solo per prezzo. Tariffe reali rilevate il 2026-09-14.",15,415,16,15,17,2,2026-09-14,0.7,3,INDEXABLE_OK,Valido
https://efficiency-life.com/da/chc/,airport_it,200,https://efficiency-life.com/da/chc/,True,"index, follow",none,"Migliori voli da Christchurch Intl, Christchurch per rapporto qualità-prezzo | CHC","I voli da Christchurch Intl, Christchurch con il miglior rapporto qualità-prezzo","Le 9 migliori destinazioni da Christchurch Intl, Christchurch: voli diretti ordinati per rapporto qualità-prezzo e chilometri per euro, non solo per prezzo. Tariffe reali rilevate il 2026-09-14.",9,370,12,11,17,2,2026-09-14,0.7,3,INDEXABLE_OK,Valido
https://efficiency-life.com/da/chq/,airport_it,200,https://efficiency-life.com/da/chq/,True,"index, follow",none,"Migliori voli da Chania Intl, Souda per rapporto qualità-prezzo | CHQ","I voli da Chania Intl, Souda con il miglior rapporto qualità-prezzo","Le 10 migliori destinazioni da Chania Intl, Souda: voli diretti ordinati per rapporto qualità-prezzo e chilometri per euro, non solo per prezzo. Tariffe reali rilevate il 2026-09-14.",10,386,8,7,17,2,2026-09-14,0.7,3,INDEXABLE_OK,Valido
https://efficiency-life.com/da/chs/,airport_it,200,https://efficiency-life.com/da/chs/,True,"index, follow",none,"Migliori voli da Charleston Afb/International Airport, Charleston per rapporto qualità-prezzo | CHS","I voli da Charleston Afb/International Airport, Charleston con il miglior rapporto qualità-prezzo","Le 10 migliori destinazioni da Charleston Afb/International Airport, Charleston: voli diretti ordinati per rapporto qualità-prezzo e chilometri per euro, non solo per prezzo. Tariffe reali rilevate il 2026-09-14.",10,402,19,18,17,2,2026-09-14,0.7,3,INDEXABLE_OK,Valido
https://efficiency-life.com/da/cia/,airport_it,200,https://efficiency-life.com/da/cia/,True,"index, follow",none,"Migliori voli da Ciampino, Roma per rapporto qualità-prezzo | CIA","I voli da Ciampino, Roma con il miglior rapporto qualità-prezzo","Le 23 migliori destinazioni da Ciampino, Roma: voli diretti ordinati per rapporto qualità-prezzo e chilometri per euro, non solo per prezzo. Tariffe reali rilevate il 2026-09-14.",23,421,17,16,17,2,2026-09-14,0.7,3,INDEXABLE_OK,Valido
https://efficiency-life.com/da/cid/,airport_it,200,https://efficiency-life.com/da/cid/,True,"index, follow",none,"Migliori voli da The Eastern Iowa Airport, The Eastern Iowa Airport per rapporto qualità-prezzo | CID","I voli da The Eastern Iowa Airport, The Eastern Iowa Airport con il miglior rapporto qualità-prezzo","Le 6 migliori destinazioni da The Eastern Iowa Airport, The Eastern Iowa Airport: voli diretti ordinati per rapporto qualità-prezzo e chilometri per euro, non solo per prezzo. Tariffe reali rilevate il 2026-09-14.",6,359,11,10,17,2,2026-09-14,0.7,3,INDEXABLE_OK,Valido
https://efficiency-life.com/da/cit/,airport_it,200,https://efficiency-life.com/da/cit/,True,"index, follow",none,"Migliori voli da Shymkent Airport, Shymkent per rapporto qualità-prezzo | CIT","I voli da Shymkent Airport, Shymkent con il miglior rapporto qualità-prezzo","Le 35 migliori destinazioni da Shymkent Airport, Shymkent: voli diretti ordinati per rapporto qualità-prezzo e chilometri per euro, non solo per prezzo. Tariffe reali rilevate il 2026-09-14.",35,425,22,21,17,2,2026-09-14,0.7,3,INDEXABLE_OK,Valido
https://efficiency-life.com/da/cjj/,airport_it,200,https://efficiency-life.com/da/cjj/,True,"index, follow",none,"Migliori voli da Cheongju Intl, Cheongju per rapporto qualità-prezzo | CJJ","I voli da Cheongju Intl, Cheongju con il miglior rapporto qualità-prezzo","Le 10 migliori destinazioni da Cheongju Intl, Cheongju: voli diretti ordinati per rapporto qualità-prezzo e chilometri per euro, non solo per prezzo. Tariffe reali rilevate il 2026-09-14.",10,392,13,12,17,2,2026-09-14,0.7,3,INDEXABLE_OK,Valido
https://efficiency-life.com/da/cju/,airport_it,200,https://efficiency-life.com/da/cju/,True,"index, follow",none,"Migliori voli da Jeju Intl, Jeju City per rapporto qualità-prezzo | CJU","I voli da Jeju Intl, Jeju City con il miglior rapporto qualità-prezzo","Le 13 migliori destinazioni da Jeju Intl, Jeju City: voli diretti ordinati per rapporto qualità-prezzo e chilometri per euro, non solo per prezzo. Tariffe reali rilevate il 2026-09-14.",13,426,9,8,17,2,2026-09-14,0.7,3,INDEXABLE_OK,Valido
https://efficiency-life.com/da/ckg/,airport_it,200,https://efficiency-life.com/da/ckg/,True,"index, follow",none,"Migliori voli da Chongqing Jiangbei Intl, Chongqing per rapporto qualità-prezzo | CKG","I voli da Chongqing Jiangbei Intl, Chongqing con il miglior rapporto qualità-prezzo","Le 30 migliori destinazioni da Chongqing Jiangbei Intl, Chongqing: voli diretti ordinati per rapporto qualità-prezzo e chilometri per euro, non solo per prezzo. Tariffe reali rilevate il 2026-09-14.",30,416,16,15,17,2,2026-09-14,0.7,3,INDEXABLE_OK,Valido
https://efficiency-life.com/da/cky/,airport_it,200,https://efficiency-life.com/da/cky/,True,"index, follow",none,"Migliori voli da Conakry Airport, Conakry per rapporto qualità-prezzo | CKY","I voli da Conakry Airport, Conakry con il miglior rapporto qualità-prezzo","Le 13 migliori destinazioni da Conakry Airport, Conakry: voli diretti ordinati per rapporto qualità-prezzo e chilometri per euro, non solo per prezzo. Tariffe reali rilevate il 2026-09-14.",13,411,12,11,17,2,2026-09-14,0.7,3,INDEXABLE_OK,Valido
https://efficiency-life.com/da/cle/,airport_it,200,https://efficiency-life.com/da/cle/,True,"index, follow",none,"Migliori voli da Cleveland-Hopkins Intl, Cleveland per rapporto qualità-prezzo | CLE","I voli da Cleveland-Hopkins Intl, Cleveland con il miglior rapporto qualità-prezzo","Le 22 migliori destinazioni da Cleveland-Hopkins Intl, Cleveland: voli diretti ordinati per rapporto qualità-prezzo e chilometri per euro, non solo per prezzo. Tariffe reali rilevate il 2026-09-14.",22,431,14,13,17,2,2026-09-14,0.7,3,INDEXABLE_OK,Valido
https://efficiency-life.com/da/clj/,airport_it,200,https://efficiency-life.com/da/clj/,True,"index, follow",none,"Migliori voli da Cluj-Napoca Intl, Cluj-Napoca per rapporto qualità-prezzo | CLJ","I voli da Cluj-Napoca Intl, Cluj-Napoca con il miglior rapporto qualità-prezzo","Le 22 migliori destinazioni da Cluj-Napoca Intl, Cluj-Napoca: voli diretti ordinati per rapporto qualità-prezzo e chilometri per euro, non solo per prezzo. Tariffe reali rilevate il 2026-09-14.",22,418,13,12,17,2,2026-09-14,0.7,3,INDEXABLE_OK,Valido
https://efficiency-life.com/da/clo/,airport_it,200,https://efficiency-life.com/da/clo/,True,"index, follow",none,"Migliori voli da Alfonso Bonilla Aragon Intl, Cali per rapporto qualità-prezzo | CLO","I voli da Alfonso Bonilla Aragon Intl, Cali con il miglior rapporto qualità-prezzo","Le 8 migliori destinazioni da Alfonso Bonilla Aragon Intl, Cali: voli diretti ordinati per rapporto qualità-prezzo e chilometri per euro, non solo per prezzo. Tariffe reali rilevate il 2026-09-14.",8,367,13,12,17,2,2026-09-14,0.7,3,INDEXABLE_OK,Valido
https://efficiency-life.com/da/clt/,airport_it,200,https://efficiency-life.com/da/clt/,True,"index, follow",none,"Migliori voli da Charlotte/Douglas Intl, Charlotte per rapporto qualità-prezzo | CLT","I voli da Charlotte/Douglas Intl, Charlotte con il miglior rapporto qualità-prezzo","Le 66 migliori destinazioni da Charlotte/Douglas Intl, Charlotte: voli diretti ordinati per rapporto qualità-prezzo e chilometri per euro, non solo per prezzo. Tariffe reali rilevate il 2026-09-14.",66,427,12,11,17,2,2026-09-14,0.7,3,INDEXABLE_OK,Valido
https://efficiency-life.com/da/cmb/,airport_it,200,https://efficiency-life.com/da/cmb/,True,"index, follow",none,"Migliori voli da Bandaranaike Intl Apt Colombo Airport, Colombo per rapporto qualità-prezzo | CMB","I voli da Bandaranaike Intl Apt Colombo Airport, Colombo con il miglior rapporto qualità-prezzo","Le 36 migliori destinazioni da Bandaranaike Intl Apt Colombo Airport, Colombo: voli diretti ordinati per rapporto qualità-prezzo e chilometri per euro, non solo per prezzo. Tariffe reali rilevate il 2026-09-14.",36,437,6,5,17,2,2026-09-14,0.7,3,INDEXABLE_OK,Valido
https://efficiency-life.com/da/cmh/,airport_it,200,https://efficiency-life.com/da/cmh/,True,"index, follow",none,"Migliori voli da John Glenn Columbus Intl, Columbus per rapporto qualità-prezzo | CMH","I voli da John Glenn Columbus Intl, Columbus con il miglior rapporto qualità-prezzo","Le 22 migliori destinazioni da John Glenn Columbus Intl, Columbus: voli diretti ordinati per rapporto qualità-prezzo e chilometri per euro, non solo per prezzo. Tariffe reali rilevate il 2026-09-14.",22,442,14,13,17,2,2026-09-14,0.7,3,INDEXABLE_OK,Valido
https://efficiency-life.com/da/cmn/,airport_it,200,https://efficiency-life.com/da/cmn/,True,"index, follow",none,"Migliori voli da Mohammed V Intl, Casablanca per rapporto qualità-prezzo | CMN","I voli da Mohammed V Intl, Casablanca con il miglior rapporto qualità-prezzo","Le 77 migliori destinazioni da Mohammed V Intl, Casablanca: voli diretti ordinati per rapporto qualità-prezzo e chilometri per euro, non solo per prezzo. Tariffe reali rilevate il 2026-09-14.",77,421,15,14,17,2,2026-09-14,0.7,3,INDEXABLE_OK,Valido
https://efficiency-life.com/da/cnf/,airport_it,200,https://efficiency-life.com/da/cnf/,True,"index, follow",none,"Migliori voli da Tancredo Neves Intl, Belo Horizonte per rapporto qualità-prezzo | CNF","I voli da Tancredo Neves Intl, Belo Horizonte con il miglior rapporto qualità-prezzo","Le 24 migliori destinazioni da Tancredo Neves Intl, Belo Horizonte: voli diretti ordinati per rapporto qualità-prezzo e chilometri per euro, non solo per prezzo. Tariffe reali rilevate il 2026-09-14.",24,433,22,21,17,2,2026-09-14,0.7,3,INDEXABLE_OK,Valido
https://efficiency-life.com/da/cns/,airport_it,200,https://efficiency-life.com/da/cns/,True,"index, follow",none,"Migliori voli da Cairns Intl, Cairns per rapporto qualità-prezzo | CNS","I voli da Cairns Intl, Cairns con il miglior rapporto qualità-prezzo","Le 7 migliori destinazioni da Cairns Intl, Cairns: voli diretti ordinati per rapporto qualità-prezzo e chilometri per euro, non solo per prezzo. Tariffe reali rilevate il 2026-09-14.",7,338,12,11,17,2,2026-09-14,0.7,3,INDEXABLE_OK,Valido
https://efficiency-life.com/da/cnx/,airport_it,200,https://efficiency-life.com/da/cnx/,True,"index, follow",none,"Migliori voli da Chiang Mai Intl, Chiang Mai per rapporto qualità-prezzo | CNX","I voli da Chiang Mai Intl, Chiang Mai con il miglior rapporto qualità-prezzo","Le 19 migliori destinazioni da Chiang Mai Intl, Chiang Mai: voli diretti ordinati per rapporto qualità-prezzo e chilometri per euro, non solo per prezzo. Tariffe reali rilevate il 2026-09-14.",19,431,12,11,17,2,2026-09-14,0.7,3,INDEXABLE_OK,Valido
https://efficiency-life.com/da/cok/,airport_it,200,https://efficiency-life.com/da/cok/,True,"index, follow",none,"Migliori voli da Cochin Intl, Cochin per rapporto qualità-prezzo | COK","I voli da Cochin Intl, Cochin con il miglior rapporto qualità-prezzo","Le 18 migliori destinazioni da Cochin Intl, Cochin: voli diretti ordinati per rapporto qualità-prezzo e chilometri per euro, non solo per prezzo. Tariffe reali rilevate il 2026-09-14.",18,428,14,13,19,2,2026-09-14,0.7,3,INDEXABLE_OK,Valido
https://efficiency-life.com/da/coo/,airport_it,200,https://efficiency-life.com/da/coo/,True,"index, follow",none,"Migliori voli da Cadjehoun Airport, Cotonou per rapporto qualità-prezzo | COO","I voli da Cadjehoun Airport, Cotonou con il miglior rapporto qualità-prezzo","Le 6 migliori destinazioni da Cadjehoun Airport, Cotonou: voli diretti ordinati per rapporto qualità-prezzo e chilometri per euro, non solo per prezzo. Tariffe reali rilevate il 2026-09-14.",6,321,16,15,17,2,2026-09-14,0.7,3,INDEXABLE_OK,Valido
https://efficiency-life.com/da/cor/,airport_it,200,https://efficiency-life.com/da/cor/,True,"index, follow",none,"Migliori voli da Ingeniero Ambrosio Taravella Airport, Cordoba per rapporto qualità-prezzo | COR","I voli da Ingeniero Ambrosio Taravella Airport, Cordoba con il miglior rapporto qualità-prezzo","Le 11 migliori destinazioni da Ingeniero Ambrosio Taravella Airport, Cordoba: voli diretti ordinati per rapporto qualità-prezzo e chilometri per euro, non solo per prezzo. Tariffe reali rilevate il 2026-09-14.",11,419,9,8,17,2,2026-09-14,0.7,3,INDEXABLE_OK,Valido
https://efficiency-life.com/da/cov/,airport_it,200,https://efficiency-life.com/da/cov/,True,"index, follow",none,"Migliori voli da Çukurova International Airport, Çukurova International Airport per rapporto qualità-prezzo | COV","I voli da Çukurova International Airport, Çukurova International Airport con il miglior rapporto qualità-prezzo","Le 14 migliori destinazioni da Çukurova International Airport, Çukurova International Airport: voli diretti ordinati per rapporto qualità-prezzo e chilometri per euro, non solo per prezzo. Tariffe reali rilevate il 2026-09-14.",14,432,15,14,17,2,2026-09-14,0.7,3,INDEXABLE_OK,Valido
https://efficiency-life.com/da/cph/,airport_it,200,https://efficiency-life.com/da/cph/,True,"index, follow",none,"Migliori voli da Copenhagen Kastrup Airport, Copenaghen per rapporto qualità-prezzo | CPH","I voli da Copenhagen Kastrup Airport, Copenaghen con il miglior rapporto qualità-prezzo","Le 111 migliori destinazioni da Copenhagen Kastrup Airport, Copenaghen: voli diretti ordinati per rapporto qualità-prezzo e chilometri per euro, non solo per prezzo. Tariffe reali rilevate il 2026-09-14.",111,428,15,14,17,2,2026-09-14,0.7,3,INDEXABLE_OK,Valido
https://efficiency-life.com/da/cpt/,airport_it,200,https://efficiency-life.com/da/cpt/,True,"index, follow",none,"Migliori voli da Cape Town Intl, Cape Town per rapporto qualità-prezzo | CPT","I voli da Cape Town Intl, Cape Town con il miglior rapporto qualità-prezzo","Le 36 migliori destinazioni da Cape Town Intl, Cape Town: voli diretti ordinati per rapporto qualità-prezzo e chilometri per euro, non solo per prezzo. Tariffe reali rilevate il 2026-09-14.",36,434,6,5,17,2,2026-09-14,0.7,3,INDEXABLE_OK,Valido
https://efficiency-life.com/da/crk/,airport_it,200,https://efficiency-life.com/da/crk/,True,"index, follow",none,"Migliori voli da Diosdado Macapagal Intl, Angeles City per rapporto qualità-prezzo | CRK","I voli da Diosdado Macapagal Intl, Angeles City con il miglior rapporto qualità-prezzo","Le 12 migliori destinazioni da Diosdado Macapagal Intl, Angeles City: voli diretti ordinati per rapporto qualità-prezzo e chilometri per euro, non solo per prezzo. Tariffe reali rilevate il 2026-09-14.",12,432,6,5,17,2,2026-09-14,0.7,3,INDEXABLE_OK,Valido
https://efficiency-life.com/da/crl/,airport_it,200,https://efficiency-life.com/da/crl/,True,"index, follow",none,"Migliori voli da Brussels South Charleroi Airport, Bruxelles per rapporto qualità-prezzo | CRL","I voli da Brussels South Charleroi Airport, Bruxelles con il miglior rapporto qualità-prezzo","Le 80 migliori destinazioni da Brussels South Charleroi Airport, Bruxelles: voli diretti ordinati per rapporto qualità-prezzo e chilometri per euro, non solo per prezzo. Tariffe reali rilevate il 2026-09-14.",80,428,15,14,17,2,2026-09-14,0.7,3,INDEXABLE_OK,Valido
https://efficiency-life.com/da/csx/,airport_it,200,https://efficiency-life.com/da/csx/,True,"index, follow",none,"Migliori voli da Changsha Huanghua Airport, Changsha per rapporto qualità-prezzo | CSX","I voli da Changsha Huanghua Airport, Changsha con il miglior rapporto qualità-prezzo","Le 11 migliori destinazioni da Changsha Huanghua Airport, Changsha: voli diretti ordinati per rapporto qualità-prezzo e chilometri per euro, non solo per prezzo. Tariffe reali rilevate il 2026-09-14.",11,405,26,25,17,2,2026-09-14,0.7,3,INDEXABLE_OK,Valido
https://efficiency-life.com/da/csy/,airport_it,200,https://efficiency-life.com/da/csy/,True,"index, follow",none,"Migliori voli da Cheboksary Airport, Cheboksary Airport per rapporto qualità-prezzo | CSY","I voli da Cheboksary Airport, Cheboksary Airport con il miglior rapporto qualità-prezzo","Le 8 migliori destinazioni da Cheboksary Airport, Cheboksary Airport: voli diretti ordinati per rapporto qualità-prezzo e chilometri per euro, non solo per prezzo. Tariffe reali rilevate il 2026-09-14.",8,375,22,21,17,2,2026-09-14,0.7,3,INDEXABLE_OK,Valido
https://efficiency-life.com/da/cta/,airport_it,200,https://efficiency-life.com/da/cta/,True,"index, follow",none,"Migliori voli da Catania / Fontanarossa Airport, Catania per rapporto qualità-prezzo | CTA","I voli da Catania / Fontanarossa Airport, Catania con il miglior rapporto qualità-prezzo","Le 54 migliori destinazioni da Catania / Fontanarossa Airport, Catania: voli diretti ordinati per rapporto qualità-prezzo e chilometri per euro, non solo per prezzo. Tariffe reali rilevate il 2026-09-14.",54,427,10,9,17,2,2026-09-14,0.7,3,INDEXABLE_OK,Valido
https://efficiency-life.com/da/ctg/,airport_it,200,https://efficiency-life.com/da/ctg/,True,"index, follow",none,"Migliori voli da Rafael Nunez Intl, Cartagena per rapporto qualità-prezzo | CTG","I voli da Rafael Nunez Intl, Cartagena con il miglior rapporto qualità-prezzo","Le 8 migliori destinazioni da Rafael Nunez Intl, Cartagena: voli diretti ordinati per rapporto qualità-prezzo e chilometri per euro, non solo per prezzo. Tariffe reali rilevate il 2026-09-14.",8,369,24,23,17,2,2026-09-14,0.7,3,INDEXABLE_OK,Valido
https://efficiency-life.com/da/cts/,airport_it,200,https://efficiency-life.com/da/cts/,True,"index, follow",none,"Migliori voli da New Chitose Airport, Sapporo per rapporto qualità-prezzo | CTS","I voli da New Chitose Airport, Sapporo con il miglior rapporto qualità-prezzo","Le 15 migliori destinazioni da New Chitose Airport, Sapporo: voli diretti ordinati per rapporto qualità-prezzo e chilometri per euro, non solo per prezzo. Tariffe reali rilevate il 2026-09-14.",15,421,11,10,17,2,2026-09-14,0.7,3,INDEXABLE_OK,Valido
https://efficiency-life.com/da/ctu/,airport_it,200,https://efficiency-life.com/da/ctu/,True,"index, follow",none,"Migliori voli da Chengdu Shuangliu Intl, Chengdu per rapporto qualità-prezzo | CTU","I voli da Chengdu Shuangliu Intl, Chengdu con il miglior rapporto qualità-prezzo","Le 40 migliori destinazioni da Chengdu Shuangliu Intl, Chengdu: voli diretti ordinati per rapporto qualità-prezzo e chilometri per euro, non solo per prezzo. Tariffe reali rilevate il 2026-09-14.",40,424,13,12,17,2,2026-09-14,0.7,3,INDEXABLE_OK,Valido
https://efficiency-life.com/da/cun/,airport_it,200,https://efficiency-life.com/da/cun/,True,"index, follow",none,"Migliori voli da Cancun Intl, Cancun per rapporto qualità-prezzo | CUN","I voli da Cancun Intl, Cancun con il miglior rapporto qualità-prezzo","Le 34 migliori destinazioni da Cancun Intl, Cancun: voli diretti ordinati per rapporto qualità-prezzo e chilometri per euro, non solo per prezzo. Tariffe reali rilevate il 2026-09-14.",34,439,11,10,17,2,2026-09-14,0.7,3,INDEXABLE_OK,Valido
https://efficiency-life.com/da/cvg/,airport_it,200,https://efficiency-life.com/da/cvg/,True,"index, follow",none,"Migliori voli da Cincinnati/Northern Kentucky Intl, Covington per rapporto qualità-prezzo | CVG","I voli da Cincinnati/Northern Kentucky Intl, Covington con il miglior rapporto qualità-prezzo","Le 25 migliori destinazioni da Cincinnati/Northern Kentucky Intl, Covington: voli diretti ordinati per rapporto qualità-prezzo e chilometri per euro, non solo per prezzo. Tariffe reali rilevate il 2026-09-14.",25,436,21,20,17,2,2026-09-14,0.7,3,INDEXABLE_OK,Valido
https://efficiency-life.com/da/cwb/,airport_it,200,https://efficiency-life.com/da/cwb/,True,"index, follow",none,"Migliori voli da Afonso Pena Airport, Curitiba per rapporto qualità-prezzo | CWB","I voli da Afonso Pena Airport, Curitiba con il miglior rapporto qualità-prezzo","Le 9 migliori destinazioni da Afonso Pena Airport, Curitiba: voli diretti ordinati per rapporto qualità-prezzo e chilometri per euro, non solo per prezzo. Tariffe reali rilevate il 2026-09-14.",9,384,21,20,17,2,2026-09-14,0.7,3,INDEXABLE_OK,Valido
https://efficiency-life.com/da/cxr/,airport_it,200,https://efficiency-life.com/da/cxr/,True,"index, follow",none,"Migliori voli da Cam Ranh, Cam Ranh per rapporto qualità-prezzo | CXR","I voli da Cam Ranh, Cam Ranh con il miglior rapporto qualità-prezzo","Le 30 migliori destinazioni da Cam Ranh, Cam Ranh: voli diretti ordinati per rapporto qualità-prezzo e chilometri per euro, non solo per prezzo. Tariffe reali rilevate il 2026-09-14.",30,439,11,10,17,2,2026-09-14,0.7,3,INDEXABLE_OK,Valido
https://efficiency-life.com/da/dac/,airport_it,200,https://efficiency-life.com/da/dac/,True,"index, follow",none,"Migliori voli da Dhaka / Hazrat Shahjalal Intl, Dhaka per rapporto qualità-prezzo | DAC","I voli da Dhaka / Hazrat Shahjalal Intl, Dhaka con il miglior rapporto qualità-prezzo","Le 36 migliori destinazioni da Dhaka / Hazrat Shahjalal Intl, Dhaka: voli diretti ordinati per rapporto qualità-prezzo e chilometri per euro, non solo per prezzo. Tariffe reali rilevate il 2026-09-14.",36,433,6,5,17,2,2026-09-14,0.7,3,INDEXABLE_OK,Valido
https://efficiency-life.com/da/dad/,airport_it,200,https://efficiency-life.com/da/dad/,True,"index, follow",none,"Migliori voli da Da Nang Intl, Da Nang per rapporto qualità-prezzo | DAD","I voli da Da Nang Intl, Da Nang con il miglior rapporto qualità-prezzo","Le 25 migliori destinazioni da Da Nang Intl, Da Nang: voli diretti ordinati per rapporto qualità-prezzo e chilometri per euro, non solo per prezzo. Tariffe reali rilevate il 2026-09-14.",25,444,14,13,17,2,2026-09-14,0.7,3,INDEXABLE_OK,Valido
https://efficiency-life.com/da/dal/,airport_it,200,https://efficiency-life.com/da/dal/,True,"index, follow",none,"Migliori voli da Dallas Love Field, Dallas per rapporto qualità-prezzo | DAL","I voli da Dallas Love Field, Dallas con il miglior rapporto qualità-prezzo","Le 41 migliori destinazioni da Dallas Love Field, Dallas: voli diretti ordinati per rapporto qualità-prezzo e chilometri per euro, non solo per prezzo. Tariffe reali rilevate il 2026-09-14.",41,436,11,10,17,2,2026-09-14,0.7,3,INDEXABLE_OK,Valido
https://efficiency-life.com/da/dar/,airport_it,200,https://efficiency-life.com/da/dar/,True,"index, follow",none,"Migliori voli da Mwalimu Julius K. Nyerere Intl, Dar es Salaam per rapporto qualità-prezzo | DAR","I voli da Mwalimu Julius K. Nyerere Intl, Dar es Salaam con il miglior rapporto qualità-prezzo","Le 22 migliori destinazioni da Mwalimu Julius K. Nyerere Intl, Dar es Salaam: voli diretti ordinati per rapporto qualità-prezzo e chilometri per euro, non solo per prezzo. Tariffe reali rilevate il 2026-09-14.",22,437,19,18,17,2,2026-09-14,0.7,3,INDEXABLE_OK,Valido
https://efficiency-life.com/da/dbv/,airport_it,200,https://efficiency-life.com/da/dbv/,True,"index, follow",none,"Migliori voli da Dubrovnik Airport, Ragusa di Dalmazia per rapporto qualità-prezzo | DBV","I voli da Dubrovnik Airport, Ragusa di Dalmazia con il miglior rapporto qualità-prezzo","Le 16 migliori destinazioni da Dubrovnik Airport, Ragusa di Dalmazia: voli diretti ordinati per rapporto qualità-prezzo e chilometri per euro, non solo per prezzo. Tariffe reali rilevate il 2026-09-14.",16,421,14,13,17,2,2026-09-14,0.7,3,INDEXABLE_OK,Valido
https://efficiency-life.com/da/dca/,airport_it,200,https://efficiency-life.com/da/dca/,True,"index, follow",none,"Migliori voli da Ronald Reagan Washington Ntl Airport, Washington per rapporto qualità-prezzo | DCA","I voli da Ronald Reagan Washington Ntl Airport, Washington con il miglior rapporto qualità-prezzo","Le 57 migliori destinazioni da Ronald Reagan Washington Ntl Airport, Washington: voli diretti ordinati per rapporto qualità-prezzo e chilometri per euro, non solo per prezzo. Tariffe reali rilevate il 2026-09-14.",57,446,18,17,17,2,2026-09-14,0.7,3,INDEXABLE_OK,Valido
https://efficiency-life.com/da/del/,airport_it,200,https://efficiency-life.com/da/del/,True,"index, follow",none,"Migliori voli da Indira Gandhi Intl, New Delhi per rapporto qualità-prezzo | DEL","I voli da Indira Gandhi Intl, New Delhi con il miglior rapporto qualità-prezzo","Le 120 migliori destinazioni da Indira Gandhi Intl, New Delhi: voli diretti ordinati per rapporto qualità-prezzo e chilometri per euro, non solo per prezzo. Tariffe reali rilevate il 2026-09-14.",120,429,13,12,17,2,2026-09-14,0.7,3,INDEXABLE_OK,Valido
https://efficiency-life.com/da/den/,airport_it,200,https://efficiency-life.com/da/den/,True,"index, follow",none,"Migliori voli da Denver Intl, Denver per rapporto qualità-prezzo | DEN","I voli da Denver Intl, Denver con il miglior rapporto qualità-prezzo","Le 71 migliori destinazioni da Denver Intl, Denver: voli diretti ordinati per rapporto qualità-prezzo e chilometri per euro, non solo per prezzo. Tariffe reali rilevate il 2026-09-14.",71,444,8,7,17,2,2026-09-14,0.7,3,INDEXABLE_OK,Valido
https://efficiency-life.com/da/dfw/,airport_it,200,https://efficiency-life.com/da/dfw/,True,"index, follow",none,"Migliori voli da Dallas-Fort Worth Intl, Dallas-Fort Worth per rapporto qualità-prezzo | DFW","I voli da Dallas-Fort Worth Intl, Dallas-Fort Worth con il miglior rapporto qualità-prezzo","Le 111 migliori destinazioni da Dallas-Fort Worth Intl, Dallas-Fort Worth: voli diretti ordinati per rapporto qualità-prezzo e chilometri per euro, non solo per prezzo. Tariffe reali rilevate il 2026-09-14.",111,442,12,11,17,2,2026-09-14,0.7,3,INDEXABLE_OK,Valido
https://efficiency-life.com/da/djt/,airport_it,200,https://efficiency-life.com/da/djt/,True,"index, follow",none,"Migliori voli da President Donald J. Trump International Airport, President Donald J. Trump International Airport per rapporto qualità-prezzo | DJT","I voli da President Donald J. Trump International Airport, President Donald J. Trump International Airport con il miglior rapporto qualità-prezzo","Le 9 migliori destinazioni da President Donald J. Trump International Airport, President Donald J. Trump International Airport: voli diretti ordinati per rapporto qualità-prezzo e chilometri per euro, non solo per prezzo. Tariffe reali rilevate il 2026-09-14.",9,425,11,10,17,2,2026-09-14,0.7,3,INDEXABLE_OK,Valido
https://efficiency-life.com/da/dla/,airport_it,200,https://efficiency-life.com/da/dla/,True,"index, follow",none,"Migliori voli da Douala Intl, Douala per rapporto qualità-prezzo | DLA","I voli da Douala Intl, Douala con il miglior rapporto qualità-prezzo","Le 11 migliori destinazioni da Douala Intl, Douala: voli diretti ordinati per rapporto qualità-prezzo e chilometri per euro, non solo per prezzo. Tariffe reali rilevate il 2026-09-14.",11,399,13,12,17,2,2026-09-14,0.7,3,INDEXABLE_OK,Valido
https://efficiency-life.com/da/dlc/,airport_it,200,https://efficiency-life.com/da/dlc/,True,"index, follow",none,"Migliori voli da Zhoushuizi Airport, Dalian per rapporto qualità-prezzo | DLC","I voli da Zhoushuizi Airport, Dalian con il miglior rapporto qualità-prezzo","Le 18 migliori destinazioni da Zhoushuizi Airport, Dalian: voli diretti ordinati per rapporto qualità-prezzo e chilometri per euro, non solo per prezzo. Tariffe reali rilevate il 2026-09-14.",18,409,20,19,17,2,2026-09-14,0.7,3,INDEXABLE_OK,Valido
https://efficiency-life.com/da/dlm/,airport_it,200,https://efficiency-life.com/da/dlm/,True,"index, follow",none,"Migliori voli da Dalaman Intl, Dalaman per rapporto qualità-prezzo | DLM","I voli da Dalaman Intl, Dalaman con il miglior rapporto qualità-prezzo","Le 20 migliori destinazioni da Dalaman Intl, Dalaman: voli diretti ordinati per rapporto qualità-prezzo e chilometri per euro, non solo per prezzo. Tariffe reali rilevate il 2026-09-14.",20,427,20,19,17,2,2026-09-14,0.7,3,INDEXABLE_OK,Valido
https://efficiency-life.com/da/dme/,airport_it,200,https://efficiency-life.com/da/dme/,True,"index, follow",none,"Migliori voli da Domodedovo Intl, Mosca per rapporto qualità-prezzo | DME","I voli da Domodedovo Intl, Mosca con il miglior rapporto qualità-prezzo","Le 46 migliori destinazioni da Domodedovo Intl, Mosca: voli diretti ordinati per rapporto qualità-prezzo e chilometri per euro, non solo per prezzo. Tariffe reali rilevate il 2026-09-14.",46,434,14,13,17,2,2026-09-14,0.7,3,INDEXABLE_OK,Valido
https://efficiency-life.com/da/dmk/,airport_it,200,https://efficiency-life.com/da/dmk/,True,"index, follow",none,"Migliori voli da Don Mueang Intl, Bangkok per rapporto qualità-prezzo | DMK","I voli da Don Mueang Intl, Bangkok con il miglior rapporto qualità-prezzo","Le 75 migliori destinazioni da Don Mueang Intl, Bangkok: voli diretti ordinati per rapporto qualità-prezzo e chilometri per euro, non solo per prezzo. Tariffe reali rilevate il 2026-09-14.",75,438,15,14,17,2,2026-09-14,0.7,3,INDEXABLE_OK,Valido
https://efficiency-life.com/da/dmm/,airport_it,200,https://efficiency-life.com/da/dmm/,True,"index, follow",none,"Migliori voli da King Fahd Intl, Ad Dammam per rapporto qualità-prezzo | DMM","I voli da King Fahd Intl, Ad Dammam con il miglior rapporto qualità-prezzo","Le 31 migliori destinazioni da King Fahd Intl, Ad Dammam: voli diretti ordinati per rapporto qualità-prezzo e chilometri per euro, non solo per prezzo. Tariffe reali rilevate il 2026-09-14.",31,431,21,20,17,2,2026-09-14,0.7,3,INDEXABLE_OK,Valido
https://efficiency-life.com/da/doh/,airport_it,200,https://efficiency-life.com/da/doh/,True,"index, follow",none,"Migliori voli da Hamad Intl, Doha per rapporto qualità-prezzo | DOH","I voli da Hamad Intl, Doha con il miglior rapporto qualità-prezzo","Le 109 migliori destinazioni da Hamad Intl, Doha: voli diretti ordinati per rapporto qualità-prezzo e chilometri per euro, non solo per prezzo. Tariffe reali rilevate il 2026-09-14.",109,415,16,15,17,2,2026-09-14,0.7,3,INDEXABLE_OK,Valido
https://efficiency-life.com/da/dps/,airport_it,200,https://efficiency-life.com/da/dps/,True,"index, follow",none,"Migliori voli da Ngurah Rai (Bali) Intl, Denpasar-Bali Island per rapporto qualità-prezzo | DPS","I voli da Ngurah Rai (Bali) Intl, Denpasar-Bali Island con il miglior rapporto qualità-prezzo","Le 55 migliori destinazioni da Ngurah Rai (Bali) Intl, Denpasar-Bali Island: voli diretti ordinati per rapporto qualità-prezzo e chilometri per euro, non solo per prezzo. Tariffe reali rilevate il 2026-09-14.",55,442,15,14,17,2,2026-09-14,0.7,3,INDEXABLE_OK,Valido
https://efficiency-life.com/da/drs/,airport_it,200,https://efficiency-life.com/da/drs/,True,"index, follow",none,"Migliori voli da Dresden Airport, Dresden per rapporto qualità-prezzo | DRS","I voli da Dresden Airport, Dresden con il miglior rapporto qualità-prezzo","Le 9 migliori destinazioni da Dresden Airport, Dresden: voli diretti ordinati per rapporto qualità-prezzo e chilometri per euro, non solo per prezzo. Tariffe reali rilevate il 2026-09-14.",9,375,11,10,17,2,2026-09-14,0.7,3,INDEXABLE_OK,Valido
https://efficiency-life.com/da/dsm/,airport_it,200,https://efficiency-life.com/da/dsm/,True,"index, follow",none,"Migliori voli da Des Moines International Airport, Des Moines International Airport per rapporto qualità-prezzo | DSM","I voli da Des Moines International Airport, Des Moines International Airport con il miglior rapporto qualità-prezzo","Le 9 migliori destinazioni da Des Moines International Airport, Des Moines International Airport: voli diretti ordinati per rapporto qualità-prezzo e chilometri per euro, non solo per prezzo. Tariffe reali rilevate il 2026-09-14.",9,412,12,11,17,2,2026-09-14,0.7,3,INDEXABLE_OK,Valido
https://efficiency-life.com/da/dss/,airport_it,200,https://efficiency-life.com/da/dss/,True,"index, follow",none,"Migliori voli da Blaise Diagne, Dakar per rapporto qualità-prezzo | DSS","I voli da Blaise Diagne, Dakar con il miglior rapporto qualità-prezzo","Le 23 migliori destinazioni da Blaise Diagne, Dakar: voli diretti ordinati per rapporto qualità-prezzo e chilometri per euro, non solo per prezzo. Tariffe reali rilevate il 2026-09-14.",23,407,12,11,17,2,2026-09-14,0.7,3,INDEXABLE_OK,Valido
https://efficiency-life.com/da/dtm/,airport_it,200,https://efficiency-life.com/da/dtm/,True,"index, follow",none,"Migliori voli da Dortmund Airport, Dortmund per rapporto qualità-prezzo | DTM","I voli da Dortmund Airport, Dortmund con il miglior rapporto qualità-prezzo","Le 33 migliori destinazioni da Dortmund Airport, Dortmund: voli diretti ordinati per rapporto qualità-prezzo e chilometri per euro, non solo per prezzo. Tariffe reali rilevate il 2026-09-14.",33,430,17,16,17,2,2026-09-14,0.7,3,INDEXABLE_OK,Valido
https://efficiency-life.com/da/dtw/,airport_it,200,https://efficiency-life.com/da/dtw/,True,"index, follow",none,"Migliori voli da Detroit Metro Wayne County Airport, Detroit per rapporto qualità-prezzo | DTW","I voli da Detroit Metro Wayne County Airport, Detroit con il miglior rapporto qualità-prezzo","Le 27 migliori destinazioni da Detroit Metro Wayne County Airport, Detroit: voli diretti ordinati per rapporto qualità-prezzo e chilometri per euro, non solo per prezzo. Tariffe reali rilevate il 2026-09-14.",27,444,15,14,17,2,2026-09-14,0.7,3,INDEXABLE_OK,Valido
https://efficiency-life.com/da/dub/,airport_it,200,https://efficiency-life.com/da/dub/,True,"index, follow",none,"Migliori voli da Dublin Airport, Dublino per rapporto qualità-prezzo | DUB","I voli da Dublin Airport, Dublino con il miglior rapporto qualità-prezzo","Le 102 migliori destinazioni da Dublin Airport, Dublino: voli diretti ordinati per rapporto qualità-prezzo e chilometri per euro, non solo per prezzo. Tariffe reali rilevate il 2026-09-14.",102,425,10,9,17,2,2026-09-14,0.7,3,INDEXABLE_OK,Valido
https://efficiency-life.com/da/dur/,airport_it,200,https://efficiency-life.com/da/dur/,True,"index, follow",none,"Migliori voli da King Shaka Intl, Durban per rapporto qualità-prezzo | DUR","I voli da King Shaka Intl, Durban con il miglior rapporto qualità-prezzo","Le 7 migliori destinazioni da King Shaka Intl, Durban: voli diretti ordinati per rapporto qualità-prezzo e chilometri per euro, non solo per prezzo. Tariffe reali rilevate il 2026-09-14.",7,358,11,10,17,2,2026-09-14,0.7,3,INDEXABLE_OK,Valido
https://efficiency-life.com/da/dus/,airport_it,200,https://efficiency-life.com/da/dus/,True,"index, follow",none,"Migliori voli da Dusseldorf Intl, Düsseldorf per rapporto qualità-prezzo | DUS","I voli da Dusseldorf Intl, Düsseldorf con il miglior rapporto qualità-prezzo","Le 125 migliori destinazioni da Dusseldorf Intl, Düsseldorf: voli diretti ordinati per rapporto qualità-prezzo e chilometri per euro, non solo per prezzo. Tariffe reali rilevate il 2026-09-14.",125,431,18,17,17,2,2026-09-14,0.7,3,INDEXABLE_OK,Valido
https://efficiency-life.com/da/dwc/,airport_it,200,https://efficiency-life.com/da/dwc/,True,"index, follow",none,"Migliori voli da Al Maktoum Intl, Jebel Ali per rapporto qualità-prezzo | DWC","I voli da Al Maktoum Intl, Jebel Ali con il miglior rapporto qualità-prezzo","Le 16 migliori destinazioni da Al Maktoum Intl, Jebel Ali: voli diretti ordinati per rapporto qualità-prezzo e chilometri per euro, non solo per prezzo. Tariffe reali rilevate il 2026-09-14.",16,424,14,13,17,2,2026-09-14,0.7,3,INDEXABLE_OK,Valido
https://efficiency-life.com/da/dxb/,airport_it,200,https://efficiency-life.com/da/dxb/,True,"index, follow",none,"Migliori voli da Dubai Intl, Dubai per rapporto qualità-prezzo | DXB","I voli da Dubai Intl, Dubai con il miglior rapporto qualità-prezzo","Le 194 migliori destinazioni da Dubai Intl, Dubai: voli diretti ordinati per rapporto qualità-prezzo e chilometri per euro, non solo per prezzo. Tariffe reali rilevate il 2026-09-14.",194,420,16,14,17,1,2026-09-14,0.7,3,INDEXABLE_OK,Valido
https://efficiency-life.com/da/dyg/,airport_it,200,https://efficiency-life.com/da/dyg/,True,"index, follow",none,"Migliori voli da Zhangjiajie Hehua Airport, Zhangjiajie Hehua Airport per rapporto qualità-prezzo | DYG","I voli da Zhangjiajie Hehua Airport, Zhangjiajie Hehua Airport con il miglior rapporto qualità-prezzo","Le 8 migliori destinazioni da Zhangjiajie Hehua Airport, Zhangjiajie Hehua Airport: voli diretti ordinati per rapporto qualità-prezzo e chilometri per euro, non solo per prezzo. Tariffe reali rilevate il 2026-09-14.",8,365,19,18,17,2,2026-09-14,0.7,3,INDEXABLE_OK,Valido
https://efficiency-life.com/da/dyu/,airport_it,200,https://efficiency-life.com/da/dyu/,True,"index, follow",none,"Migliori voli da Dushanbe Airport, Dushanbe per rapporto qualità-prezzo | DYU","I voli da Dushanbe Airport, Dushanbe con il miglior rapporto qualità-prezzo","Le 28 migliori destinazioni da Dushanbe Airport, Dushanbe: voli diretti ordinati per rapporto qualità-prezzo e chilometri per euro, non solo per prezzo. Tariffe reali rilevate il 2026-09-14.",28,413,15,14,17,2,2026-09-14,0.7,3,INDEXABLE_OK,Valido
https://efficiency-life.com/da/eas/,airport_it,200,https://efficiency-life.com/da/eas/,True,"index, follow",none,"Migliori voli da San Sebastian Airport, San Sebastian Airport per rapporto qualità-prezzo | EAS","I voli da San Sebastian Airport, San Sebastian Airport con il miglior rapporto qualità-prezzo","Le 6 migliori destinazioni da San Sebastian Airport, San Sebastian Airport: voli diretti ordinati per rapporto qualità-prezzo e chilometri per euro, non solo per prezzo. Tariffe reali rilevate il 2026-09-14.",6,346,18,17,17,2,2026-09-14,0.7,3,INDEXABLE_OK,Valido
https://efficiency-life.com/da/ebb/,airport_it,200,https://efficiency-life.com/da/ebb/,True,"index, follow",none,"Migliori voli da Entebbe Intl, Kampala per rapporto qualità-prezzo | EBB","I voli da Entebbe Intl, Kampala con il miglior rapporto qualità-prezzo","Le 17 migliori destinazioni da Entebbe Intl, Kampala: voli diretti ordinati per rapporto qualità-prezzo e chilometri per euro, non solo per prezzo. Tariffe reali rilevate il 2026-09-14.",17,426,16,15,17,2,2026-09-14,0.7,3,INDEXABLE_OK,Valido
https://efficiency-life.com/da/ecn/,airport_it,200,https://efficiency-life.com/da/ecn/,True,"index, follow",none,"Migliori voli da Ercan Airport, Ercan Airport per rapporto qualità-prezzo | ECN","I voli da Ercan Airport, Ercan Airport con il miglior rapporto qualità-prezzo","Le 11 migliori destinazioni da Ercan Airport, Ercan Airport: voli diretti ordinati per rapporto qualità-prezzo e chilometri per euro, non solo per prezzo. Tariffe reali rilevate il 2026-09-14.",11,406,8,7,17,2,2026-09-14,0.7,3,INDEXABLE_OK,Valido
https://efficiency-life.com/da/edi/,airport_it,200,https://efficiency-life.com/da/edi/,True,"index, follow",none,"Migliori voli da Edinburgh Airport, Edimburgo per rapporto qualità-prezzo | EDI","I voli da Edinburgh Airport, Edimburgo con il miglior rapporto qualità-prezzo","Le 63 migliori destinazioni da Edinburgh Airport, Edimburgo: voli diretti ordinati per rapporto qualità-prezzo e chilometri per euro, non solo per prezzo. Tariffe reali rilevate il 2026-09-14.",63,432,13,12,18,2,2026-09-14,0.7,3,INDEXABLE_OK,Valido
https://efficiency-life.com/da/ein/,airport_it,200,https://efficiency-life.com/da/ein/,True,"index, follow",none,"Migliori voli da Eindhoven Airport, Eindhoven per rapporto qualità-prezzo | EIN","I voli da Eindhoven Airport, Eindhoven con il miglior rapporto qualità-prezzo","Le 50 migliori destinazioni da Eindhoven Airport, Eindhoven: voli diretti ordinati per rapporto qualità-prezzo e chilometri per euro, non solo per prezzo. Tariffe reali rilevate il 2026-09-14.",50,424,15,14,17,2,2026-09-14,0.7,3,INDEXABLE_OK,Valido
https://efficiency-life.com/da/elq/,airport_it,200,https://efficiency-life.com/da/elq/,True,"index, follow",none,"Migliori voli da Gassim Airport, ELQ per rapporto qualità-prezzo | ELQ","I voli da Gassim Airport, ELQ con il miglior rapporto qualità-prezzo","Le 8 migliori destinazioni da Gassim Airport, ELQ: voli diretti ordinati per rapporto qualità-prezzo e chilometri per euro, non solo per prezzo. Tariffe reali rilevate il 2026-09-14.",8,362,22,21,17,2,2026-09-14,0.7,3,INDEXABLE_OK,Valido
https://efficiency-life.com/da/ema/,airport_it,200,https://efficiency-life.com/da/ema/,True,"index, follow",none,"Migliori voli da East Midlands Airport, Nottingham per rapporto qualità-prezzo | EMA","I voli da East Midlands Airport, Nottingham con il miglior rapporto qualità-prezzo","Le 10 migliori destinazioni da East Midlands Airport, Nottingham: voli diretti ordinati per rapporto qualità-prezzo e chilometri per euro, non solo per prezzo. Tariffe reali rilevate il 2026-09-14.",10,394,23,22,17,2,2026-09-14,0.7,3,INDEXABLE_OK,Valido
https://efficiency-life.com/da/esb/,airport_it,200,https://efficiency-life.com/da/esb/,True,"index, follow",none,"Migliori voli da Esenboga, Ankara per rapporto qualità-prezzo | ESB","I voli da Esenboga, Ankara con il miglior rapporto qualità-prezzo","Le 57 migliori destinazioni da Esenboga, Ankara: voli diretti ordinati per rapporto qualità-prezzo e chilometri per euro, non solo per prezzo. Tariffe reali rilevate il 2026-09-14.",57,420,15,14,17,2,2026-09-14,0.7,3,INDEXABLE_OK,Valido
https://efficiency-life.com/da/evn/,airport_it,200,https://efficiency-life.com/da/evn/,True,"index, follow",none,"Migliori voli da Zvartnots Intl, Yerevan per rapporto qualità-prezzo | EVN","I voli da Zvartnots Intl, Yerevan con il miglior rapporto qualità-prezzo","Le 74 migliori destinazioni da Zvartnots Intl, Yerevan: voli diretti ordinati per rapporto qualità-prezzo e chilometri per euro, non solo per prezzo. Tariffe reali rilevate il 2026-09-14.",74,426,7,6,17,2,2026-09-14,0.7,3,INDEXABLE_OK,Valido
https://efficiency-life.com/da/ewr/,airport_it,200,https://efficiency-life.com/da/ewr/,True,"index, follow",none,"Migliori voli da Newark Liberty, New York per rapporto qualità-prezzo | EWR","I voli da Newark Liberty, New York con il miglior rapporto qualità-prezzo","Le 130 migliori destinazioni da Newark Liberty, New York: voli diretti ordinati per rapporto qualità-prezzo e chilometri per euro, non solo per prezzo. Tariffe reali rilevate il 2026-09-14.",130,430,16,15,17,2,2026-09-14,0.7,3,INDEXABLE_OK,Valido
https://efficiency-life.com/da/eyk/,airport_it,200,https://efficiency-life.com/da/eyk/,True,"index, follow",none,"Migliori voli da Beloyarsky Airport, Beloyarsky Airport per rapporto qualità-prezzo | EYK","I voli da Beloyarsky Airport, Beloyarsky Airport con il miglior rapporto qualità-prezzo","Le 8 migliori destinazioni da Beloyarsky Airport, Beloyarsky Airport: voli diretti ordinati per rapporto qualità-prezzo e chilometri per euro, non solo per prezzo. Tariffe reali rilevate il 2026-09-14.",8,371,14,13,17,2,2026-09-14,0.7,3,INDEXABLE_OK,Valido
https://efficiency-life.com/da/eze/,airport_it,200,https://efficiency-life.com/da/eze/,True,"index, follow",none,"Migliori voli da Ministro Pistarini Intl, Ezeiza per rapporto qualità-prezzo | EZE","I voli da Ministro Pistarini Intl, Ezeiza con il miglior rapporto qualità-prezzo","Le 44 migliori destinazioni da Ministro Pistarini Intl, Ezeiza: voli diretti ordinati per rapporto qualità-prezzo e chilometri per euro, non solo per prezzo. Tariffe reali rilevate il 2026-09-14.",44,434,7,6,17,2,2026-09-14,0.7,3,INDEXABLE_OK,Valido
https://efficiency-life.com/da/fao/,airport_it,200,https://efficiency-life.com/da/fao/,True,"index, follow",none,"Migliori voli da Faro Airport, Faro per rapporto qualità-prezzo | FAO","I voli da Faro Airport, Faro con il miglior rapporto qualità-prezzo","Le 31 migliori destinazioni da Faro Airport, Faro: voli diretti ordinati per rapporto qualità-prezzo e chilometri per euro, non solo per prezzo. Tariffe reali rilevate il 2026-09-14.",31,425,8,7,17,2,2026-09-14,0.7,3,INDEXABLE_OK,Valido
https://efficiency-life.com/da/fco/,airport_it,200,https://efficiency-life.com/da/fco/,True,"index, follow",none,"Migliori voli da Fiumicino, Roma per rapporto qualità-prezzo | FCO","I voli da Fiumicino, Roma con il miglior rapporto qualità-prezzo","Le 156 migliori destinazioni da Fiumicino, Roma: voli diretti ordinati per rapporto qualità-prezzo e chilometri per euro, non solo per prezzo. Tariffe reali rilevate il 2026-09-14.",156,419,19,17,17,1,2026-09-14,0.7,3,INDEXABLE_OK,Valido
https://efficiency-life.com/da/feg/,airport_it,200,https://efficiency-life.com/da/feg/,True,"index, follow",none,"Migliori voli da Fergana Airport, Fergana Airport per rapporto qualità-prezzo | FEG","I voli da Fergana Airport, Fergana Airport con il miglior rapporto qualità-prezzo","Le 10 migliori destinazioni da Fergana Airport, Fergana Airport: voli diretti ordinati per rapporto qualità-prezzo e chilometri per euro, non solo per prezzo. Tariffe reali rilevate il 2026-09-14.",10,392,16,15,17,2,2026-09-14,0.7,3,INDEXABLE_OK,Valido
https://efficiency-life.com/da/fez/,airport_it,200,https://efficiency-life.com/da/fez/,True,"index, follow",none,"Migliori voli da Saiss Airport, Fes per rapporto qualità-prezzo | FEZ","I voli da Saiss Airport, Fes con il miglior rapporto qualità-prezzo","Le 9 migliori destinazioni da Saiss Airport, Fes: voli diretti ordinati per rapporto qualità-prezzo e chilometri per euro, non solo per prezzo. Tariffe reali rilevate il 2026-09-14.",9,372,16,15,17,2,2026-09-14,0.7,3,INDEXABLE_OK,Valido
https://efficiency-life.com/da/fih/,airport_it,200,https://efficiency-life.com/da/fih/,True,"index, follow",none,"Migliori voli da Ndjili Intl, Kinshasa per rapporto qualità-prezzo | FIH","I voli da Ndjili Intl, Kinshasa con il miglior rapporto qualità-prezzo","Le 8 migliori destinazioni da Ndjili Intl, Kinshasa: voli diretti ordinati per rapporto qualità-prezzo e chilometri per euro, non solo per prezzo. Tariffe reali rilevate il 2026-09-14.",8,360,18,17,17,2,2026-09-14,0.7,3,INDEXABLE_OK,Valido
https://efficiency-life.com/da/fkb/,airport_it,200,https://efficiency-life.com/da/fkb/,True,"index, follow",none,"Migliori voli da Karlsruhe Baden-Baden Airport, Baden-Baden per rapporto qualità-prezzo | FKB","I voli da Karlsruhe Baden-Baden Airport, Baden-Baden con il miglior rapporto qualità-prezzo","Le 24 migliori destinazioni da Karlsruhe Baden-Baden Airport, Baden-Baden: voli diretti ordinati per rapporto qualità-prezzo e chilometri per euro, non solo per prezzo. Tariffe reali rilevate il 2026-09-14.",24,438,13,12,17,2,2026-09-14,0.7,3,INDEXABLE_OK,Valido
https://efficiency-life.com/da/fll/,airport_it,200,https://efficiency-life.com/da/fll/,True,"index, follow",none,"Migliori voli da Fort Lauderdale/Hollywood Intl, Fort Lauderdale per rapporto qualità-prezzo | FLL","I voli da Fort Lauderdale/Hollywood Intl, Fort Lauderdale con il miglior rapporto qualità-prezzo","Le 71 migliori destinazioni da Fort Lauderdale/Hollywood Intl, Fort Lauderdale: voli diretti ordinati per rapporto qualità-prezzo e chilometri per euro, non solo per prezzo. Tariffe reali rilevate il 2026-09-14.",71,461,11,10,17,2,2026-09-14,0.7,3,INDEXABLE_OK,Valido
https://efficiency-life.com/da/fln/,airport_it,200,https://efficiency-life.com/da/fln/,True,"index, follow",none,"Migliori voli da Hercilio Luz Intl, Florianopolis per rapporto qualità-prezzo | FLN","I voli da Hercilio Luz Intl, Florianopolis con il miglior rapporto qualità-prezzo","Le 9 migliori destinazioni da Hercilio Luz Intl, Florianopolis: voli diretti ordinati per rapporto qualità-prezzo e chilometri per euro, non solo per prezzo. Tariffe reali rilevate il 2026-09-14.",9,384,20,19,17,2,2026-09-14,0.7,3,INDEXABLE_OK,Valido
https://efficiency-life.com/da/flr/,airport_it,200,https://efficiency-life.com/da/flr/,True,"index, follow",none,"Migliori voli da Firenze / Peretola Airport, Firenze per rapporto qualità-prezzo | FLR","I voli da Firenze / Peretola Airport, Firenze con il miglior rapporto qualità-prezzo","Le 17 migliori destinazioni da Firenze / Peretola Airport, Firenze: voli diretti ordinati per rapporto qualità-prezzo e chilometri per euro, non solo per prezzo. Tariffe reali rilevate il 2026-09-14.",17,420,19,18,17,2,2026-09-14,0.7,3,INDEXABLE_OK,Valido
https://efficiency-life.com/da/fmm/,airport_it,200,https://efficiency-life.com/da/fmm/,True,"index, follow",none,"Migliori voli da Memmingen Allgau Airport, Memmingen per rapporto qualità-prezzo | FMM","I voli da Memmingen Allgau Airport, Memmingen con il miglior rapporto qualità-prezzo","Le 43 migliori destinazioni da Memmingen Allgau Airport, Memmingen: voli diretti ordinati per rapporto qualità-prezzo e chilometri per euro, non solo per prezzo. Tariffe reali rilevate il 2026-09-14.",43,431,12,11,17,2,2026-09-14,0.7,3,INDEXABLE_OK,Valido
https://efficiency-life.com/da/fmo/,airport_it,200,https://efficiency-life.com/da/fmo/,True,"index, follow",none,"Migliori voli da Munster Osnabruck International Airport, Munster Osnabruck International Airport per rapporto qualità-prezzo | FMO","I voli da Munster Osnabruck International Airport, Munster Osnabruck International Airport con il miglior rapporto qualità-prezzo","Le 9 migliori destinazioni da Munster Osnabruck International Airport, Munster Osnabruck International Airport: voli diretti ordinati per rapporto qualità-prezzo e chilometri per euro, non solo per prezzo. Tariffe reali rilevate il 2026-09-14.",9,399,17,16,17,2,2026-09-14,0.7,3,INDEXABLE_OK,Valido
https://efficiency-life.com/da/fnc/,airport_it,200,https://efficiency-life.com/da/fnc/,True,"index, follow",none,"Migliori voli da Madeira Airport, Funchal per rapporto qualità-prezzo | FNC","I voli da Madeira Airport, Funchal con il miglior rapporto qualità-prezzo","Le 20 migliori destinazioni da Madeira Airport, Funchal: voli diretti ordinati per rapporto qualità-prezzo e chilometri per euro, non solo per prezzo. Tariffe reali rilevate il 2026-09-14.",20,429,6,5,17,2,2026-09-14,0.7,3,INDEXABLE_OK,Valido
https://efficiency-life.com/da/foc/,airport_it,200,https://efficiency-life.com/da/foc/,True,"index, follow",none,"Migliori voli da Fuzhou Changle Intl, Fuzhou per rapporto qualità-prezzo | FOC","I voli da Fuzhou Changle Intl, Fuzhou con il miglior rapporto qualità-prezzo","Le 7 migliori destinazioni da Fuzhou Changle Intl, Fuzhou: voli diretti ordinati per rapporto qualità-prezzo e chilometri per euro, non solo per prezzo. Tariffe reali rilevate il 2026-09-14.",7,346,21,20,17,2,2026-09-14,0.7,3,INDEXABLE_OK,Valido
https://efficiency-life.com/da/for/,airport_it,200,https://efficiency-life.com/da/for/,True,"index, follow",none,"Migliori voli da Pinto Martins Intl, Fortaleza per rapporto qualità-prezzo | FOR","I voli da Pinto Martins Intl, Fortaleza con il miglior rapporto qualità-prezzo","Le 11 migliori destinazioni da Pinto Martins Intl, Fortaleza: voli diretti ordinati per rapporto qualità-prezzo e chilometri per euro, non solo per prezzo. Tariffe reali rilevate il 2026-09-14.",11,410,10,9,17,2,2026-09-14,0.7,3,INDEXABLE_OK,Valido
https://efficiency-life.com/da/fra/,airport_it,200,https://efficiency-life.com/da/fra/,True,"index, follow",none,"Migliori voli da Frankfurt am Main Intl, Frankfurt am Main per rapporto qualità-prezzo | FRA","I voli da Frankfurt am Main Intl, Frankfurt am Main con il miglior rapporto qualità-prezzo","Le 214 migliori destinazioni da Frankfurt am Main Intl, Frankfurt am Main: voli diretti ordinati per rapporto qualità-prezzo e chilometri per euro, non solo per prezzo. Tariffe reali rilevate il 2026-09-14.",214,441,20,18,17,1,2026-09-14,0.7,3,INDEXABLE_OK,Valido
https://efficiency-life.com/da/fuk/,airport_it,200,https://efficiency-life.com/da/fuk/,True,"index, follow",none,"Migliori voli da Fukuoka Airport, Fukuoka per rapporto qualità-prezzo | FUK","I voli da Fukuoka Airport, Fukuoka con il miglior rapporto qualità-prezzo","Le 22 migliori destinazioni da Fukuoka Airport, Fukuoka: voli diretti ordinati per rapporto qualità-prezzo e chilometri per euro, non solo per prezzo. Tariffe reali rilevate il 2026-09-14.",22,413,17,16,17,2,2026-09-14,0.7,3,INDEXABLE_OK,Valido
https://efficiency-life.com/da/gdl/,airport_it,200,https://efficiency-life.com/da/gdl/,True,"index, follow",none,"Migliori voli da Don Miguel Hidalgo Y Costilla Intl, Guadalajara per rapporto qualità-prezzo | GDL","I voli da Don Miguel Hidalgo Y Costilla Intl, Guadalajara con il miglior rapporto qualità-prezzo","Le 27 migliori destinazioni da Don Miguel Hidalgo Y Costilla Intl, Guadalajara: voli diretti ordinati per rapporto qualità-prezzo e chilometri per euro, non solo per prezzo. Tariffe reali rilevate il 2026-09-14.",27,447,12,11,17,2,2026-09-14,0.7,3,INDEXABLE_OK,Valido
https://efficiency-life.com/da/gdn/,airport_it,200,https://efficiency-life.com/da/gdn/,True,"index, follow",none,"Migliori voli da Gdańsk Lech Wałęsa Airport, Gdańsk per rapporto qualità-prezzo | GDN","I voli da Gdańsk Lech Wałęsa Airport, Gdańsk con il miglior rapporto qualità-prezzo","Le 66 migliori destinazioni da Gdańsk Lech Wałęsa Airport, Gdańsk: voli diretti ordinati per rapporto qualità-prezzo e chilometri per euro, non solo per prezzo. Tariffe reali rilevate il 2026-09-14.",66,428,20,19,17,2,2026-09-14,0.7,3,INDEXABLE_OK,Valido
https://efficiency-life.com/da/gdx/,airport_it,200,https://efficiency-life.com/da/gdx/,True,"index, follow",none,"Migliori voli da Magadan Airport, Magadan Airport per rapporto qualità-prezzo | GDX","I voli da Magadan Airport, Magadan Airport con il miglior rapporto qualità-prezzo","Le 11 migliori destinazioni da Magadan Airport, Magadan Airport: voli diretti ordinati per rapporto qualità-prezzo e chilometri per euro, non solo per prezzo. Tariffe reali rilevate il 2026-09-14.",11,420,9,8,17,2,2026-09-14,0.7,3,INDEXABLE_OK,Valido
https://efficiency-life.com/da/geg/,airport_it,200,https://efficiency-life.com/da/geg/,True,"index, follow",none,"Migliori voli da Spokane Intl, Spokane per rapporto qualità-prezzo | GEG","I voli da Spokane Intl, Spokane con il miglior rapporto qualità-prezzo","Le 7 migliori destinazioni da Spokane Intl, Spokane: voli diretti ordinati per rapporto qualità-prezzo e chilometri per euro, non solo per prezzo. Tariffe reali rilevate il 2026-09-14.",7,356,11,10,17,2,2026-09-14,0.7,3,INDEXABLE_OK,Valido
https://efficiency-life.com/da/gig/,airport_it,200,https://efficiency-life.com/da/gig/,True,"index, follow",none,"Migliori voli da Galeao - Antonio Carlos Jobim Intl, Rio De Janeiro per rapporto qualità-prezzo | GIG","I voli da Galeao - Antonio Carlos Jobim Intl, Rio De Janeiro con il miglior rapporto qualità-prezzo","Le 44 migliori destinazioni da Galeao - Antonio Carlos Jobim Intl, Rio De Janeiro: voli diretti ordinati per rapporto qualità-prezzo e chilometri per euro, non solo per prezzo. Tariffe reali rilevate il 2026-09-14.",44,444,19,18,17,2,2026-09-14,0.7,3,INDEXABLE_OK,Valido
https://efficiency-life.com/da/gla/,airport_it,200,https://efficiency-life.com/da/gla/,True,"index, follow",none,"Migliori voli da Glasgow Intl, Glasgow per rapporto qualità-prezzo | GLA","I voli da Glasgow Intl, Glasgow con il miglior rapporto qualità-prezzo","Le 22 migliori destinazioni da Glasgow Intl, Glasgow: voli diretti ordinati per rapporto qualità-prezzo e chilometri per euro, non solo per prezzo. Tariffe reali rilevate il 2026-09-14.",22,427,12,11,18,2,2026-09-14,0.7,3,INDEXABLE_OK,Valido
https://efficiency-life.com/da/gmp/,airport_it,200,https://efficiency-life.com/da/gmp/,True,"index, follow",none,"Migliori voli da Gimpo Intl, Seul per rapporto qualità-prezzo | GMP","I voli da Gimpo Intl, Seul con il miglior rapporto qualità-prezzo","Le 11 migliori destinazioni da Gimpo Intl, Seul: voli diretti ordinati per rapporto qualità-prezzo e chilometri per euro, non solo per prezzo. Tariffe reali rilevate il 2026-09-14.",11,409,7,6,17,2,2026-09-14,0.7,3,INDEXABLE_OK,Valido
https://efficiency-life.com/da/goa/,airport_it,200,https://efficiency-life.com/da/goa/,True,"index, follow",none,"Migliori voli da Genova / Sestri Cristoforo Colombo Airport, Genova per rapporto qualità-prezzo | GOA","I voli da Genova / Sestri Cristoforo Colombo Airport, Genova con il miglior rapporto qualità-prezzo","Le 13 migliori destinazioni da Genova / Sestri Cristoforo Colombo Airport, Genova: voli diretti ordinati per rapporto qualità-prezzo e chilometri per euro, non solo per prezzo. Tariffe reali rilevate il 2026-09-14.",13,432,15,14,17,2,2026-09-14,0.7,3,INDEXABLE_OK,Valido
https://efficiency-life.com/da/goi/,airport_it,200,https://efficiency-life.com/da/goi/,True,"index, follow",none,"Migliori voli da Dabolim Airport, Dabolim per rapporto qualità-prezzo | GOI","I voli da Dabolim Airport, Dabolim con il miglior rapporto qualità-prezzo","Le 16 migliori destinazioni da Dabolim Airport, Dabolim: voli diretti ordinati per rapporto qualità-prezzo e chilometri per euro, non solo per prezzo. Tariffe reali rilevate il 2026-09-14.",16,415,19,18,17,2,2026-09-14,0.7,3,INDEXABLE_OK,Valido
https://efficiency-life.com/da/goj/,airport_it,200,https://efficiency-life.com/da/goj/,True,"index, follow",none,"Migliori voli da Nizhny Novgorod International Airport, Nizhny Novgorod International Airport per rapporto qualità-prezzo | GOJ","I voli da Nizhny Novgorod International Airport, Nizhny Novgorod International Airport con il miglior rapporto qualità-prezzo","Le 20 migliori destinazioni da Nizhny Novgorod International Airport, Nizhny Novgorod International Airport: voli diretti ordinati per rapporto qualità-prezzo e chilometri per euro, non solo per prezzo. Tariffe reali rilevate il 2026-09-14.",20,443,21,20,17,2,2026-09-14,0.7,3,INDEXABLE_OK,Valido
https://efficiency-life.com/da/got/,airport_it,200,https://efficiency-life.com/da/got/,True,"index, follow",none,"Migliori voli da Gothenburg-Landvetter Airport, Gothenburg per rapporto qualità-prezzo | GOT","I voli da Gothenburg-Landvetter Airport, Gothenburg con il miglior rapporto qualità-prezzo","Le 40 migliori destinazioni da Gothenburg-Landvetter Airport, Gothenburg: voli diretti ordinati per rapporto qualità-prezzo e chilometri per euro, non solo per prezzo. Tariffe reali rilevate il 2026-09-14.",40,429,12,11,17,2,2026-09-14,0.7,3,INDEXABLE_OK,Valido
https://efficiency-life.com/da/gox/,airport_it,200,https://efficiency-life.com/da/gox/,True,"index, follow",none,"Migliori voli da Manohar Intl, Mopa per rapporto qualità-prezzo | GOX","I voli da Manohar Intl, Mopa con il miglior rapporto qualità-prezzo","Le 11 migliori destinazioni da Manohar Intl, Mopa: voli diretti ordinati per rapporto qualità-prezzo e chilometri per euro, non solo per prezzo. Tariffe reali rilevate il 2026-09-14.",11,403,20,19,17,2,2026-09-14,0.7,3,INDEXABLE_OK,Valido
https://efficiency-life.com/da/gro/,airport_it,200,https://efficiency-life.com/da/gro/,True,"index, follow",none,"Migliori voli da Girona-Costa Brava Airport, Girona-Costa Brava Airport per rapporto qualità-prezzo | GRO","I voli da Girona-Costa Brava Airport, Girona-Costa Brava Airport con il miglior rapporto qualità-prezzo","Le 15 migliori destinazioni da Girona-Costa Brava Airport, Girona-Costa Brava Airport: voli diretti ordinati per rapporto qualità-prezzo e chilometri per euro, non solo per prezzo. Tariffe reali rilevate il 2026-09-14.",15,439,15,14,17,2,2026-09-14,0.7,3,INDEXABLE_OK,Valido
https://efficiency-life.com/da/grr/,airport_it,200,https://efficiency-life.com/da/grr/,True,"index, follow",none,"Migliori voli da Gerald R Ford Intl, Grand Rapids per rapporto qualità-prezzo | GRR","I voli da Gerald R Ford Intl, Grand Rapids con il miglior rapporto qualità-prezzo","Le 12 migliori destinazioni da Gerald R Ford Intl, Grand Rapids: voli diretti ordinati per rapporto qualità-prezzo e chilometri per euro, non solo per prezzo. Tariffe reali rilevate il 2026-09-14.",12,439,13,12,17,2,2026-09-14,0.7,3,INDEXABLE_OK,Valido
https://efficiency-life.com/da/gru/,airport_it,200,https://efficiency-life.com/da/gru/,True,"index, follow",none,"Migliori voli da Guarulhos - Governador Andre Franco Montoro Intl, San Paolo per rapporto qualità-prezzo | GRU","I voli da Guarulhos - Governador Andre Franco Montoro Intl, San Paolo con il miglior rapporto qualità-prezzo","Le 82 migliori destinazioni da Guarulhos - Governador Andre Franco Montoro Intl, San Paolo: voli diretti ordinati per rapporto qualità-prezzo e chilometri per euro, non solo per prezzo. Tariffe reali rilevate il 2026-09-14.",82,454,20,19,17,2,2026-09-14,0.7,3,INDEXABLE_OK,Valido
https://efficiency-life.com/da/grv/,airport_it,200,https://efficiency-life.com/da/grv/,True,"index, follow",none,"Migliori voli da Groznyy Airport, Groznyy Airport per rapporto qualità-prezzo | GRV","I voli da Groznyy Airport, Groznyy Airport con il miglior rapporto qualità-prezzo","Le 9 migliori destinazioni da Groznyy Airport, Groznyy Airport: voli diretti ordinati per rapporto qualità-prezzo e chilometri per euro, non solo per prezzo. Tariffe reali rilevate il 2026-09-14.",9,381,16,15,17,2,2026-09-14,0.7,3,INDEXABLE_OK,Valido
https://efficiency-life.com/da/grx/,airport_it,200,https://efficiency-life.com/da/grx/,True,"index, follow",none,"Migliori voli da Federico Garcia Lorca Airport, Granada per rapporto qualità-prezzo | GRX","I voli da Federico Garcia Lorca Airport, Granada con il miglior rapporto qualità-prezzo","Le 6 migliori destinazioni da Federico Garcia Lorca Airport, Granada: voli diretti ordinati per rapporto qualità-prezzo e chilometri per euro, non solo per prezzo. Tariffe reali rilevate il 2026-09-14.",6,339,21,20,17,2,2026-09-14,0.7,3,INDEXABLE_OK,Valido
https://efficiency-life.com/da/grz/,airport_it,200,https://efficiency-life.com/da/grz/,True,"index, follow",none,"Migliori voli da Graz Airport, Graz per rapporto qualità-prezzo | GRZ","I voli da Graz Airport, Graz con il miglior rapporto qualità-prezzo","Le 9 migliori destinazioni da Graz Airport, Graz: voli diretti ordinati per rapporto qualità-prezzo e chilometri per euro, non solo per prezzo. Tariffe reali rilevate il 2026-09-14.",9,372,10,9,17,2,2026-09-14,0.7,3,INDEXABLE_OK,Valido
https://efficiency-life.com/da/gsp/,airport_it,200,https://efficiency-life.com/da/gsp/,True,"index, follow",none,"Migliori voli da Greenville-Spartanburg International Airport, Greenville-Spartanburg International Airport per rapporto qualità-prezzo | GSP","I voli da Greenville-Spartanburg International Airport, Greenville-Spartanburg International Airport con il miglior rapporto qualità-prezzo","Le 6 migliori destinazioni da Greenville-Spartanburg International Airport, Greenville-Spartanburg International Airport: voli diretti ordinati per rapporto qualità-prezzo e chilometri per euro, non solo per prezzo. Tariffe reali rilevate il 2026-09-14.",6,350,12,11,17,2,2026-09-14,0.7,3,INDEXABLE_OK,Valido
https://efficiency-life.com/da/gsv/,airport_it,200,https://efficiency-life.com/da/gsv/,True,"index, follow",none,"Migliori voli da Gagarin, Saratov per rapporto qualità-prezzo | GSV","I voli da Gagarin, Saratov con il miglior rapporto qualità-prezzo","Le 12 migliori destinazioni da Gagarin, Saratov: voli diretti ordinati per rapporto qualità-prezzo e chilometri per euro, non solo per prezzo. Tariffe reali rilevate il 2026-09-14.",12,417,20,19,17,2,2026-09-14,0.7,3,INDEXABLE_OK,Valido
https://efficiency-life.com/da/gua/,airport_it,200,https://efficiency-life.com/da/gua/,True,"index, follow",none,"Migliori voli da La Aurora Airport, Guatemala City per rapporto qualità-prezzo | GUA","I voli da La Aurora Airport, Guatemala City con il miglior rapporto qualità-prezzo","Le 18 migliori destinazioni da La Aurora Airport, Guatemala City: voli diretti ordinati per rapporto qualità-prezzo e chilometri per euro, non solo per prezzo. Tariffe reali rilevate il 2026-09-14.",18,432,7,6,17,2,2026-09-14,0.7,3,INDEXABLE_OK,Valido
https://efficiency-life.com/da/guw/,airport_it,200,https://efficiency-life.com/da/guw/,True,"index, follow",none,"Migliori voli da Atyrau Airport, Atyrau Airport per rapporto qualità-prezzo | GUW","I voli da Atyrau Airport, Atyrau Airport con il miglior rapporto qualità-prezzo","Le 9 migliori destinazioni da Atyrau Airport, Atyrau Airport: voli diretti ordinati per rapporto qualità-prezzo e chilometri per euro, non solo per prezzo. Tariffe reali rilevate il 2026-09-14.",9,378,12,11,17,2,2026-09-14,0.7,3,INDEXABLE_OK,Valido
https://efficiency-life.com/da/gva/,airport_it,200,https://efficiency-life.com/da/gva/,True,"index, follow",none,"Migliori voli da Geneva Cointrin Intl, Ginevra per rapporto qualità-prezzo | GVA","I voli da Geneva Cointrin Intl, Ginevra con il miglior rapporto qualità-prezzo","Le 76 migliori destinazioni da Geneva Cointrin Intl, Ginevra: voli diretti ordinati per rapporto qualità-prezzo e chilometri per euro, non solo per prezzo. Tariffe reali rilevate il 2026-09-14.",76,426,11,10,17,2,2026-09-14,0.7,3,INDEXABLE_OK,Valido
https://efficiency-life.com/da/gyd/,airport_it,200,https://efficiency-life.com/da/gyd/,True,"index, follow",none,"Migliori voli da Heydar Aliyev Intl, Baku per rapporto qualità-prezzo | GYD","I voli da Heydar Aliyev Intl, Baku con il miglior rapporto qualità-prezzo","Le 65 migliori destinazioni da Heydar Aliyev Intl, Baku: voli diretti ordinati per rapporto qualità-prezzo e chilometri per euro, non solo per prezzo. Tariffe reali rilevate il 2026-09-14.",65,428,6,5,17,2,2026-09-14,0.7,3,INDEXABLE_OK,Valido
https://efficiency-life.com/da/gye/,airport_it,200,https://efficiency-life.com/da/gye/,True,"index, follow",none,"Migliori voli da Simon Bolivar Intl, Guayaquil per rapporto qualità-prezzo | GYE","I voli da Simon Bolivar Intl, Guayaquil con il miglior rapporto qualità-prezzo","Le 11 migliori destinazioni da Simon Bolivar Intl, Guayaquil: voli diretti ordinati per rapporto qualità-prezzo e chilometri per euro, non solo per prezzo. Tariffe reali rilevate il 2026-09-14.",11,411,10,9,17,2,2026-09-14,0.7,3,INDEXABLE_OK,Valido
https://efficiency-life.com/da/gyn/,airport_it,200,https://efficiency-life.com/da/gyn/,True,"index, follow",none,"Migliori voli da Santa Genoveva Airport, Goiania per rapporto qualità-prezzo | GYN","I voli da Santa Genoveva Airport, Goiania con il miglior rapporto qualità-prezzo","Le 9 migliori destinazioni da Santa Genoveva Airport, Goiania: voli diretti ordinati per rapporto qualità-prezzo e chilometri per euro, non solo per prezzo. Tariffe reali rilevate il 2026-09-14.",9,382,24,23,17,2,2026-09-14,0.7,3,INDEXABLE_OK,Valido
https://efficiency-life.com/da/gzp/,airport_it,200,https://efficiency-life.com/da/gzp/,True,"index, follow",none,"Migliori voli da Gazipasa Airport, Gazipasa Airport per rapporto qualità-prezzo | GZP","I voli da Gazipasa Airport, Gazipasa Airport con il miglior rapporto qualità-prezzo","Le 7 migliori destinazioni da Gazipasa Airport, Gazipasa Airport: voli diretti ordinati per rapporto qualità-prezzo e chilometri per euro, non solo per prezzo. Tariffe reali rilevate il 2026-09-14.",7,341,18,17,17,2,2026-09-14,0.7,3,INDEXABLE_OK,Valido
https://efficiency-life.com/da/gzt/,airport_it,200,https://efficiency-life.com/da/gzt/,True,"index, follow",none,"Migliori voli da Gaziantep Intl, Gaziantep per rapporto qualità-prezzo | GZT","I voli da Gaziantep Intl, Gaziantep con il miglior rapporto qualità-prezzo","Le 6 migliori destinazioni da Gaziantep Intl, Gaziantep: voli diretti ordinati per rapporto qualità-prezzo e chilometri per euro, non solo per prezzo. Tariffe reali rilevate il 2026-09-14.",6,326,15,14,17,2,2026-09-14,0.7,3,INDEXABLE_OK,Valido
https://efficiency-life.com/da/haj/,airport_it,200,https://efficiency-life.com/da/haj/,True,"index, follow",none,"Migliori voli da Hannover Airport, Hannover per rapporto qualità-prezzo | HAJ","I voli da Hannover Airport, Hannover con il miglior rapporto qualità-prezzo","Le 40 migliori destinazioni da Hannover Airport, Hannover: voli diretti ordinati per rapporto qualità-prezzo e chilometri per euro, non solo per prezzo. Tariffe reali rilevate il 2026-09-14.",40,423,13,12,17,2,2026-09-14,0.7,3,INDEXABLE_OK,Valido
https://efficiency-life.com/da/hak/,airport_it,200,https://efficiency-life.com/da/hak/,True,"index, follow",none,"Migliori voli da Haikou Meilan Intl, Haikou per rapporto qualità-prezzo | HAK","I voli da Haikou Meilan Intl, Haikou con il miglior rapporto qualità-prezzo","Le 22 migliori destinazioni da Haikou Meilan Intl, Haikou: voli diretti ordinati per rapporto qualità-prezzo e chilometri per euro, non solo per prezzo. Tariffe reali rilevate il 2026-09-14.",22,417,13,12,17,2,2026-09-14,0.7,3,INDEXABLE_OK,Valido
https://efficiency-life.com/da/ham/,airport_it,200,https://efficiency-life.com/da/ham/,True,"index, follow",none,"Migliori voli da Hamburg Airport, Amburgo per rapporto qualità-prezzo | HAM","I voli da Hamburg Airport, Amburgo con il miglior rapporto qualità-prezzo","Le 81 migliori destinazioni da Hamburg Airport, Amburgo: voli diretti ordinati per rapporto qualità-prezzo e chilometri per euro, non solo per prezzo. Tariffe reali rilevate il 2026-09-14.",81,421,16,15,17,2,2026-09-14,0.7,3,INDEXABLE_OK,Valido
https://efficiency-life.com/da/han/,airport_it,200,https://efficiency-life.com/da/han/,True,"index, follow",none,"Migliori voli da Noi Bai Intl, Hanoi per rapporto qualità-prezzo | HAN","I voli da Noi Bai Intl, Hanoi con il miglior rapporto qualità-prezzo","Le 54 migliori destinazioni da Noi Bai Intl, Hanoi: voli diretti ordinati per rapporto qualità-prezzo e chilometri per euro, non solo per prezzo. Tariffe reali rilevate il 2026-09-14.",54,445,9,8,17,2,2026-09-14,0.7,3,INDEXABLE_OK,Valido
https://efficiency-life.com/da/hav/,airport_it,200,https://efficiency-life.com/da/hav/,True,"index, follow",none,"Migliori voli da Jose Marti Intl, Havana per rapporto qualità-prezzo | HAV","I voli da Jose Marti Intl, Havana con il miglior rapporto qualità-prezzo","Le 9 migliori destinazioni da Jose Marti Intl, Havana: voli diretti ordinati per rapporto qualità-prezzo e chilometri per euro, non solo per prezzo. Tariffe reali rilevate il 2026-09-14.",9,386,10,9,17,2,2026-09-14,0.7,3,INDEXABLE_OK,Valido
https://efficiency-life.com/da/hel/,airport_it,200,https://efficiency-life.com/da/hel/,True,"index, follow",none,"Migliori voli da Helsinki Vantaa Airport, Helsinki per rapporto qualità-prezzo | HEL","I voli da Helsinki Vantaa Airport, Helsinki con il miglior rapporto qualità-prezzo","Le 92 migliori destinazioni da Helsinki Vantaa Airport, Helsinki: voli diretti ordinati per rapporto qualità-prezzo e chilometri per euro, non solo per prezzo. Tariffe reali rilevate il 2026-09-14.",92,429,9,8,17,2,2026-09-14,0.7,3,INDEXABLE_OK,Valido
https://efficiency-life.com/da/her/,airport_it,200,https://efficiency-life.com/da/her/,True,"index, follow",none,"Migliori voli da Heraklion Intl Nikos Kazantzakis Airport, Heraklion per rapporto qualità-prezzo | HER","I voli da Heraklion Intl Nikos Kazantzakis Airport, Heraklion con il miglior rapporto qualità-prezzo","Le 25 migliori destinazioni da Heraklion Intl Nikos Kazantzakis Airport, Heraklion: voli diretti ordinati per rapporto qualità-prezzo e chilometri per euro, non solo per prezzo. Tariffe reali rilevate il 2026-09-14.",25,430,8,7,17,2,2026-09-14,0.7,3,INDEXABLE_OK,Valido
https://efficiency-life.com/da/het/,airport_it,200,https://efficiency-life.com/da/het/,True,"index, follow",none,"Migliori voli da Hohhot Baita International Airport, Hohhot Baita International Airport per rapporto qualità-prezzo | HET","I voli da Hohhot Baita International Airport, Hohhot Baita International Airport con il miglior rapporto qualità-prezzo","Le 8 migliori destinazioni da Hohhot Baita International Airport, Hohhot Baita International Airport: voli diretti ordinati per rapporto qualità-prezzo e chilometri per euro, non solo per prezzo. Tariffe reali rilevate il 2026-09-14.",8,374,15,14,17,2,2026-09-14,0.7,3,INDEXABLE_OK,Valido
https://efficiency-life.com/da/hgh/,airport_it,200,https://efficiency-life.com/da/hgh/,True,"index, follow",none,"Migliori voli da Hangzhou Xiaoshan Intl, Hangzhou per rapporto qualità-prezzo | HGH","I voli da Hangzhou Xiaoshan Intl, Hangzhou con il miglior rapporto qualità-prezzo","Le 38 migliori destinazioni da Hangzhou Xiaoshan Intl, Hangzhou: voli diretti ordinati per rapporto qualità-prezzo e chilometri per euro, non solo per prezzo. Tariffe reali rilevate il 2026-09-14.",38,417,17,16,17,2,2026-09-14,0.7,3,INDEXABLE_OK,Valido
https://efficiency-life.com/da/hhn/,airport_it,200,https://efficiency-life.com/da/hhn/,True,"index, follow",none,"Migliori voli da Frankfurt - Hahn Airport, Frankfurt - Hahn Airport per rapporto qualità-prezzo | HHN","I voli da Frankfurt - Hahn Airport, Frankfurt - Hahn Airport con il miglior rapporto qualità-prezzo","Le 38 migliori destinazioni da Frankfurt - Hahn Airport, Frankfurt - Hahn Airport: voli diretti ordinati per rapporto qualità-prezzo e chilometri per euro, non solo per prezzo. Tariffe reali rilevate il 2026-09-14.",38,440,19,18,17,2,2026-09-14,0.7,3,INDEXABLE_OK,Valido
https://efficiency-life.com/da/hkg/,airport_it,200,https://efficiency-life.com/da/hkg/,True,"index, follow",none,"Migliori voli da Chek Lap Kok Intl, Hong Kong per rapporto qualità-prezzo | HKG","I voli da Chek Lap Kok Intl, Hong Kong con il miglior rapporto qualità-prezzo","Le 85 migliori destinazioni da Chek Lap Kok Intl, Hong Kong: voli diretti ordinati per rapporto qualità-prezzo e chilometri per euro, non solo per prezzo. Tariffe reali rilevate il 2026-09-14.",85,439,10,9,17,2,2026-09-14,0.7,3,INDEXABLE_OK,Valido
https://efficiency-life.com/da/hkt/,airport_it,200,https://efficiency-life.com/da/hkt/,True,"index, follow",none,"Migliori voli da Phuket Intl, Phuket per rapporto qualità-prezzo | HKT","I voli da Phuket Intl, Phuket con il miglior rapporto qualità-prezzo","Le 52 migliori destinazioni da Phuket Intl, Phuket: voli diretti ordinati per rapporto qualità-prezzo e chilometri per euro, non solo per prezzo. Tariffe reali rilevate il 2026-09-14.",52,428,16,15,17,2,2026-09-14,0.7,3,INDEXABLE_OK,Valido
https://efficiency-life.com/da/hld/,airport_it,200,https://efficiency-life.com/da/hld/,True,"index, follow",none,"Migliori voli da Hulunbuir Hailar Airport, Hulunbuir Hailar Airport per rapporto qualità-prezzo | HLD","I voli da Hulunbuir Hailar Airport, Hulunbuir Hailar Airport con il miglior rapporto qualità-prezzo","Le 8 migliori destinazioni da Hulunbuir Hailar Airport, Hulunbuir Hailar Airport: voli diretti ordinati per rapporto qualità-prezzo e chilometri per euro, non solo per prezzo. Tariffe reali rilevate il 2026-09-14.",8,372,9,8,17,2,2026-09-14,0.7,3,INDEXABLE_OK,Valido
https://efficiency-life.com/da/hlp/,airport_it,200,https://efficiency-life.com/da/hlp/,True,"index, follow",none,"Migliori voli da Halim Perdanakusuma Airport, Halim Perdanakusuma Airport per rapporto qualità-prezzo | HLP","I voli da Halim Perdanakusuma Airport, Halim Perdanakusuma Airport con il miglior rapporto qualità-prezzo","Le 6 migliori destinazioni da Halim Perdanakusuma Airport, Halim Perdanakusuma Airport: voli diretti ordinati per rapporto qualità-prezzo e chilometri per euro, non solo per prezzo. Tariffe reali rilevate il 2026-09-14.",6,347,8,7,17,2,2026-09-14,0.7,3,INDEXABLE_OK,Valido
https://efficiency-life.com/da/hma/,airport_it,200,https://efficiency-life.com/da/hma/,True,"index, follow",none,"Migliori voli da Khanty-Mansiysk Airport, Khanty-Mansiysk Airport per rapporto qualità-prezzo | HMA","I voli da Khanty-Mansiysk Airport, Khanty-Mansiysk Airport con il miglior rapporto qualità-prezzo","Le 19 migliori destinazioni da Khanty-Mansiysk Airport, Khanty-Mansiysk Airport: voli diretti ordinati per rapporto qualità-prezzo e chilometri per euro, non solo per prezzo. Tariffe reali rilevate il 2026-09-14.",19,438,16,15,17,2,2026-09-14,0.7,3,INDEXABLE_OK,Valido
https://efficiency-life.com/da/hnd/,airport_it,200,https://efficiency-life.com/da/hnd/,True,"index, follow",none,"Migliori voli da Haneda, Tokyo per rapporto qualità-prezzo | HND","I voli da Haneda, Tokyo con il miglior rapporto qualità-prezzo","Le 75 migliori destinazioni da Haneda, Tokyo: voli diretti ordinati per rapporto qualità-prezzo e chilometri per euro, non solo per prezzo. Tariffe reali rilevate il 2026-09-14.",75,411,11,10,17,2,2026-09-14,0.7,3,INDEXABLE_OK,Valido
https://efficiency-life.com/da/hnl/,airport_it,200,https://efficiency-life.com/da/hnl/,True,"index, follow",none,"Migliori voli da Daniel K Inouye Intl, Honolulu per rapporto qualità-prezzo | HNL","I voli da Daniel K Inouye Intl, Honolulu con il miglior rapporto qualità-prezzo","Le 24 migliori destinazioni da Daniel K Inouye Intl, Honolulu: voli diretti ordinati per rapporto qualità-prezzo e chilometri per euro, non solo per prezzo. Tariffe reali rilevate il 2026-09-14.",24,447,6,5,17,2,2026-09-14,0.7,3,INDEXABLE_OK,Valido
https://efficiency-life.com/da/hou/,airport_it,200,https://efficiency-life.com/da/hou/,True,"index, follow",none,"Migliori voli da William P Hobby Airport, Houston per rapporto qualità-prezzo | HOU","I voli da William P Hobby Airport, Houston con il miglior rapporto qualità-prezzo","Le 43 migliori destinazioni da William P Hobby Airport, Houston: voli diretti ordinati per rapporto qualità-prezzo e chilometri per euro, non solo per prezzo. Tariffe reali rilevate il 2026-09-14.",43,444,11,10,17,2,2026-09-14,0.7,3,INDEXABLE_OK,Valido
https://efficiency-life.com/da/hrb/,airport_it,200,https://efficiency-life.com/da/hrb/,True,"index, follow",none,"Migliori voli da Taiping Airport, Harbin per rapporto qualità-prezzo | HRB","I voli da Taiping Airport, Harbin con il miglior rapporto qualità-prezzo","Le 46 migliori destinazioni da Taiping Airport, Harbin: voli diretti ordinati per rapporto qualità-prezzo e chilometri per euro, non solo per prezzo. Tariffe reali rilevate il 2026-09-14.",46,415,11,10,17,2,2026-09-14,0.7,3,INDEXABLE_OK,Valido
https://efficiency-life.com/da/hre/,airport_it,200,https://efficiency-life.com/da/hre/,True,"index, follow",none,"Migliori voli da Harare Intl, Harare per rapporto qualità-prezzo | HRE","I voli da Harare Intl, Harare con il miglior rapporto qualità-prezzo","Le 10 migliori destinazioni da Harare Intl, Harare: voli diretti ordinati per rapporto qualità-prezzo e chilometri per euro, non solo per prezzo. Tariffe reali rilevate il 2026-09-14.",10,389,19,18,17,2,2026-09-14,0.7,3,INDEXABLE_OK,Valido
https://efficiency-life.com/da/hrg/,airport_it,200,https://efficiency-life.com/da/hrg/,True,"index, follow",none,"Migliori voli da Hurghada Intl, Hurghada per rapporto qualità-prezzo | HRG","I voli da Hurghada Intl, Hurghada con il miglior rapporto qualità-prezzo","Le 47 migliori destinazioni da Hurghada Intl, Hurghada: voli diretti ordinati per rapporto qualità-prezzo e chilometri per euro, non solo per prezzo. Tariffe reali rilevate il 2026-09-14.",47,421,6,5,17,2,2026-09-14,0.7,3,INDEXABLE_OK,Valido
https://efficiency-life.com/da/hta/,airport_it,200,https://efficiency-life.com/da/hta/,True,"index, follow",none,"Migliori voli da Chita Airport, Chita Airport per rapporto qualità-prezzo | HTA","I voli da Chita Airport, Chita Airport con il miglior rapporto qualità-prezzo","Le 21 migliori destinazioni da Chita Airport, Chita Airport: voli diretti ordinati per rapporto qualità-prezzo e chilometri per euro, non solo per prezzo. Tariffe reali rilevate il 2026-09-14.",21,436,14,13,18,2,2026-09-14,0.7,3,INDEXABLE_OK,Valido
https://efficiency-life.com/da/hyd/,airport_it,200,https://efficiency-life.com/da/hyd/,True,"index, follow",none,"Migliori voli da Rajiv Gandhi Intl Shamshabad, Hyderabad per rapporto qualità-prezzo | HYD","I voli da Rajiv Gandhi Intl Shamshabad, Hyderabad con il miglior rapporto qualità-prezzo","Le 30 migliori destinazioni da Rajiv Gandhi Intl Shamshabad, Hyderabad: voli diretti ordinati per rapporto qualità-prezzo e chilometri per euro, non solo per prezzo. Tariffe reali rilevate il 2026-09-14.",30,430,21,20,17,2,2026-09-14,0.7,3,INDEXABLE_OK,Valido
https://efficiency-life.com/da/iad/,airport_it,200,https://efficiency-life.com/da/iad/,True,"index, follow",none,"Migliori voli da Washington Dulles Intl, Washington per rapporto qualità-prezzo | IAD","I voli da Washington Dulles Intl, Washington con il miglior rapporto qualità-prezzo","Le 85 migliori destinazioni da Washington Dulles Intl, Washington: voli diretti ordinati per rapporto qualità-prezzo e chilometri per euro, non solo per prezzo. Tariffe reali rilevate il 2026-09-14.",85,437,20,19,17,2,2026-09-14,0.7,3,INDEXABLE_OK,Valido
https://efficiency-life.com/da/iah/,airport_it,200,https://efficiency-life.com/da/iah/,True,"index, follow",none,"Migliori voli da George Bush Intcntl/Houston Airport, Houston per rapporto qualità-prezzo | IAH","I voli da George Bush Intcntl/Houston Airport, Houston con il miglior rapporto qualità-prezzo","Le 95 migliori destinazioni da George Bush Intcntl/Houston Airport, Houston: voli diretti ordinati per rapporto qualità-prezzo e chilometri per euro, non solo per prezzo. Tariffe reali rilevate il 2026-09-14.",95,446,9,8,17,2,2026-09-14,0.7,3,INDEXABLE_OK,Valido
https://efficiency-life.com/da/ias/,airport_it,200,https://efficiency-life.com/da/ias/,True,"index, follow",none,"Migliori voli da Iasi Airport, Iasi per rapporto qualità-prezzo | IAS","I voli da Iasi Airport, Iasi con il miglior rapporto qualità-prezzo","Le 21 migliori destinazioni da Iasi Airport, Iasi: voli diretti ordinati per rapporto qualità-prezzo e chilometri per euro, non solo per prezzo. Tariffe reali rilevate il 2026-09-14.",21,418,10,9,17,2,2026-09-14,0.7,3,INDEXABLE_OK,Valido
https://efficiency-life.com/da/ibz/,airport_it,200,https://efficiency-life.com/da/ibz/,True,"index, follow",none,"Migliori voli da Ibiza Airport, Ibiza per rapporto qualità-prezzo | IBZ","I voli da Ibiza Airport, Ibiza con il miglior rapporto qualità-prezzo","Le 19 migliori destinazioni da Ibiza Airport, Ibiza: voli diretti ordinati per rapporto qualità-prezzo e chilometri per euro, non solo per prezzo. Tariffe reali rilevate il 2026-09-14.",19,421,20,19,17,2,2026-09-14,0.7,3,INDEXABLE_OK,Valido
https://efficiency-life.com/da/icn/,airport_it,200,https://efficiency-life.com/da/icn/,True,"index, follow",none,"Migliori voli da Incheon Intl, Seul per rapporto qualità-prezzo | ICN","I voli da Incheon Intl, Seul con il miglior rapporto qualità-prezzo","Le 103 migliori destinazioni da Incheon Intl, Seul: voli diretti ordinati per rapporto qualità-prezzo e chilometri per euro, non solo per prezzo. Tariffe reali rilevate il 2026-09-14.",103,430,7,6,17,2,2026-09-14,0.7,3,INDEXABLE_OK,Valido
https://efficiency-life.com/da/ijk/,airport_it,200,https://efficiency-life.com/da/ijk/,True,"index, follow",none,"Migliori voli da Izhevsk Airport, Izhevsk Airport per rapporto qualità-prezzo | IJK","I voli da Izhevsk Airport, Izhevsk Airport con il miglior rapporto qualità-prezzo","Le 7 migliori destinazioni da Izhevsk Airport, Izhevsk Airport: voli diretti ordinati per rapporto qualità-prezzo e chilometri per euro, non solo per prezzo. Tariffe reali rilevate il 2026-09-14.",7,356,16,15,17,2,2026-09-14,0.7,3,INDEXABLE_OK,Valido
https://efficiency-life.com/da/ika/,airport_it,200,https://efficiency-life.com/da/ika/,True,"index, follow",none,"Migliori voli da Imam Khomeini Intl, Tehran per rapporto qualità-prezzo | IKA","I voli da Imam Khomeini Intl, Tehran con il miglior rapporto qualità-prezzo","Le 14 migliori destinazioni da Imam Khomeini Intl, Tehran: voli diretti ordinati per rapporto qualità-prezzo e chilometri per euro, non solo per prezzo. Tariffe reali rilevate il 2026-09-14.",14,418,15,14,17,2,2026-09-14,0.7,3,INDEXABLE_OK,Valido
https://efficiency-life.com/da/ikt/,airport_it,200,https://efficiency-life.com/da/ikt/,True,"index, follow",none,"Migliori voli da Irkutsk International Airport, Irkutsk International Airport per rapporto qualità-prezzo | IKT","I voli da Irkutsk International Airport, Irkutsk International Airport con il miglior rapporto qualità-prezzo","Le 49 migliori destinazioni da Irkutsk International Airport, Irkutsk International Airport: voli diretti ordinati per rapporto qualità-prezzo e chilometri per euro, non solo per prezzo. Tariffe reali rilevate il 2026-09-14.",49,443,19,18,18,2,2026-09-14,0.7,3,INDEXABLE_OK,Valido
https://efficiency-life.com/da/ind/,airport_it,200,https://efficiency-life.com/da/ind/,True,"index, follow",none,"Migliori voli da Indianapolis Intl, Indianapolis per rapporto qualità-prezzo | IND","I voli da Indianapolis Intl, Indianapolis con il miglior rapporto qualità-prezzo","Le 24 migliori destinazioni da Indianapolis Intl, Indianapolis: voli diretti ordinati per rapporto qualità-prezzo e chilometri per euro, non solo per prezzo. Tariffe reali rilevate il 2026-09-14.",24,434,20,19,17,2,2026-09-14,0.7,3,INDEXABLE_OK,Valido
https://efficiency-life.com/da/ini/,airport_it,200,https://efficiency-life.com/da/ini/,True,"index, follow",none,"Migliori voli da Nis Airport, Nis per rapporto qualità-prezzo | INI","I voli da Nis Airport, Nis con il miglior rapporto qualità-prezzo","Le 6 migliori destinazioni da Nis Airport, Nis: voli diretti ordinati per rapporto qualità-prezzo e chilometri per euro, non solo per prezzo. Tariffe reali rilevate il 2026-09-14.",6,326,19,18,17,2,2026-09-14,0.7,3,INDEXABLE_OK,Valido
https://efficiency-life.com/da/isb/,airport_it,200,https://efficiency-life.com/da/isb/,True,"index, follow",none,"Migliori voli da Islamabad Intl, Islamabad per rapporto qualità-prezzo | ISB","I voli da Islamabad Intl, Islamabad con il miglior rapporto qualità-prezzo","Le 20 migliori destinazioni da Islamabad Intl, Islamabad: voli diretti ordinati per rapporto qualità-prezzo e chilometri per euro, non solo per prezzo. Tariffe reali rilevate il 2026-09-14.",20,421,7,6,17,2,2026-09-14,0.7,3,INDEXABLE_OK,Valido
https://efficiency-life.com/da/ist/,airport_it,200,https://efficiency-life.com/da/ist/,True,"index, follow",none,"Migliori voli da Istanbul, Istanbul per rapporto qualità-prezzo | IST","I voli da Istanbul, Istanbul con il miglior rapporto qualità-prezzo","Le 265 migliori destinazioni da Istanbul, Istanbul: voli diretti ordinati per rapporto qualità-prezzo e chilometri per euro, non solo per prezzo. Tariffe reali rilevate il 2026-09-14.",265,422,20,18,17,1,2026-09-14,0.7,3,INDEXABLE_OK,Valido
https://efficiency-life.com/da/itm/,airport_it,200,https://efficiency-life.com/da/itm/,True,"index, follow",none,"Migliori voli da Osaka Intl, Osaka per rapporto qualità-prezzo | ITM","I voli da Osaka Intl, Osaka con il miglior rapporto qualità-prezzo","Le 13 migliori destinazioni da Osaka Intl, Osaka: voli diretti ordinati per rapporto qualità-prezzo e chilometri per euro, non solo per prezzo. Tariffe reali rilevate il 2026-09-14.",13,408,13,12,17,2,2026-09-14,0.7,3,INDEXABLE_OK,Valido
https://efficiency-life.com/da/jai/,airport_it,200,https://efficiency-life.com/da/jai/,True,"index, follow",none,"Migliori voli da Jaipur Intl, Jaipur per rapporto qualità-prezzo | JAI","I voli da Jaipur Intl, Jaipur con il miglior rapporto qualità-prezzo","Le 6 migliori destinazioni da Jaipur Intl, Jaipur: voli diretti ordinati per rapporto qualità-prezzo e chilometri per euro, non solo per prezzo. Tariffe reali rilevate il 2026-09-14.",6,329,19,18,17,2,2026-09-14,0.7,3,INDEXABLE_OK,Valido
https://efficiency-life.com/da/jax/,airport_it,200,https://efficiency-life.com/da/jax/,True,"index, follow",none,"Migliori voli da Jacksonville Intl, Jacksonville per rapporto qualità-prezzo | JAX","I voli da Jacksonville Intl, Jacksonville con il miglior rapporto qualità-prezzo","Le 16 migliori destinazioni da Jacksonville Intl, Jacksonville: voli diretti ordinati per rapporto qualità-prezzo e chilometri per euro, non solo per prezzo. Tariffe reali rilevate il 2026-09-14.",16,436,17,16,17,2,2026-09-14,0.7,3,INDEXABLE_OK,Valido
https://efficiency-life.com/da/jed/,airport_it,200,https://efficiency-life.com/da/jed/,True,"index, follow",none,"Migliori voli da King Abdulaziz Intl, Jeddah per rapporto qualità-prezzo | JED","I voli da King Abdulaziz Intl, Jeddah con il miglior rapporto qualità-prezzo","Le 81 migliori destinazioni da King Abdulaziz Intl, Jeddah: voli diretti ordinati per rapporto qualità-prezzo e chilometri per euro, non solo per prezzo. Tariffe reali rilevate il 2026-09-14.",81,425,11,10,17,2,2026-09-14,0.7,3,INDEXABLE_OK,Valido
https://efficiency-life.com/da/jfk/,airport_it,200,https://efficiency-life.com/da/jfk/,True,"index, follow",none,"Migliori voli da John F. Kennedy, New York per rapporto qualità-prezzo | JFK","I voli da John F. Kennedy, New York con il miglior rapporto qualità-prezzo","Le 144 migliori destinazioni da John F. Kennedy, New York: voli diretti ordinati per rapporto qualità-prezzo e chilometri per euro, non solo per prezzo. Tariffe reali rilevate il 2026-09-14.",144,434,15,14,17,2,2026-09-14,0.7,3,INDEXABLE_OK,Valido
https://efficiency-life.com/da/jhb/,airport_it,200,https://efficiency-life.com/da/jhb/,True,"index, follow",none,"Migliori voli da Senai Intl, Senai per rapporto qualità-prezzo | JHB","I voli da Senai Intl, Senai con il miglior rapporto qualità-prezzo","Le 13 migliori destinazioni da Senai Intl, Senai: voli diretti ordinati per rapporto qualità-prezzo e chilometri per euro, non solo per prezzo. Tariffe reali rilevate il 2026-09-14.",13,427,13,12,17,2,2026-09-14,0.7,3,INDEXABLE_OK,Valido
https://efficiency-life.com/da/jmk/,airport_it,200,https://efficiency-life.com/da/jmk/,True,"index, follow",none,"Migliori voli da Mikonos Airport, Mykonos Island per rapporto qualità-prezzo | JMK","I voli da Mikonos Airport, Mykonos Island con il miglior rapporto qualità-prezzo","Le 6 migliori destinazioni da Mikonos Airport, Mykonos Island: voli diretti ordinati per rapporto qualità-prezzo e chilometri per euro, non solo per prezzo. Tariffe reali rilevate il 2026-09-14.",6,326,11,10,17,2,2026-09-14,0.7,3,INDEXABLE_OK,Valido
https://efficiency-life.com/da/jmu/,airport_it,200,https://efficiency-life.com/da/jmu/,True,"index, follow",none,"Migliori voli da Jiamusi Airport, Jiamusi Airport per rapporto qualità-prezzo | JMU","I voli da Jiamusi Airport, Jiamusi Airport con il miglior rapporto qualità-prezzo","Le 6 migliori destinazioni da Jiamusi Airport, Jiamusi Airport: voli diretti ordinati per rapporto qualità-prezzo e chilometri per euro, non solo per prezzo. Tariffe reali rilevate il 2026-09-14.",6,332,9,8,17,2,2026-09-14,0.7,3,INDEXABLE_OK,Valido
https://efficiency-life.com/da/jnb/,airport_it,200,https://efficiency-life.com/da/jnb/,True,"index, follow",none,"Migliori voli da O. R. Tambo Intl, Johannesburg per rapporto qualità-prezzo | JNB","I voli da O. R. Tambo Intl, Johannesburg con il miglior rapporto qualità-prezzo","Le 50 migliori destinazioni da O. R. Tambo Intl, Johannesburg: voli diretti ordinati per rapporto qualità-prezzo e chilometri per euro, non solo per prezzo. Tariffe reali rilevate il 2026-09-14.",50,439,11,10,17,2,2026-09-14,0.7,3,INDEXABLE_OK,Valido
https://efficiency-life.com/da/jpa/,airport_it,200,https://efficiency-life.com/da/jpa/,True,"index, follow",none,"Migliori voli da Presidente Castro Pinto Airport, Joao Pessoa per rapporto qualità-prezzo | JPA","I voli da Presidente Castro Pinto Airport, Joao Pessoa con il miglior rapporto qualità-prezzo","Le 6 migliori destinazioni da Presidente Castro Pinto Airport, Joao Pessoa: voli diretti ordinati per rapporto qualità-prezzo e chilometri per euro, non solo per prezzo. Tariffe reali rilevate il 2026-09-14.",6,347,9,8,17,2,2026-09-14,0.7,3,INDEXABLE_OK,Valido
https://efficiency-life.com/da/kbl/,airport_it,200,https://efficiency-life.com/da/kbl/,True,"index, follow",none,"Migliori voli da Kabul Intl, Kabul per rapporto qualità-prezzo | KBL","I voli da Kabul Intl, Kabul con il miglior rapporto qualità-prezzo","Le 7 migliori destinazioni da Kabul Intl, Kabul: voli diretti ordinati per rapporto qualità-prezzo e chilometri per euro, non solo per prezzo. Tariffe reali rilevate il 2026-09-14.",7,348,11,10,17,2,2026-09-14,0.7,3,INDEXABLE_OK,Valido
https://efficiency-life.com/da/kbv/,airport_it,200,https://efficiency-life.com/da/kbv/,True,"index, follow",none,"Migliori voli da Krabi Airport, Krabi per rapporto qualità-prezzo | KBV","I voli da Krabi Airport, Krabi con il miglior rapporto qualità-prezzo","Le 9 migliori destinazioni da Krabi Airport, Krabi: voli diretti ordinati per rapporto qualità-prezzo e chilometri per euro, non solo per prezzo. Tariffe reali rilevate il 2026-09-14.",9,386,20,19,17,2,2026-09-14,0.7,3,INDEXABLE_OK,Valido
https://efficiency-life.com/da/kcy/,airport_it,200,https://efficiency-life.com/da/kcy/,True,"index, follow",none,"Migliori voli da Cheremshanka, Cheremshanka per rapporto qualità-prezzo | KCY","I voli da Cheremshanka, Cheremshanka con il miglior rapporto qualità-prezzo","Le 16 migliori destinazioni da Cheremshanka, Cheremshanka: voli diretti ordinati per rapporto qualità-prezzo e chilometri per euro, non solo per prezzo. Tariffe reali rilevate il 2026-09-14.",16,417,16,15,17,2,2026-09-14,0.7,3,INDEXABLE_OK,Valido
https://efficiency-life.com/da/kef/,airport_it,200,https://efficiency-life.com/da/kef/,True,"index, follow",none,"Migliori voli da Keflavik Intl, Reykjavik per rapporto qualità-prezzo | KEF","I voli da Keflavik Intl, Reykjavik con il miglior rapporto qualità-prezzo","Le 34 migliori destinazioni da Keflavik Intl, Reykjavik: voli diretti ordinati per rapporto qualità-prezzo e chilometri per euro, non solo per prezzo. Tariffe reali rilevate il 2026-09-14.",34,421,6,5,17,2,2026-09-14,0.7,3,INDEXABLE_OK,Valido
https://efficiency-life.com/da/kej/,airport_it,200,https://efficiency-life.com/da/kej/,True,"index, follow",none,"Migliori voli da Kemerovo Airport, Kemerovo Airport per rapporto qualità-prezzo | KEJ","I voli da Kemerovo Airport, Kemerovo Airport con il miglior rapporto qualità-prezzo","Le 7 migliori destinazioni da Kemerovo Airport, Kemerovo Airport: voli diretti ordinati per rapporto qualità-prezzo e chilometri per euro, non solo per prezzo. Tariffe reali rilevate il 2026-09-14.",7,353,14,13,17,2,2026-09-14,0.7,3,INDEXABLE_OK,Valido
https://efficiency-life.com/da/kgd/,airport_it,200,https://efficiency-life.com/da/kgd/,True,"index, follow",none,"Migliori voli da Khrabrovo Airport, Khrabrovo Airport per rapporto qualità-prezzo | KGD","I voli da Khrabrovo Airport, Khrabrovo Airport con il miglior rapporto qualità-prezzo","Le 24 migliori destinazioni da Khrabrovo Airport, Khrabrovo Airport: voli diretti ordinati per rapporto qualità-prezzo e chilometri per euro, non solo per prezzo. Tariffe reali rilevate il 2026-09-14.",24,442,15,14,17,2,2026-09-14,0.7,3,INDEXABLE_OK,Valido
https://efficiency-life.com/da/kgf/,airport_it,200,https://efficiency-life.com/da/kgf/,True,"index, follow",none,"Migliori voli da Sary-Arka Intl, Karaganda per rapporto qualità-prezzo | KGF","I voli da Sary-Arka Intl, Karaganda con il miglior rapporto qualità-prezzo","Le 7 migliori destinazioni da Sary-Arka Intl, Karaganda: voli diretti ordinati per rapporto qualità-prezzo e chilometri per euro, non solo per prezzo. Tariffe reali rilevate il 2026-09-14.",7,347,11,10,17,2,2026-09-14,0.7,3,INDEXABLE_OK,Valido
https://efficiency-life.com/da/kgl/,airport_it,200,https://efficiency-life.com/da/kgl/,True,"index, follow",none,"Migliori voli da Kigali Intl, Kigali per rapporto qualità-prezzo | KGL","I voli da Kigali Intl, Kigali con il miglior rapporto qualità-prezzo","Le 10 migliori destinazioni da Kigali Intl, Kigali: voli diretti ordinati per rapporto qualità-prezzo e chilometri per euro, non solo per prezzo. Tariffe reali rilevate il 2026-09-14.",10,390,21,20,17,2,2026-09-14,0.7,3,INDEXABLE_OK,Valido
https://efficiency-life.com/da/khg/,airport_it,200,https://efficiency-life.com/da/khg/,True,"index, follow",none,"Migliori voli da Kashi Airport, Kashi Airport per rapporto qualità-prezzo | KHG","I voli da Kashi Airport, Kashi Airport con il miglior rapporto qualità-prezzo","Le 6 migliori destinazioni da Kashi Airport, Kashi Airport: voli diretti ordinati per rapporto qualità-prezzo e chilometri per euro, non solo per prezzo. Tariffe reali rilevate il 2026-09-14.",6,333,17,16,17,2,2026-09-14,0.7,3,INDEXABLE_OK,Valido
https://efficiency-life.com/da/khh/,airport_it,200,https://efficiency-life.com/da/khh/,True,"index, follow",none,"Migliori voli da Kaohsiung Intl, Kaohsiung City per rapporto qualità-prezzo | KHH","I voli da Kaohsiung Intl, Kaohsiung City con il miglior rapporto qualità-prezzo","Le 23 migliori destinazioni da Kaohsiung Intl, Kaohsiung City: voli diretti ordinati per rapporto qualità-prezzo e chilometri per euro, non solo per prezzo. Tariffe reali rilevate il 2026-09-14.",23,427,10,9,17,2,2026-09-14,0.7,3,INDEXABLE_OK,Valido
https://efficiency-life.com/da/khi/,airport_it,200,https://efficiency-life.com/da/khi/,True,"index, follow",none,"Migliori voli da Jinnah Intl, Karachi per rapporto qualità-prezzo | KHI","I voli da Jinnah Intl, Karachi con il miglior rapporto qualità-prezzo","Le 16 migliori destinazioni da Jinnah Intl, Karachi: voli diretti ordinati per rapporto qualità-prezzo e chilometri per euro, non solo per prezzo. Tariffe reali rilevate il 2026-09-14.",16,421,6,5,17,2,2026-09-14,0.7,3,INDEXABLE_OK,Valido
https://efficiency-life.com/da/khn/,airport_it,200,https://efficiency-life.com/da/khn/,True,"index, follow",none,"Migliori voli da Nanchang Changbei Intl, Nanchang per rapporto qualità-prezzo | KHN","I voli da Nanchang Changbei Intl, Nanchang con il miglior rapporto qualità-prezzo","Le 6 migliori destinazioni da Nanchang Changbei Intl, Nanchang: voli diretti ordinati per rapporto qualità-prezzo e chilometri per euro, non solo per prezzo. Tariffe reali rilevate il 2026-09-14.",6,327,28,27,17,2,2026-09-14,0.7,3,INDEXABLE_OK,Valido
https://efficiency-life.com/da/khv/,airport_it,200,https://efficiency-life.com/da/khv/,True,"index, follow",none,"Migliori voli da Khabarovsk Airport, Khabarovsk Airport per rapporto qualità-prezzo | KHV","I voli da Khabarovsk Airport, Khabarovsk Airport con il miglior rapporto qualità-prezzo","Le 34 migliori destinazioni da Khabarovsk Airport, Khabarovsk Airport: voli diretti ordinati per rapporto qualità-prezzo e chilometri per euro, non solo per prezzo. Tariffe reali rilevate il 2026-09-14.",34,429,10,9,17,2,2026-09-14,0.7,3,INDEXABLE_OK,Valido
https://efficiency-life.com/da/kin/,airport_it,200,https://efficiency-life.com/da/kin/,True,"index, follow",none,"Migliori voli da Norman Manley Intl, Kingston per rapporto qualità-prezzo | KIN","I voli da Norman Manley Intl, Kingston con il miglior rapporto qualità-prezzo","Le 8 migliori destinazioni da Norman Manley Intl, Kingston: voli diretti ordinati per rapporto qualità-prezzo e chilometri per euro, non solo per prezzo. Tariffe reali rilevate il 2026-09-14.",8,367,19,18,17,2,2026-09-14,0.7,3,INDEXABLE_OK,Valido
https://efficiency-life.com/da/kix/,airport_it,200,https://efficiency-life.com/da/kix/,True,"index, follow",none,"Migliori voli da Kansai Intl, Osaka per rapporto qualità-prezzo | KIX","I voli da Kansai Intl, Osaka con il miglior rapporto qualità-prezzo","Le 38 migliori destinazioni da Kansai Intl, Osaka: voli diretti ordinati per rapporto qualità-prezzo e chilometri per euro, non solo per prezzo. Tariffe reali rilevate il 2026-09-14.",38,417,13,12,17,2,2026-09-14,0.7,3,INDEXABLE_OK,Valido
https://efficiency-life.com/da/kja/,airport_it,200,https://efficiency-life.com/da/kja/,True,"index, follow",none,"Migliori voli da Yemelyanovo Airport, Krasnoyarsk per rapporto qualità-prezzo | KJA","I voli da Yemelyanovo Airport, Krasnoyarsk con il miglior rapporto qualità-prezzo","Le 70 migliori destinazioni da Yemelyanovo Airport, Krasnoyarsk: voli diretti ordinati per rapporto qualità-prezzo e chilometri per euro, non solo per prezzo. Tariffe reali rilevate il 2026-09-14.",70,429,16,15,17,2,2026-09-14,0.7,3,INDEXABLE_OK,Valido
https://efficiency-life.com/da/kmg/,airport_it,200,https://efficiency-life.com/da/kmg/,True,"index, follow",none,"Migliori voli da Kunming Wujiaba Intl, Kunming per rapporto qualità-prezzo | KMG","I voli da Kunming Wujiaba Intl, Kunming con il miglior rapporto qualità-prezzo","Le 22 migliori destinazioni da Kunming Wujiaba Intl, Kunming: voli diretti ordinati per rapporto qualità-prezzo e chilometri per euro, non solo per prezzo. Tariffe reali rilevate il 2026-09-14.",22,421,15,14,17,2,2026-09-14,0.7,3,INDEXABLE_OK,Valido
https://efficiency-life.com/da/kno/,airport_it,200,https://efficiency-life.com/da/kno/,True,"index, follow",none,"Migliori voli da Kualanamu, Medan per rapporto qualità-prezzo | KNO","I voli da Kualanamu, Medan con il miglior rapporto qualità-prezzo","Le 6 migliori destinazioni da Kualanamu, Medan: voli diretti ordinati per rapporto qualità-prezzo e chilometri per euro, non solo per prezzo. Tariffe reali rilevate il 2026-09-14.",6,327,14,13,17,2,2026-09-14,0.7,3,INDEXABLE_OK,Valido
https://efficiency-life.com/da/koj/,airport_it,200,https://efficiency-life.com/da/koj/,True,"index, follow",none,"Migliori voli da Kagoshima Airport, Kagoshima per rapporto qualità-prezzo | KOJ","I voli da Kagoshima Airport, Kagoshima con il miglior rapporto qualità-prezzo","Le 8 migliori destinazioni da Kagoshima Airport, Kagoshima: voli diretti ordinati per rapporto qualità-prezzo e chilometri per euro, non solo per prezzo. Tariffe reali rilevate il 2026-09-14.",8,353,15,14,17,2,2026-09-14,0.7,3,INDEXABLE_OK,Valido
https://efficiency-life.com/da/krk/,airport_it,200,https://efficiency-life.com/da/krk/,True,"index, follow",none,"Migliori voli da John Paul II Intl Kraków-Balice Airport, Kraków per rapporto qualità-prezzo | KRK","I voli da John Paul II Intl Kraków-Balice Airport, Kraków con il miglior rapporto qualità-prezzo","Le 107 migliori destinazioni da John Paul II Intl Kraków-Balice Airport, Kraków: voli diretti ordinati per rapporto qualità-prezzo e chilometri per euro, non solo per prezzo. Tariffe reali rilevate il 2026-09-14.",107,433,15,14,17,2,2026-09-14,0.7,3,INDEXABLE_OK,Valido
https://efficiency-life.com/da/krr/,airport_it,200,https://efficiency-life.com/da/krr/,True,"index, follow",none,"Migliori voli da Krasnodar Intl, Krasnodar per rapporto qualità-prezzo | KRR","I voli da Krasnodar Intl, Krasnodar con il miglior rapporto qualità-prezzo","Le 25 migliori destinazioni da Krasnodar Intl, Krasnodar: voli diretti ordinati per rapporto qualità-prezzo e chilometri per euro, non solo per prezzo. Tariffe reali rilevate il 2026-09-14.",25,430,13,12,17,2,2026-09-14,0.7,3,INDEXABLE_OK,Valido
https://efficiency-life.com/da/ksc/,airport_it,200,https://efficiency-life.com/da/ksc/,True,"index, follow",none,"Migliori voli da Kosice Airport, Kosice per rapporto qualità-prezzo | KSC","I voli da Kosice Airport, Kosice con il miglior rapporto qualità-prezzo","Le 10 migliori destinazioni da Kosice Airport, Kosice: voli diretti ordinati per rapporto qualità-prezzo e chilometri per euro, non solo per prezzo. Tariffe reali rilevate il 2026-09-14.",10,385,15,14,17,2,2026-09-14,0.7,3,INDEXABLE_OK,Valido
https://efficiency-life.com/da/ksn/,airport_it,200,https://efficiency-life.com/da/ksn/,True,"index, follow",none,"Migliori voli da Kostanay Airport, Kostanay Airport per rapporto qualità-prezzo | KSN","I voli da Kostanay Airport, Kostanay Airport con il miglior rapporto qualità-prezzo","Le 6 migliori destinazioni da Kostanay Airport, Kostanay Airport: voli diretti ordinati per rapporto qualità-prezzo e chilometri per euro, non solo per prezzo. Tariffe reali rilevate il 2026-09-14.",6,338,12,11,17,2,2026-09-14,0.7,3,INDEXABLE_OK,Valido
https://efficiency-life.com/da/kti/,airport_it,200,https://efficiency-life.com/da/kti/,True,"index, follow",none,"Migliori voli da Techo Intl, Krong Ta Khmau per rapporto qualità-prezzo | KTI","I voli da Techo Intl, Krong Ta Khmau con il miglior rapporto qualità-prezzo","Le 8 migliori destinazioni da Techo Intl, Krong Ta Khmau: voli diretti ordinati per rapporto qualità-prezzo e chilometri per euro, non solo per prezzo. Tariffe reali rilevate il 2026-09-14.",8,369,20,19,17,2,2026-09-14,0.7,3,INDEXABLE_OK,Valido
https://efficiency-life.com/da/ktm/,airport_it,200,https://efficiency-life.com/da/ktm/,True,"index, follow",none,"Migliori voli da Tribhuvan Intl, Kathmandu per rapporto qualità-prezzo | KTM","I voli da Tribhuvan Intl, Kathmandu con il miglior rapporto qualità-prezzo","Le 23 migliori destinazioni da Tribhuvan Intl, Kathmandu: voli diretti ordinati per rapporto qualità-prezzo e chilometri per euro, non solo per prezzo. Tariffe reali rilevate il 2026-09-14.",23,422,6,5,17,2,2026-09-14,0.7,3,INDEXABLE_OK,Valido
https://efficiency-life.com/da/ktw/,airport_it,200,https://efficiency-life.com/da/ktw/,True,"index, follow",none,"Migliori voli da Katowice Intl, Katowice per rapporto qualità-prezzo | KTW","I voli da Katowice Intl, Katowice con il miglior rapporto qualità-prezzo","Le 46 migliori destinazioni da Katowice Intl, Katowice: voli diretti ordinati per rapporto qualità-prezzo e chilometri per euro, non solo per prezzo. Tariffe reali rilevate il 2026-09-14.",46,423,16,15,17,2,2026-09-14,0.7,3,INDEXABLE_OK,Valido
https://efficiency-life.com/da/kuf/,airport_it,200,https://efficiency-life.com/da/kuf/,True,"index, follow",none,"Migliori voli da Kurumoch Intl, Samara per rapporto qualità-prezzo | KUF","I voli da Kurumoch Intl, Samara con il miglior rapporto qualità-prezzo","Le 38 migliori destinazioni da Kurumoch Intl, Samara: voli diretti ordinati per rapporto qualità-prezzo e chilometri per euro, non solo per prezzo. Tariffe reali rilevate il 2026-09-14.",38,436,19,18,17,2,2026-09-14,0.7,3,INDEXABLE_OK,Valido
https://efficiency-life.com/da/kul/,airport_it,200,https://efficiency-life.com/da/kul/,True,"index, follow",none,"Migliori voli da Kuala Lumpur Intl, Kuala Lumpur per rapporto qualità-prezzo | KUL","I voli da Kuala Lumpur Intl, Kuala Lumpur con il miglior rapporto qualità-prezzo","Le 109 migliori destinazioni da Kuala Lumpur Intl, Kuala Lumpur: voli diretti ordinati per rapporto qualità-prezzo e chilometri per euro, non solo per prezzo. Tariffe reali rilevate il 2026-09-14.",109,438,15,14,17,2,2026-09-14,0.7,3,INDEXABLE_OK,Valido
https://efficiency-life.com/da/kun/,airport_it,200,https://efficiency-life.com/da/kun/,True,"index, follow",none,"Migliori voli da Kaunas Intl, Kaunas per rapporto qualità-prezzo | KUN","I voli da Kaunas Intl, Kaunas con il miglior rapporto qualità-prezzo","Le 21 migliori destinazioni da Kaunas Intl, Kaunas: voli diretti ordinati per rapporto qualità-prezzo e chilometri per euro, non solo per prezzo. Tariffe reali rilevate il 2026-09-14.",21,421,11,10,17,2,2026-09-14,0.7,3,INDEXABLE_OK,Valido
https://efficiency-life.com/da/kut/,airport_it,200,https://efficiency-life.com/da/kut/,True,"index, follow",none,"Migliori voli da Kopitnari Airport, Kutaisi per rapporto qualità-prezzo | KUT","I voli da Kopitnari Airport, Kutaisi con il miglior rapporto qualità-prezzo","Le 33 migliori destinazioni da Kopitnari Airport, Kutaisi: voli diretti ordinati per rapporto qualità-prezzo e chilometri per euro, non solo per prezzo. Tariffe reali rilevate il 2026-09-14.",33,429,13,12,17,2,2026-09-14,0.7,3,INDEXABLE_OK,Valido
https://efficiency-life.com/da/kvx/,airport_it,200,https://efficiency-life.com/da/kvx/,True,"index, follow",none,"Migliori voli da Kirov Airport, Kirov Airport per rapporto qualità-prezzo | KVX","I voli da Kirov Airport, Kirov Airport con il miglior rapporto qualità-prezzo","Le 7 migliori destinazioni da Kirov Airport, Kirov Airport: voli diretti ordinati per rapporto qualità-prezzo e chilometri per euro, non solo per prezzo. Tariffe reali rilevate il 2026-09-14.",7,359,22,21,17,2,2026-09-14,0.7,3,INDEXABLE_OK,Valido
https://efficiency-life.com/da/kwi/,airport_it,200,https://efficiency-life.com/da/kwi/,True,"index, follow",none,"Migliori voli da Kuwait Intl, Kuwait City per rapporto qualità-prezzo | KWI","I voli da Kuwait Intl, Kuwait City con il miglior rapporto qualità-prezzo","Le 48 migliori destinazioni da Kuwait Intl, Kuwait City: voli diretti ordinati per rapporto qualità-prezzo e chilometri per euro, non solo per prezzo. Tariffe reali rilevate il 2026-09-14.",48,426,22,21,17,2,2026-09-14,0.7,3,INDEXABLE_OK,Valido
https://efficiency-life.com/da/kwl/,airport_it,200,https://efficiency-life.com/da/kwl/,True,"index, follow",none,"Migliori voli da Guilin Liangjiang International Airport, Guilin Liangjiang International Airport per rapporto qualità-prezzo | KWL","I voli da Guilin Liangjiang International Airport, Guilin Liangjiang International Airport con il miglior rapporto qualità-prezzo","Le 8 migliori destinazioni da Guilin Liangjiang International Airport, Guilin Liangjiang International Airport: voli diretti ordinati per rapporto qualità-prezzo e chilometri per euro, non solo per prezzo. Tariffe reali rilevate il 2026-09-14.",8,372,17,16,17,2,2026-09-14,0.7,3,INDEXABLE_OK,Valido
https://efficiency-life.com/da/kyz/,airport_it,200,https://efficiency-life.com/da/kyz/,True,"index, follow",none,"Migliori voli da Kyzyl Airport, Kyzyl Airport per rapporto qualità-prezzo | KYZ","I voli da Kyzyl Airport, Kyzyl Airport con il miglior rapporto qualità-prezzo","Le 6 migliori destinazioni da Kyzyl Airport, Kyzyl Airport: voli diretti ordinati per rapporto qualità-prezzo e chilometri per euro, non solo per prezzo. Tariffe reali rilevate il 2026-09-14.",6,335,18,17,17,2,2026-09-14,0.7,3,INDEXABLE_OK,Valido
https://efficiency-life.com/da/kzn/,airport_it,200,https://efficiency-life.com/da/kzn/,True,"index, follow",none,"Migliori voli da Kazan Intl, Kazan per rapporto qualità-prezzo | KZN","I voli da Kazan Intl, Kazan con il miglior rapporto qualità-prezzo","Le 68 migliori destinazioni da Kazan Intl, Kazan: voli diretti ordinati per rapporto qualità-prezzo e chilometri per euro, non solo per prezzo. Tariffe reali rilevate il 2026-09-14.",68,439,20,19,17,2,2026-09-14,0.7,3,INDEXABLE_OK,Valido
https://efficiency-life.com/da/las/,airport_it,200,https://efficiency-life.com/da/las/,True,"index, follow",none,"Migliori voli da Harry Reid Intl, Las Vegas per rapporto qualità-prezzo | LAS","I voli da Harry Reid Intl, Las Vegas con il miglior rapporto qualità-prezzo","Le 54 migliori destinazioni da Harry Reid Intl, Las Vegas: voli diretti ordinati per rapporto qualità-prezzo e chilometri per euro, non solo per prezzo. Tariffe reali rilevate il 2026-09-14.",54,447,23,22,17,2,2026-09-14,0.7,3,INDEXABLE_OK,Valido
https://efficiency-life.com/da/lax/,airport_it,200,https://efficiency-life.com/da/lax/,True,"index, follow",none,"Migliori voli da Los Angeles Intl, Los Angeles per rapporto qualità-prezzo | LAX","I voli da Los Angeles Intl, Los Angeles con il miglior rapporto qualità-prezzo","Le 110 migliori destinazioni da Los Angeles Intl, Los Angeles: voli diretti ordinati per rapporto qualità-prezzo e chilometri per euro, non solo per prezzo. Tariffe reali rilevate il 2026-09-14.",110,443,17,16,17,2,2026-09-14,0.7,3,INDEXABLE_OK,Valido
https://efficiency-life.com/da/lba/,airport_it,200,https://efficiency-life.com/da/lba/,True,"index, follow",none,"Migliori voli da Leeds Bradford Airport, Leeds per rapporto qualità-prezzo | LBA","I voli da Leeds Bradford Airport, Leeds con il miglior rapporto qualità-prezzo","Le 16 migliori destinazioni da Leeds Bradford Airport, Leeds: voli diretti ordinati per rapporto qualità-prezzo e chilometri per euro, non solo per prezzo. Tariffe reali rilevate il 2026-09-14.",16,420,20,19,17,2,2026-09-14,0.7,3,INDEXABLE_OK,Valido
https://efficiency-life.com/da/lbc/,airport_it,200,https://efficiency-life.com/da/lbc/,True,"index, follow",none,"Migliori voli da Lubeck Blankensee, Lubeck Blankensee per rapporto qualità-prezzo | LBC","I voli da Lubeck Blankensee, Lubeck Blankensee con il miglior rapporto qualità-prezzo","Le 8 migliori destinazioni da Lubeck Blankensee, Lubeck Blankensee: voli diretti ordinati per rapporto qualità-prezzo e chilometri per euro, non solo per prezzo. Tariffe reali rilevate il 2026-09-14.",8,364,14,13,17,2,2026-09-14,0.7,3,INDEXABLE_OK,Valido
https://efficiency-life.com/da/lbd/,airport_it,200,https://efficiency-life.com/da/lbd/,True,"index, follow",none,"Migliori voli da Khujand Airport, Khujand Airport per rapporto qualità-prezzo | LBD","I voli da Khujand Airport, Khujand Airport con il miglior rapporto qualità-prezzo","Le 13 migliori destinazioni da Khujand Airport, Khujand Airport: voli diretti ordinati per rapporto qualità-prezzo e chilometri per euro, non solo per prezzo. Tariffe reali rilevate il 2026-09-14.",13,419,16,15,17,2,2026-09-14,0.7,3,INDEXABLE_OK,Valido
https://efficiency-life.com/da/lbv/,airport_it,200,https://efficiency-life.com/da/lbv/,True,"index, follow",none,"Migliori voli da Leon M Ba Airport, Libreville per rapporto qualità-prezzo | LBV","I voli da Leon M Ba Airport, Libreville con il miglior rapporto qualità-prezzo","Le 12 migliori destinazioni da Leon M Ba Airport, Libreville: voli diretti ordinati per rapporto qualità-prezzo e chilometri per euro, non solo per prezzo. Tariffe reali rilevate il 2026-09-14.",12,423,15,14,17,2,2026-09-14,0.7,3,INDEXABLE_OK,Valido
https://efficiency-life.com/da/lca/,airport_it,200,https://efficiency-life.com/da/lca/,True,"index, follow",none,"Migliori voli da Larnaca Intl, Larnaca per rapporto qualità-prezzo | LCA","I voli da Larnaca Intl, Larnaca con il miglior rapporto qualità-prezzo","Le 51 migliori destinazioni da Larnaca Intl, Larnaca: voli diretti ordinati per rapporto qualità-prezzo e chilometri per euro, non solo per prezzo. Tariffe reali rilevate il 2026-09-14.",51,428,8,7,17,2,2026-09-14,0.7,3,INDEXABLE_OK,Valido
https://efficiency-life.com/da/lcy/,airport_it,200,https://efficiency-life.com/da/lcy/,True,"index, follow",none,"Migliori voli da London City, Londra per rapporto qualità-prezzo | LCY","I voli da London City, Londra con il miglior rapporto qualità-prezzo","Le 21 migliori destinazioni da London City, Londra: voli diretti ordinati per rapporto qualità-prezzo e chilometri per euro, non solo per prezzo. Tariffe reali rilevate il 2026-09-14.",21,409,14,13,17,2,2026-09-14,0.7,3,INDEXABLE_OK,Valido
https://efficiency-life.com/da/led/,airport_it,200,https://efficiency-life.com/da/led/,True,"index, follow",none,"Migliori voli da Pulkovo Airport, St. Petersburg per rapporto qualità-prezzo | LED","I voli da Pulkovo Airport, St. Petersburg con il miglior rapporto qualità-prezzo","Le 95 migliori destinazioni da Pulkovo Airport, St. Petersburg: voli diretti ordinati per rapporto qualità-prezzo e chilometri per euro, non solo per prezzo. Tariffe reali rilevate il 2026-09-14.",95,439,14,13,17,2,2026-09-14,0.7,3,INDEXABLE_OK,Valido
https://efficiency-life.com/da/lej/,airport_it,200,https://efficiency-life.com/da/lej/,True,"index, follow",none,"Migliori voli da Leipzig Halle Airport, Leipzig per rapporto qualità-prezzo | LEJ","I voli da Leipzig Halle Airport, Leipzig con il miglior rapporto qualità-prezzo","Le 14 migliori destinazioni da Leipzig Halle Airport, Leipzig: voli diretti ordinati per rapporto qualità-prezzo e chilometri per euro, non solo per prezzo. Tariffe reali rilevate il 2026-09-14.",14,427,13,12,17,2,2026-09-14,0.7,3,INDEXABLE_OK,Valido
https://efficiency-life.com/da/lfw/,airport_it,200,https://efficiency-life.com/da/lfw/,True,"index, follow",none,"Migliori voli da Lome-Tokoin Airport, Lome per rapporto qualità-prezzo | LFW","I voli da Lome-Tokoin Airport, Lome con il miglior rapporto qualità-prezzo","Le 9 migliori destinazioni da Lome-Tokoin Airport, Lome: voli diretti ordinati per rapporto qualità-prezzo e chilometri per euro, non solo per prezzo. Tariffe reali rilevate il 2026-09-14.",9,364,16,15,17,2,2026-09-14,0.7,3,INDEXABLE_OK,Valido
https://efficiency-life.com/da/lga/,airport_it,200,https://efficiency-life.com/da/lga/,True,"index, follow",none,"Migliori voli da LaGuardia, New York per rapporto qualità-prezzo | LGA","I voli da LaGuardia, New York con il miglior rapporto qualità-prezzo","Le 46 migliori destinazioni da LaGuardia, New York: voli diretti ordinati per rapporto qualità-prezzo e chilometri per euro, non solo per prezzo. Tariffe reali rilevate il 2026-09-14.",46,435,15,14,17,2,2026-09-14,0.7,3,INDEXABLE_OK,Valido
https://efficiency-life.com/da/lgb/,airport_it,200,https://efficiency-life.com/da/lgb/,True,"index, follow",none,"Migliori voli da Long Beach Airport, Long Beach Airport per rapporto qualità-prezzo | LGB","I voli da Long Beach Airport, Long Beach Airport con il miglior rapporto qualità-prezzo","Le 19 migliori destinazioni da Long Beach Airport, Long Beach Airport: voli diretti ordinati per rapporto qualità-prezzo e chilometri per euro, non solo per prezzo. Tariffe reali rilevate il 2026-09-14.",19,441,17,16,17,2,2026-09-14,0.7,3,INDEXABLE_OK,Valido
https://efficiency-life.com/da/lgw/,airport_it,200,https://efficiency-life.com/da/lgw/,True,"index, follow",none,"Migliori voli da Gatwick, Londra per rapporto qualità-prezzo | LGW","I voli da Gatwick, Londra con il miglior rapporto qualità-prezzo","Le 156 migliori destinazioni da Gatwick, Londra: voli diretti ordinati per rapporto qualità-prezzo e chilometri per euro, non solo per prezzo. Tariffe reali rilevate il 2026-09-14.",156,418,15,13,17,1,2026-09-14,0.7,3,INDEXABLE_OK,Valido
https://efficiency-life.com/da/lhe/,airport_it,200,https://efficiency-life.com/da/lhe/,True,"index, follow",none,"Migliori voli da Alama Iqbal Intl, Lahore per rapporto qualità-prezzo | LHE","I voli da Alama Iqbal Intl, Lahore con il miglior rapporto qualità-prezzo","Le 16 migliori destinazioni da Alama Iqbal Intl, Lahore: voli diretti ordinati per rapporto qualità-prezzo e chilometri per euro, non solo per prezzo. Tariffe reali rilevate il 2026-09-14.",16,425,6,5,17,2,2026-09-14,0.7,3,INDEXABLE_OK,Valido
https://efficiency-life.com/da/lhr/,airport_it,200,https://efficiency-life.com/da/lhr/,True,"index, follow",none,"Migliori voli da Heathrow, Londra per rapporto qualità-prezzo | LHR","I voli da Heathrow, Londra con il miglior rapporto qualità-prezzo","Le 168 migliori destinazioni da Heathrow, Londra: voli diretti ordinati per rapporto qualità-prezzo e chilometri per euro, non solo per prezzo. Tariffe reali rilevate il 2026-09-14.",168,417,17,15,17,1,2026-09-14,0.7,3,INDEXABLE_OK,Valido
https://efficiency-life.com/da/lhw/,airport_it,200,https://efficiency-life.com/da/lhw/,True,"index, follow",none,"Migliori voli da Lanzhou Zhongchuan Airport, Lanzhou per rapporto qualità-prezzo | LHW","I voli da Lanzhou Zhongchuan Airport, Lanzhou con il miglior rapporto qualità-prezzo","Le 6 migliori destinazioni da Lanzhou Zhongchuan Airport, Lanzhou: voli diretti ordinati per rapporto qualità-prezzo e chilometri per euro, non solo per prezzo. Tariffe reali rilevate il 2026-09-14.",6,334,12,11,17,2,2026-09-14,0.7,3,INDEXABLE_OK,Valido
https://efficiency-life.com/da/lil/,airport_it,200,https://efficiency-life.com/da/lil/,True,"index, follow",none,"Migliori voli da Lille-Lesquin Airport, Lille/Lesquin per rapporto qualità-prezzo | LIL","I voli da Lille-Lesquin Airport, Lille/Lesquin con il miglior rapporto qualità-prezzo","Le 19 migliori destinazioni da Lille-Lesquin Airport, Lille/Lesquin: voli diretti ordinati per rapporto qualità-prezzo e chilometri per euro, non solo per prezzo. Tariffe reali rilevate il 2026-09-14.",19,419,16,15,17,2,2026-09-14,0.7,3,INDEXABLE_OK,Valido
https://efficiency-life.com/da/lim/,airport_it,200,https://efficiency-life.com/da/lim/,True,"index, follow",none,"Migliori voli da Jorge Chavez Intl, Lima per rapporto qualità-prezzo | LIM","I voli da Jorge Chavez Intl, Lima con il miglior rapporto qualità-prezzo","Le 41 migliori destinazioni da Jorge Chavez Intl, Lima: voli diretti ordinati per rapporto qualità-prezzo e chilometri per euro, non solo per prezzo. Tariffe reali rilevate il 2026-09-14.",41,431,7,6,17,2,2026-09-14,0.7,3,INDEXABLE_OK,Valido
https://efficiency-life.com/da/lin/,airport_it,200,https://efficiency-life.com/da/lin/,True,"index, follow",none,"Migliori voli da Linate, Milano per rapporto qualità-prezzo | LIN","I voli da Linate, Milano con il miglior rapporto qualità-prezzo","Le 42 migliori destinazioni da Linate, Milano: voli diretti ordinati per rapporto qualità-prezzo e chilometri per euro, non solo per prezzo. Tariffe reali rilevate il 2026-09-14.",42,418,16,15,17,2,2026-09-14,0.7,3,INDEXABLE_OK,Valido
https://efficiency-life.com/da/lis/,airport_it,200,https://efficiency-life.com/da/lis/,True,"index, follow",none,"Migliori voli da Lisbon Portela Airport, Lisbona per rapporto qualità-prezzo | LIS","I voli da Lisbon Portela Airport, Lisbona con il miglior rapporto qualità-prezzo","Le 117 migliori destinazioni da Lisbon Portela Airport, Lisbona: voli diretti ordinati per rapporto qualità-prezzo e chilometri per euro, non solo per prezzo. Tariffe reali rilevate il 2026-09-14.",117,426,6,5,17,2,2026-09-14,0.7,3,INDEXABLE_OK,Valido
https://efficiency-life.com/da/lju/,airport_it,200,https://efficiency-life.com/da/lju/,True,"index, follow",none,"Migliori voli da Ljubljana Joze Pucnik Airport, Ljubljana per rapporto qualità-prezzo | LJU","I voli da Ljubljana Joze Pucnik Airport, Ljubljana con il miglior rapporto qualità-prezzo","Le 19 migliori destinazioni da Ljubljana Joze Pucnik Airport, Ljubljana: voli diretti ordinati per rapporto qualità-prezzo e chilometri per euro, non solo per prezzo. Tariffe reali rilevate il 2026-09-14.",19,425,13,12,17,2,2026-09-14,0.7,3,INDEXABLE_OK,Valido
https://efficiency-life.com/da/lko/,airport_it,200,https://efficiency-life.com/da/lko/,True,"index, follow",none,"Migliori voli da Chaudhary Charan Singh Intl, Lucknow per rapporto qualità-prezzo | LKO","I voli da Chaudhary Charan Singh Intl, Lucknow con il miglior rapporto qualità-prezzo","Le 6 migliori destinazioni da Chaudhary Charan Singh Intl, Lucknow: voli diretti ordinati per rapporto qualità-prezzo e chilometri per euro, non solo per prezzo. Tariffe reali rilevate il 2026-09-14.",6,344,12,11,18,2,2026-09-14,0.7,3,INDEXABLE_OK,Valido
https://efficiency-life.com/da/lop/,airport_it,200,https://efficiency-life.com/da/lop/,True,"index, follow",none,"Migliori voli da Bandara Intl Lombok Airport, Mataram per rapporto qualità-prezzo | LOP","I voli da Bandara Intl Lombok Airport, Mataram con il miglior rapporto qualità-prezzo","Le 6 migliori destinazioni da Bandara Intl Lombok Airport, Mataram: voli diretti ordinati per rapporto qualità-prezzo e chilometri per euro, non solo per prezzo. Tariffe reali rilevate il 2026-09-14.",6,344,15,14,17,2,2026-09-14,0.7,3,INDEXABLE_OK,Valido
https://efficiency-life.com/da/los/,airport_it,200,https://efficiency-life.com/da/los/,True,"index, follow",none,"Migliori voli da Murtala Muhammed Intl, Lagos per rapporto qualità-prezzo | LOS","I voli da Murtala Muhammed Intl, Lagos con il miglior rapporto qualità-prezzo","Le 26 migliori destinazioni da Murtala Muhammed Intl, Lagos: voli diretti ordinati per rapporto qualità-prezzo e chilometri per euro, non solo per prezzo. Tariffe reali rilevate il 2026-09-14.",26,415,15,14,17,2,2026-09-14,0.7,3,INDEXABLE_OK,Valido
https://efficiency-life.com/da/lpa/,airport_it,200,https://efficiency-life.com/da/lpa/,True,"index, follow",none,"Migliori voli da Gran Canaria Airport, Gran Canaria Island per rapporto qualità-prezzo | LPA","I voli da Gran Canaria Airport, Gran Canaria Island con il miglior rapporto qualità-prezzo","Le 33 migliori destinazioni da Gran Canaria Airport, Gran Canaria Island: voli diretti ordinati per rapporto qualità-prezzo e chilometri per euro, non solo per prezzo. Tariffe reali rilevate il 2026-09-14.",33,435,7,6,17,2,2026-09-14,0.7,3,INDEXABLE_OK,Valido
https://efficiency-life.com/da/lpl/,airport_it,200,https://efficiency-life.com/da/lpl/,True,"index, follow",none,"Migliori voli da Liverpool John Lennon Airport, Liverpool per rapporto qualità-prezzo | LPL","I voli da Liverpool John Lennon Airport, Liverpool con il miglior rapporto qualità-prezzo","Le 16 migliori destinazioni da Liverpool John Lennon Airport, Liverpool: voli diretti ordinati per rapporto qualità-prezzo e chilometri per euro, non solo per prezzo. Tariffe reali rilevate il 2026-09-14.",16,426,19,18,17,2,2026-09-14,0.7,3,INDEXABLE_OK,Valido
https://efficiency-life.com/da/ltn/,airport_it,200,https://efficiency-life.com/da/ltn/,True,"index, follow",none,"Migliori voli da Luton, Londra per rapporto qualità-prezzo | LTN","I voli da Luton, Londra con il miglior rapporto qualità-prezzo","Le 100 migliori destinazioni da Luton, Londra: voli diretti ordinati per rapporto qualità-prezzo e chilometri per euro, non solo per prezzo. Tariffe reali rilevate il 2026-09-14.",100,419,17,16,17,2,2026-09-14,0.7,3,INDEXABLE_OK,Valido
https://efficiency-life.com/da/lun/,airport_it,200,https://efficiency-life.com/da/lun/,True,"index, follow",none,"Migliori voli da Kenneth Kaunda Intl, Lusaka per rapporto qualità-prezzo | LUN","I voli da Kenneth Kaunda Intl, Lusaka con il miglior rapporto qualità-prezzo","Le 9 migliori destinazioni da Kenneth Kaunda Intl, Lusaka: voli diretti ordinati per rapporto qualità-prezzo e chilometri per euro, non solo per prezzo. Tariffe reali rilevate il 2026-09-14.",9,380,21,20,17,2,2026-09-14,0.7,3,INDEXABLE_OK,Valido
https://efficiency-life.com/da/lux/,airport_it,200,https://efficiency-life.com/da/lux/,True,"index, follow",none,"Migliori voli da Luxembourg-Findel Intl, Luxembourg per rapporto qualità-prezzo | LUX","I voli da Luxembourg-Findel Intl, Luxembourg con il miglior rapporto qualità-prezzo","Le 43 migliori destinazioni da Luxembourg-Findel Intl, Luxembourg: voli diretti ordinati per rapporto qualità-prezzo e chilometri per euro, non solo per prezzo. Tariffe reali rilevate il 2026-09-14.",43,424,17,16,17,2,2026-09-14,0.7,3,INDEXABLE_OK,Valido
https://efficiency-life.com/da/lxa/,airport_it,200,https://efficiency-life.com/da/lxa/,True,"index, follow",none,"Migliori voli da Lhasa Gonggar Airport, Lhasa Gonggar Airport per rapporto qualità-prezzo | LXA","I voli da Lhasa Gonggar Airport, Lhasa Gonggar Airport con il miglior rapporto qualità-prezzo","Le 6 migliori destinazioni da Lhasa Gonggar Airport, Lhasa Gonggar Airport: voli diretti ordinati per rapporto qualità-prezzo e chilometri per euro, non solo per prezzo. Tariffe reali rilevate il 2026-09-14.",6,347,8,7,19,2,2026-09-14,0.7,3,INDEXABLE_OK,Valido
https://efficiency-life.com/da/lys/,airport_it,200,https://efficiency-life.com/da/lys/,True,"index, follow",none,"Migliori voli da Lyon Saint-Exupery Airport, Lione per rapporto qualità-prezzo | LYS","I voli da Lyon Saint-Exupery Airport, Lione con il miglior rapporto qualità-prezzo","Le 70 migliori destinazioni da Lyon Saint-Exupery Airport, Lione: voli diretti ordinati per rapporto qualità-prezzo e chilometri per euro, non solo per prezzo. Tariffe reali rilevate il 2026-09-14.",70,428,12,11,17,2,2026-09-14,0.7,3,INDEXABLE_OK,Valido
https://efficiency-life.com/da/maa/,airport_it,200,https://efficiency-life.com/da/maa/,True,"index, follow",none,"Migliori voli da Chennai Intl, Chennai per rapporto qualità-prezzo | MAA","I voli da Chennai Intl, Chennai con il miglior rapporto qualità-prezzo","Le 24 migliori destinazioni da Chennai Intl, Chennai: voli diretti ordinati per rapporto qualità-prezzo e chilometri per euro, non solo per prezzo. Tariffe reali rilevate il 2026-09-14.",24,426,19,18,17,2,2026-09-14,0.7,3,INDEXABLE_OK,Valido
https://efficiency-life.com/da/mad/,airport_it,200,https://efficiency-life.com/da/mad/,True,"index, follow",none,"Migliori voli da Madrid Barajas Intl, Madrid per rapporto qualità-prezzo | MAD","I voli da Madrid Barajas Intl, Madrid con il miglior rapporto qualità-prezzo","Le 168 migliori destinazioni da Madrid Barajas Intl, Madrid: voli diretti ordinati per rapporto qualità-prezzo e chilometri per euro, non solo per prezzo. Tariffe reali rilevate il 2026-09-14.",168,429,26,24,17,1,2026-09-14,0.7,3,INDEXABLE_OK,Valido
https://efficiency-life.com/da/man/,airport_it,200,https://efficiency-life.com/da/man/,True,"index, follow",none,"Migliori voli da Manchester Airport, Manchester per rapporto qualità-prezzo | MAN","I voli da Manchester Airport, Manchester con il miglior rapporto qualità-prezzo","Le 93 migliori destinazioni da Manchester Airport, Manchester: voli diretti ordinati per rapporto qualità-prezzo e chilometri per euro, non solo per prezzo. Tariffe reali rilevate il 2026-09-14.",93,422,22,21,17,2,2026-09-14,0.7,3,INDEXABLE_OK,Valido
https://efficiency-life.com/da/mao/,airport_it,200,https://efficiency-life.com/da/mao/,True,"index, follow",none,"Migliori voli da Eduardo Gomes Intl, Manaus per rapporto qualità-prezzo | MAO","I voli da Eduardo Gomes Intl, Manaus con il miglior rapporto qualità-prezzo","Le 12 migliori destinazioni da Eduardo Gomes Intl, Manaus: voli diretti ordinati per rapporto qualità-prezzo e chilometri per euro, non solo per prezzo. Tariffe reali rilevate il 2026-09-14.",12,431,8,7,17,2,2026-09-14,0.7,3,INDEXABLE_OK,Valido
https://efficiency-life.com/da/mbj/,airport_it,200,https://efficiency-life.com/da/mbj/,True,"index, follow",none,"Migliori voli da Sangster Intl, Montego Bay per rapporto qualità-prezzo | MBJ","I voli da Sangster Intl, Montego Bay con il miglior rapporto qualità-prezzo","Le 7 migliori destinazioni da Sangster Intl, Montego Bay: voli diretti ordinati per rapporto qualità-prezzo e chilometri per euro, non solo per prezzo. Tariffe reali rilevate il 2026-09-14.",7,354,18,17,17,2,2026-09-14,0.7,3,INDEXABLE_OK,Valido
https://efficiency-life.com/da/mci/,airport_it,200,https://efficiency-life.com/da/mci/,True,"index, follow",none,"Migliori voli da Kansas City Intl, Kansas City per rapporto qualità-prezzo | MCI","I voli da Kansas City Intl, Kansas City con il miglior rapporto qualità-prezzo","Le 22 migliori destinazioni da Kansas City Intl, Kansas City: voli diretti ordinati per rapporto qualità-prezzo e chilometri per euro, non solo per prezzo. Tariffe reali rilevate il 2026-09-14.",22,446,16,15,17,2,2026-09-14,0.7,3,INDEXABLE_OK,Valido
https://efficiency-life.com/da/mco/,airport_it,200,https://efficiency-life.com/da/mco/,True,"index, follow",none,"Migliori voli da Orlando International, Orlando per rapporto qualità-prezzo | MCO","I voli da Orlando International, Orlando con il miglior rapporto qualità-prezzo","Le 75 migliori destinazioni da Orlando International, Orlando: voli diretti ordinati per rapporto qualità-prezzo e chilometri per euro, non solo per prezzo. Tariffe reali rilevate il 2026-09-14.",75,444,13,12,17,2,2026-09-14,0.7,3,INDEXABLE_OK,Valido
https://efficiency-life.com/da/mct/,airport_it,200,https://efficiency-life.com/da/mct/,True,"index, follow",none,"Migliori voli da Muscat Intl, Muscat per rapporto qualità-prezzo | MCT","I voli da Muscat Intl, Muscat con il miglior rapporto qualità-prezzo","Le 55 migliori destinazioni da Muscat Intl, Muscat: voli diretti ordinati per rapporto qualità-prezzo e chilometri per euro, non solo per prezzo. Tariffe reali rilevate il 2026-09-14.",55,422,8,7,17,2,2026-09-14,0.7,3,INDEXABLE_OK,Valido
https://efficiency-life.com/da/mcx/,airport_it,200,https://efficiency-life.com/da/mcx/,True,"index, follow",none,"Migliori voli da Makhachkala Airport, Makhachkala Airport per rapporto qualità-prezzo | MCX","I voli da Makhachkala Airport, Makhachkala Airport con il miglior rapporto qualità-prezzo","Le 26 migliori destinazioni da Makhachkala Airport, Makhachkala Airport: voli diretti ordinati per rapporto qualità-prezzo e chilometri per euro, non solo per prezzo. Tariffe reali rilevate il 2026-09-14.",26,437,16,15,18,2,2026-09-14,0.7,3,INDEXABLE_OK,Valido
https://efficiency-life.com/da/mcz/,airport_it,200,https://efficiency-life.com/da/mcz/,True,"index, follow",none,"Migliori voli da Zumbi dos Palmares Airport, Maceio per rapporto qualità-prezzo | MCZ","I voli da Zumbi dos Palmares Airport, Maceio con il miglior rapporto qualità-prezzo","Le 6 migliori destinazioni da Zumbi dos Palmares Airport, Maceio: voli diretti ordinati per rapporto qualità-prezzo e chilometri per euro, non solo per prezzo. Tariffe reali rilevate il 2026-09-14.",6,344,11,10,17,2,2026-09-14,0.7,3,INDEXABLE_OK,Valido
https://efficiency-life.com/da/mde/,airport_it,200,https://efficiency-life.com/da/mde/,True,"index, follow",none,"Migliori voli da Jose Maria Cordova Intl, Rionegro per rapporto qualità-prezzo | MDE","I voli da Jose Maria Cordova Intl, Rionegro con il miglior rapporto qualità-prezzo","Le 24 migliori destinazioni da Jose Maria Cordova Intl, Rionegro: voli diretti ordinati per rapporto qualità-prezzo e chilometri per euro, non solo per prezzo. Tariffe reali rilevate il 2026-09-14.",24,427,20,19,17,2,2026-09-14,0.7,3,INDEXABLE_OK,Valido
https://efficiency-life.com/da/mdw/,airport_it,200,https://efficiency-life.com/da/mdw/,True,"index, follow",none,"Migliori voli da Midway, Chicago per rapporto qualità-prezzo | MDW","I voli da Midway, Chicago con il miglior rapporto qualità-prezzo","Le 52 migliori destinazioni da Midway, Chicago: voli diretti ordinati per rapporto qualità-prezzo e chilometri per euro, non solo per prezzo. Tariffe reali rilevate il 2026-09-14.",52,433,18,17,17,2,2026-09-14,0.7,3,INDEXABLE_OK,Valido
https://efficiency-life.com/da/med/,airport_it,200,https://efficiency-life.com/da/med/,True,"index, follow",none,"Migliori voli da Prince Mohammad Bin Abdulaziz Airport, Medina per rapporto qualità-prezzo | MED","I voli da Prince Mohammad Bin Abdulaziz Airport, Medina con il miglior rapporto qualità-prezzo","Le 22 migliori destinazioni da Prince Mohammad Bin Abdulaziz Airport, Medina: voli diretti ordinati per rapporto qualità-prezzo e chilometri per euro, non solo per prezzo. Tariffe reali rilevate il 2026-09-14.",22,432,12,11,17,2,2026-09-14,0.7,3,INDEXABLE_OK,Valido
https://efficiency-life.com/da/mel/,airport_it,200,https://efficiency-life.com/da/mel/,True,"index, follow",none,"Migliori voli da Melbourne Intl, Melbourne per rapporto qualità-prezzo | MEL","I voli da Melbourne Intl, Melbourne con il miglior rapporto qualità-prezzo","Le 40 migliori destinazioni da Melbourne Intl, Melbourne: voli diretti ordinati per rapporto qualità-prezzo e chilometri per euro, non solo per prezzo. Tariffe reali rilevate il 2026-09-14.",40,419,12,11,17,2,2026-09-14,0.7,3,INDEXABLE_OK,Valido
https://efficiency-life.com/da/mem/,airport_it,200,https://efficiency-life.com/da/mem/,True,"index, follow",none,"Migliori voli da Frederick W Smith Intl/Memphis Airport, Memphis per rapporto qualità-prezzo | MEM","I voli da Frederick W Smith Intl/Memphis Airport, Memphis con il miglior rapporto qualità-prezzo","Le 13 migliori destinazioni da Frederick W Smith Intl/Memphis Airport, Memphis: voli diretti ordinati per rapporto qualità-prezzo e chilometri per euro, non solo per prezzo. Tariffe reali rilevate il 2026-09-14.",13,444,17,16,17,2,2026-09-14,0.7,3,INDEXABLE_OK,Valido
https://efficiency-life.com/da/mex/,airport_it,200,https://efficiency-life.com/da/mex/,True,"index, follow",none,"Migliori voli da Licenciado Benito Juarez Intl, Città del Messico per rapporto qualità-prezzo | MEX","I voli da Licenciado Benito Juarez Intl, Città del Messico con il miglior rapporto qualità-prezzo","Le 73 migliori destinazioni da Licenciado Benito Juarez Intl, Città del Messico: voli diretti ordinati per rapporto qualità-prezzo e chilometri per euro, non solo per prezzo. Tariffe reali rilevate il 2026-09-14.",73,445,11,10,17,2,2026-09-14,0.7,3,INDEXABLE_OK,Valido
https://efficiency-life.com/da/mfm/,airport_it,200,https://efficiency-life.com/da/mfm/,True,"index, follow",none,"Migliori voli da Macau Intl, Taipa per rapporto qualità-prezzo | MFM","I voli da Macau Intl, Taipa con il miglior rapporto qualità-prezzo","Le 13 migliori destinazioni da Macau Intl, Taipa: voli diretti ordinati per rapporto qualità-prezzo e chilometri per euro, non solo per prezzo. Tariffe reali rilevate il 2026-09-14.",13,421,11,10,17,2,2026-09-14,0.7,3,INDEXABLE_OK,Valido
https://efficiency-life.com/da/mia/,airport_it,200,https://efficiency-life.com/da/mia/,True,"index, follow",none,"Migliori voli da Miami Intl, Miami per rapporto qualità-prezzo | MIA","I voli da Miami Intl, Miami con il miglior rapporto qualità-prezzo","Le 115 migliori destinazioni da Miami Intl, Miami: voli diretti ordinati per rapporto qualità-prezzo e chilometri per euro, non solo per prezzo. Tariffe reali rilevate il 2026-09-14.",115,434,10,9,17,2,2026-09-14,0.7,3,INDEXABLE_OK,Valido
https://efficiency-life.com/da/mid/,airport_it,200,https://efficiency-life.com/da/mid/,True,"index, follow",none,"Migliori voli da Licenciado Manuel Crescencio Rejon Int Airport, Merida per rapporto qualità-prezzo | MID","I voli da Licenciado Manuel Crescencio Rejon Int Airport, Merida con il miglior rapporto qualità-prezzo","Le 9 migliori destinazioni da Licenciado Manuel Crescencio Rejon Int Airport, Merida: voli diretti ordinati per rapporto qualità-prezzo e chilometri per euro, non solo per prezzo. Tariffe reali rilevate il 2026-09-14.",9,404,11,10,17,2,2026-09-14,0.7,3,INDEXABLE_OK,Valido
https://efficiency-life.com/da/mir/,airport_it,200,https://efficiency-life.com/da/mir/,True,"index, follow",none,"Migliori voli da Monastir Habib Bourguiba Intl, Monastir per rapporto qualità-prezzo | MIR","I voli da Monastir Habib Bourguiba Intl, Monastir con il miglior rapporto qualità-prezzo","Le 7 migliori destinazioni da Monastir Habib Bourguiba Intl, Monastir: voli diretti ordinati per rapporto qualità-prezzo e chilometri per euro, non solo per prezzo. Tariffe reali rilevate il 2026-09-14.",7,350,15,14,18,2,2026-09-14,0.7,3,INDEXABLE_OK,Valido
https://efficiency-life.com/da/mjz/,airport_it,200,https://efficiency-life.com/da/mjz/,True,"index, follow",none,"Migliori voli da Mirnyj Airport, Mirnyj Airport per rapporto qualità-prezzo | MJZ","I voli da Mirnyj Airport, Mirnyj Airport con il miglior rapporto qualità-prezzo","Le 7 migliori destinazioni da Mirnyj Airport, Mirnyj Airport: voli diretti ordinati per rapporto qualità-prezzo e chilometri per euro, non solo per prezzo. Tariffe reali rilevate il 2026-09-14.",7,354,14,13,17,2,2026-09-14,0.7,3,INDEXABLE_OK,Valido
https://efficiency-life.com/da/mke/,airport_it,200,https://efficiency-life.com/da/mke/,True,"index, follow",none,"Migliori voli da General Mitchell Intl, Milwaukee per rapporto qualità-prezzo | MKE","I voli da General Mitchell Intl, Milwaukee con il miglior rapporto qualità-prezzo","Le 10 migliori destinazioni da General Mitchell Intl, Milwaukee: voli diretti ordinati per rapporto qualità-prezzo e chilometri per euro, non solo per prezzo. Tariffe reali rilevate il 2026-09-14.",10,405,13,12,17,2,2026-09-14,0.7,3,INDEXABLE_OK,Valido
https://efficiency-life.com/da/mla/,airport_it,200,https://efficiency-life.com/da/mla/,True,"index, follow",none,"Migliori voli da Luqa Airport, Luqa per rapporto qualità-prezzo | MLA","I voli da Luqa Airport, Luqa con il miglior rapporto qualità-prezzo","Le 51 migliori destinazioni da Luqa Airport, Luqa: voli diretti ordinati per rapporto qualità-prezzo e chilometri per euro, non solo per prezzo. Tariffe reali rilevate il 2026-09-14.",51,423,6,5,17,2,2026-09-14,0.7,3,INDEXABLE_OK,Valido
https://efficiency-life.com/da/mle/,airport_it,200,https://efficiency-life.com/da/mle/,True,"index, follow",none,"Migliori voli da Velana Intl, Malé per rapporto qualità-prezzo | MLE","I voli da Velana Intl, Malé con il miglior rapporto qualità-prezzo","Le 36 migliori destinazioni da Velana Intl, Malé: voli diretti ordinati per rapporto qualità-prezzo e chilometri per euro, non solo per prezzo. Tariffe reali rilevate il 2026-09-14.",36,418,6,5,17,2,2026-09-14,0.7,3,INDEXABLE_OK,Valido
https://efficiency-life.com/da/mlh/,airport_it,200,https://efficiency-life.com/da/mlh/,True,"index, follow",none,"Migliori voli da EuroAirport Basel-Mulhouse-Freiburg, EuroAirport Basel-Mulhouse-Freiburg per rapporto qualità-prezzo | MLH","I voli da EuroAirport Basel-Mulhouse-Freiburg, EuroAirport Basel-Mulhouse-Freiburg con il miglior rapporto qualità-prezzo","Le 9 migliori destinazioni da EuroAirport Basel-Mulhouse-Freiburg, EuroAirport Basel-Mulhouse-Freiburg: voli diretti ordinati per rapporto qualità-prezzo e chilometri per euro, non solo per prezzo. Tariffe reali rilevate il 2026-09-14.",9,377,13,12,17,2,2026-09-14,0.7,3,INDEXABLE_OK,Valido
https://efficiency-life.com/da/mmk/,airport_it,200,https://efficiency-life.com/da/mmk/,True,"index, follow",none,"Migliori voli da Murmansk Airport, Murmansk Airport per rapporto qualità-prezzo | MMK","I voli da Murmansk Airport, Murmansk Airport con il miglior rapporto qualità-prezzo","Le 8 migliori destinazioni da Murmansk Airport, Murmansk Airport: voli diretti ordinati per rapporto qualità-prezzo e chilometri per euro, non solo per prezzo. Tariffe reali rilevate il 2026-09-14.",8,372,6,5,17,2,2026-09-14,0.7,3,INDEXABLE_OK,Valido
https://efficiency-life.com/da/mmx/,airport_it,200,https://efficiency-life.com/da/mmx/,True,"index, follow",none,"Migliori voli da Malmo Sturup Airport, Malmo per rapporto qualità-prezzo | MMX","I voli da Malmo Sturup Airport, Malmo con il miglior rapporto qualità-prezzo","Le 7 migliori destinazioni da Malmo Sturup Airport, Malmo: voli diretti ordinati per rapporto qualità-prezzo e chilometri per euro, non solo per prezzo. Tariffe reali rilevate il 2026-09-14.",7,352,13,12,17,2,2026-09-14,0.7,3,INDEXABLE_OK,Valido
https://efficiency-life.com/da/mnl/,airport_it,200,https://efficiency-life.com/da/mnl/,True,"index, follow",none,"Migliori voli da Ninoy Aquino Intl, Manila per rapporto qualità-prezzo | MNL","I voli da Ninoy Aquino Intl, Manila con il miglior rapporto qualità-prezzo","Le 67 migliori destinazioni da Ninoy Aquino Intl, Manila: voli diretti ordinati per rapporto qualità-prezzo e chilometri per euro, non solo per prezzo. Tariffe reali rilevate il 2026-09-14.",67,435,6,5,17,2,2026-09-14,0.7,3,INDEXABLE_OK,Valido
https://efficiency-life.com/da/mpl/,airport_it,200,https://efficiency-life.com/da/mpl/,True,"index, follow",none,"Migliori voli da Montpellier-Mediterranee Airport, Montpellier/Mediterranee per rapporto qualità-prezzo | MPL","I voli da Montpellier-Mediterranee Airport, Montpellier/Mediterranee con il miglior rapporto qualità-prezzo","Le 12 migliori destinazioni da Montpellier-Mediterranee Airport, Montpellier/Mediterranee: voli diretti ordinati per rapporto qualità-prezzo e chilometri per euro, non solo per prezzo. Tariffe reali rilevate il 2026-09-14.",12,409,12,11,17,2,2026-09-14,0.7,3,INDEXABLE_OK,Valido
https://efficiency-life.com/da/mpm/,airport_it,200,https://efficiency-life.com/da/mpm/,True,"index, follow",none,"Migliori voli da Maputo Airport, Maputo per rapporto qualità-prezzo | MPM","I voli da Maputo Airport, Maputo con il miglior rapporto qualità-prezzo","Le 6 migliori destinazioni da Maputo Airport, Maputo: voli diretti ordinati per rapporto qualità-prezzo e chilometri per euro, non solo per prezzo. Tariffe reali rilevate il 2026-09-14.",6,330,13,12,17,2,2026-09-14,0.7,3,INDEXABLE_OK,Valido
https://efficiency-life.com/da/mqf/,airport_it,200,https://efficiency-life.com/da/mqf/,True,"index, follow",none,"Migliori voli da Magnitogorsk Airport, Magnitogorsk Airport per rapporto qualità-prezzo | MQF","I voli da Magnitogorsk Airport, Magnitogorsk Airport con il miglior rapporto qualità-prezzo","Le 7 migliori destinazioni da Magnitogorsk Airport, Magnitogorsk Airport: voli diretti ordinati per rapporto qualità-prezzo e chilometri per euro, non solo per prezzo. Tariffe reali rilevate il 2026-09-14.",7,355,13,12,17,2,2026-09-14,0.7,3,INDEXABLE_OK,Valido
https://efficiency-life.com/da/mrs/,airport_it,200,https://efficiency-life.com/da/mrs/,True,"index, follow",none,"Migliori voli da Marseille Provence Airport, Marsiglia per rapporto qualità-prezzo | MRS","I voli da Marseille Provence Airport, Marsiglia con il miglior rapporto qualità-prezzo","Le 72 migliori destinazioni da Marseille Provence Airport, Marsiglia: voli diretti ordinati per rapporto qualità-prezzo e chilometri per euro, non solo per prezzo. Tariffe reali rilevate il 2026-09-14.",72,425,10,9,17,2,2026-09-14,0.7,3,INDEXABLE_OK,Valido
https://efficiency-life.com/da/mru/,airport_it,200,https://efficiency-life.com/da/mru/,True,"index, follow",none,"Migliori voli da Sir Seewoosagur Ramgoolam Intl, Port Louis per rapporto qualità-prezzo | MRU","I voli da Sir Seewoosagur Ramgoolam Intl, Port Louis con il miglior rapporto qualità-prezzo","Le 17 migliori destinazioni da Sir Seewoosagur Ramgoolam Intl, Port Louis: voli diretti ordinati per rapporto qualità-prezzo e chilometri per euro, non solo per prezzo. Tariffe reali rilevate il 2026-09-14.",17,432,7,6,17,2,2026-09-14,0.7,3,INDEXABLE_OK,Valido
https://efficiency-life.com/da/mrv/,airport_it,200,https://efficiency-life.com/da/mrv/,True,"index, follow",none,"Migliori voli da Mineralnye Vody Airport, Mineralnye Vody Airport per rapporto qualità-prezzo | MRV","I voli da Mineralnye Vody Airport, Mineralnye Vody Airport con il miglior rapporto qualità-prezzo","Le 57 migliori destinazioni da Mineralnye Vody Airport, Mineralnye Vody Airport: voli diretti ordinati per rapporto qualità-prezzo e chilometri per euro, non solo per prezzo. Tariffe reali rilevate il 2026-09-14.",57,449,16,15,17,2,2026-09-14,0.7,3,INDEXABLE_OK,Valido
https://efficiency-life.com/da/msp/,airport_it,200,https://efficiency-life.com/da/msp/,True,"index, follow",none,"Migliori voli da Minneapolis-St Paul Intl/Wold-Chamberlain Airport, Minneapolis per rapporto qualità-prezzo | MSP","I voli da Minneapolis-St Paul Intl/Wold-Chamberlain Airport, Minneapolis con il miglior rapporto qualità-prezzo","Le 32 migliori destinazioni da Minneapolis-St Paul Intl/Wold-Chamberlain Airport, Minneapolis: voli diretti ordinati per rapporto qualità-prezzo e chilometri per euro, non solo per prezzo. Tariffe reali rilevate il 2026-09-14.",32,438,9,8,17,2,2026-09-14,0.7,3,INDEXABLE_OK,Valido
https://efficiency-life.com/da/msq/,airport_it,200,https://efficiency-life.com/da/msq/,True,"index, follow",none,"Migliori voli da Minsk Intl, Minsk per rapporto qualità-prezzo | MSQ","I voli da Minsk Intl, Minsk con il miglior rapporto qualità-prezzo","Le 38 migliori destinazioni da Minsk Intl, Minsk: voli diretti ordinati per rapporto qualità-prezzo e chilometri per euro, non solo per prezzo. Tariffe reali rilevate il 2026-09-14.",38,418,7,6,17,2,2026-09-14,0.7,3,INDEXABLE_OK,Valido
https://efficiency-life.com/da/msy/,airport_it,200,https://efficiency-life.com/da/msy/,True,"index, follow",none,"Migliori voli da Louis Armstrong New Orleans Intl, New Orleans per rapporto qualità-prezzo | MSY","I voli da Louis Armstrong New Orleans Intl, New Orleans con il miglior rapporto qualità-prezzo","Le 21 migliori destinazioni da Louis Armstrong New Orleans Intl, New Orleans: voli diretti ordinati per rapporto qualità-prezzo e chilometri per euro, non solo per prezzo. Tariffe reali rilevate il 2026-09-14.",21,450,11,10,17,2,2026-09-14,0.7,3,INDEXABLE_OK,Valido
https://efficiency-life.com/da/mty/,airport_it,200,https://efficiency-life.com/da/mty/,True,"index, follow",none,"Migliori voli da General Mariano Escobedo Intl, Monterrey per rapporto qualità-prezzo | MTY","I voli da General Mariano Escobedo Intl, Monterrey con il miglior rapporto qualità-prezzo","Le 19 migliori destinazioni da General Mariano Escobedo Intl, Monterrey: voli diretti ordinati per rapporto qualità-prezzo e chilometri per euro, non solo per prezzo. Tariffe reali rilevate il 2026-09-14.",19,441,12,11,17,2,2026-09-14,0.7,3,INDEXABLE_OK,Valido
https://efficiency-life.com/da/muc/,airport_it,200,https://efficiency-life.com/da/muc/,True,"index, follow",none,"Migliori voli da Munich Intl, Monaco di Baviera per rapporto qualità-prezzo | MUC","I voli da Munich Intl, Monaco di Baviera con il miglior rapporto qualità-prezzo","Le 156 migliori destinazioni da Munich Intl, Monaco di Baviera: voli diretti ordinati per rapporto qualità-prezzo e chilometri per euro, non solo per prezzo. Tariffe reali rilevate il 2026-09-14.",156,430,13,12,17,2,2026-09-14,0.7,3,INDEXABLE_OK,Valido
https://efficiency-life.com/da/mvd/,airport_it,200,https://efficiency-life.com/da/mvd/,True,"index, follow",none,"Migliori voli da Carrasco Intl /General C L Berisso Airport, Montevideo per rapporto qualità-prezzo | MVD","I voli da Carrasco Intl /General C L Berisso Airport, Montevideo con il miglior rapporto qualità-prezzo","Le 12 migliori destinazioni da Carrasco Intl /General C L Berisso Airport, Montevideo: voli diretti ordinati per rapporto qualità-prezzo e chilometri per euro, non solo per prezzo. Tariffe reali rilevate il 2026-09-14.",12,445,7,6,17,2,2026-09-14,0.7,3,INDEXABLE_OK,Valido
https://efficiency-life.com/da/mxp/,airport_it,200,https://efficiency-life.com/da/mxp/,True,"index, follow",none,"Migliori voli da Malpensa, Milano per rapporto qualità-prezzo | MXP","I voli da Malpensa, Milano con il miglior rapporto qualità-prezzo","Le 141 migliori destinazioni da Malpensa, Milano: voli diretti ordinati per rapporto qualità-prezzo e chilometri per euro, non solo per prezzo. Tariffe reali rilevate il 2026-09-14.",141,417,17,16,17,2,2026-09-14,0.7,3,INDEXABLE_OK,Valido
https://efficiency-life.com/da/nal/,airport_it,200,https://efficiency-life.com/da/nal/,True,"index, follow",none,"Migliori voli da Nalchik Airport, Nalchik Airport per rapporto qualità-prezzo | NAL","I voli da Nalchik Airport, Nalchik Airport con il miglior rapporto qualità-prezzo","Le 6 migliori destinazioni da Nalchik Airport, Nalchik Airport: voli diretti ordinati per rapporto qualità-prezzo e chilometri per euro, non solo per prezzo. Tariffe reali rilevate il 2026-09-14.",6,338,16,15,17,2,2026-09-14,0.7,3,INDEXABLE_OK,Valido
https://efficiency-life.com/da/nan/,airport_it,200,https://efficiency-life.com/da/nan/,True,"index, follow",none,"Migliori voli da Nadi Intl, Nadi per rapporto qualità-prezzo | NAN","I voli da Nadi Intl, Nadi con il miglior rapporto qualità-prezzo","Le 12 migliori destinazioni da Nadi Intl, Nadi: voli diretti ordinati per rapporto qualità-prezzo e chilometri per euro, non solo per prezzo. Tariffe reali rilevate il 2026-09-14.",12,414,12,11,17,2,2026-09-14,0.7,3,INDEXABLE_OK,Valido
https://efficiency-life.com/da/nap/,airport_it,200,https://efficiency-life.com/da/nap/,True,"index, follow",none,"Migliori voli da Napoli / Capodichino Intl, Napoli per rapporto qualità-prezzo | NAP","I voli da Napoli / Capodichino Intl, Napoli con il miglior rapporto qualità-prezzo","Le 79 migliori destinazioni da Napoli / Capodichino Intl, Napoli: voli diretti ordinati per rapporto qualità-prezzo e chilometri per euro, non solo per prezzo. Tariffe reali rilevate il 2026-09-14.",79,430,17,16,17,2,2026-09-14,0.7,3,INDEXABLE_OK,Valido
https://efficiency-life.com/da/nat/,airport_it,200,https://efficiency-life.com/da/nat/,True,"index, follow",none,"Migliori voli da Greater Natal Intl, São Gonçalo do Amarante per rapporto qualità-prezzo | NAT","I voli da Greater Natal Intl, São Gonçalo do Amarante con il miglior rapporto qualità-prezzo","Le 7 migliori destinazioni da Greater Natal Intl, São Gonçalo do Amarante: voli diretti ordinati per rapporto qualità-prezzo e chilometri per euro, non solo per prezzo. Tariffe reali rilevate il 2026-09-14.",7,363,10,9,17,2,2026-09-14,0.7,3,INDEXABLE_OK,Valido
https://efficiency-life.com/da/nbc/,airport_it,200,https://efficiency-life.com/da/nbc/,True,"index, follow",none,"Migliori voli da Begishevo Airport, Begishevo Airport per rapporto qualità-prezzo | NBC","I voli da Begishevo Airport, Begishevo Airport con il miglior rapporto qualità-prezzo","Le 7 migliori destinazioni da Begishevo Airport, Begishevo Airport: voli diretti ordinati per rapporto qualità-prezzo e chilometri per euro, non solo per prezzo. Tariffe reali rilevate il 2026-09-14.",7,360,18,17,17,2,2026-09-14,0.7,3,INDEXABLE_OK,Valido
https://efficiency-life.com/da/nbj/,airport_it,200,https://efficiency-life.com/da/nbj/,True,"index, follow",none,"Migliori voli da Dr. Antonio Agostinho Neto International Airport, Dr. Antonio Agostinho Neto International Airport per rapporto qualità-prezzo | NBJ","I voli da Dr. Antonio Agostinho Neto International Airport, Dr. Antonio Agostinho Neto International Airport con il miglior rapporto qualità-prezzo","Le 13 migliori destinazioni da Dr. Antonio Agostinho Neto International Airport, Dr. Antonio Agostinho Neto International Airport: voli diretti ordinati per rapporto qualità-prezzo e chilometri per euro, non solo per prezzo. Tariffe reali rilevate il 2026-09-14.",13,449,16,15,17,2,2026-09-14,0.7,3,INDEXABLE_OK,Valido
https://efficiency-life.com/da/nbo/,airport_it,200,https://efficiency-life.com/da/nbo/,True,"index, follow",none,"Migliori voli da Jomo Kenyatta Intl, Nairobi per rapporto qualità-prezzo | NBO","I voli da Jomo Kenyatta Intl, Nairobi con il miglior rapporto qualità-prezzo","Le 43 migliori destinazioni da Jomo Kenyatta Intl, Nairobi: voli diretti ordinati per rapporto qualità-prezzo e chilometri per euro, non solo per prezzo. Tariffe reali rilevate il 2026-09-14.",43,431,16,15,17,2,2026-09-14,0.7,3,INDEXABLE_OK,Valido
https://efficiency-life.com/da/nce/,airport_it,200,https://efficiency-life.com/da/nce/,True,"index, follow",none,"Migliori voli da Nice-Cote d'Azur Airport, Nizza per rapporto qualità-prezzo | NCE","I voli da Nice-Cote d'Azur Airport, Nizza con il miglior rapporto qualità-prezzo","Le 71 migliori destinazioni da Nice-Cote d'Azur Airport, Nizza: voli diretti ordinati per rapporto qualità-prezzo e chilometri per euro, non solo per prezzo. Tariffe reali rilevate il 2026-09-14.",71,424,13,12,17,2,2026-09-14,0.7,3,INDEXABLE_OK,Valido
https://efficiency-life.com/da/ncl/,airport_it,200,https://efficiency-life.com/da/ncl/,True,"index, follow",none,"Migliori voli da Newcastle Airport, Newcastle per rapporto qualità-prezzo | NCL","I voli da Newcastle Airport, Newcastle con il miglior rapporto qualità-prezzo","Le 20 migliori destinazioni da Newcastle Airport, Newcastle: voli diretti ordinati per rapporto qualità-prezzo e chilometri per euro, non solo per prezzo. Tariffe reali rilevate il 2026-09-14.",20,428,13,12,17,2,2026-09-14,0.7,3,INDEXABLE_OK,Valido
https://efficiency-life.com/da/ner/,airport_it,200,https://efficiency-life.com/da/ner/,True,"index, follow",none,"Migliori voli da Neryungri Airport, Neryungri Airport per rapporto qualità-prezzo | NER","I voli da Neryungri Airport, Neryungri Airport con il miglior rapporto qualità-prezzo","Le 6 migliori destinazioni da Neryungri Airport, Neryungri Airport: voli diretti ordinati per rapporto qualità-prezzo e chilometri per euro, non solo per prezzo. Tariffe reali rilevate il 2026-09-14.",6,342,13,12,17,2,2026-09-14,0.7,3,INDEXABLE_OK,Valido
https://efficiency-life.com/da/ngb/,airport_it,200,https://efficiency-life.com/da/ngb/,True,"index, follow",none,"Migliori voli da Ningbo Lishe Intl, Ningbo per rapporto qualità-prezzo | NGB","I voli da Ningbo Lishe Intl, Ningbo con il miglior rapporto qualità-prezzo","Le 15 migliori destinazioni da Ningbo Lishe Intl, Ningbo: voli diretti ordinati per rapporto qualità-prezzo e chilometri per euro, non solo per prezzo. Tariffe reali rilevate il 2026-09-14.",15,415,17,16,17,2,2026-09-14,0.7,3,INDEXABLE_OK,Valido
https://efficiency-life.com/da/ngo/,airport_it,200,https://efficiency-life.com/da/ngo/,True,"index, follow",none,"Migliori voli da Chubu Centrair Intl, Tokoname per rapporto qualità-prezzo | NGO","I voli da Chubu Centrair Intl, Tokoname con il miglior rapporto qualità-prezzo","Le 22 migliori destinazioni da Chubu Centrair Intl, Tokoname: voli diretti ordinati per rapporto qualità-prezzo e chilometri per euro, non solo per prezzo. Tariffe reali rilevate il 2026-09-14.",22,417,12,11,17,2,2026-09-14,0.7,3,INDEXABLE_OK,Valido
https://efficiency-life.com/da/njc/,airport_it,200,https://efficiency-life.com/da/njc/,True,"index, follow",none,"Migliori voli da Nizhnevartovsk Airport, Nizhnevartovsk Airport per rapporto qualità-prezzo | NJC","I voli da Nizhnevartovsk Airport, Nizhnevartovsk Airport con il miglior rapporto qualità-prezzo","Le 20 migliori destinazioni da Nizhnevartovsk Airport, Nizhnevartovsk Airport: voli diretti ordinati per rapporto qualità-prezzo e chilometri per euro, non solo per prezzo. Tariffe reali rilevate il 2026-09-14.",20,431,21,20,17,2,2026-09-14,0.7,3,INDEXABLE_OK,Valido
https://efficiency-life.com/da/nkc/,airport_it,200,https://efficiency-life.com/da/nkc/,True,"index, follow",none,"Migliori voli da Nouakchott Intl, Nouakchott per rapporto qualità-prezzo | NKC","I voli da Nouakchott Intl, Nouakchott con il miglior rapporto qualità-prezzo","Le 6 migliori destinazioni da Nouakchott Intl, Nouakchott: voli diretti ordinati per rapporto qualità-prezzo e chilometri per euro, non solo per prezzo. Tariffe reali rilevate il 2026-09-14.",6,321,14,13,17,2,2026-09-14,0.7,3,INDEXABLE_OK,Valido
https://efficiency-life.com/da/nkg/,airport_it,200,https://efficiency-life.com/da/nkg/,True,"index, follow",none,"Migliori voli da Nanjing Lukou Airport, Nanjing per rapporto qualità-prezzo | NKG","I voli da Nanjing Lukou Airport, Nanjing con il miglior rapporto qualità-prezzo","Le 22 migliori destinazioni da Nanjing Lukou Airport, Nanjing: voli diretti ordinati per rapporto qualità-prezzo e chilometri per euro, non solo per prezzo. Tariffe reali rilevate il 2026-09-14.",22,420,20,19,17,2,2026-09-14,0.7,3,INDEXABLE_OK,Valido
https://efficiency-life.com/da/nlu/,airport_it,200,https://efficiency-life.com/da/nlu/,True,"index, follow",none,"Migliori voli da Santa Lucia Air Force Base, Città del Messico per rapporto qualità-prezzo | NLU","I voli da Santa Lucia Air Force Base, Città del Messico con il miglior rapporto qualità-prezzo","Le 25 migliori destinazioni da Santa Lucia Air Force Base, Città del Messico: voli diretti ordinati per rapporto qualità-prezzo e chilometri per euro, non solo per prezzo. Tariffe reali rilevate il 2026-09-14.",25,454,11,10,17,2,2026-09-14,0.7,3,INDEXABLE_OK,Valido
https://efficiency-life.com/da/nma/,airport_it,200,https://efficiency-life.com/da/nma/,True,"index, follow",none,"Migliori voli da Namangan Airport, Namangan Airport per rapporto qualità-prezzo | NMA","I voli da Namangan Airport, Namangan Airport con il miglior rapporto qualità-prezzo","Le 17 migliori destinazioni da Namangan Airport, Namangan Airport: voli diretti ordinati per rapporto qualità-prezzo e chilometri per euro, non solo per prezzo. Tariffe reali rilevate il 2026-09-14.",17,422,17,16,17,2,2026-09-14,0.7,3,INDEXABLE_OK,Valido
https://efficiency-life.com/da/nmi/,airport_it,200,https://efficiency-life.com/da/nmi/,True,"index, follow",none,"Migliori voli da Navi Mumbai International Airport, Navi Mumbai International Airport per rapporto qualità-prezzo | NMI","I voli da Navi Mumbai International Airport, Navi Mumbai International Airport con il miglior rapporto qualità-prezzo","Le 23 migliori destinazioni da Navi Mumbai International Airport, Navi Mumbai International Airport: voli diretti ordinati per rapporto qualità-prezzo e chilometri per euro, non solo per prezzo. Tariffe reali rilevate il 2026-09-14.",23,431,20,19,17,2,2026-09-14,0.7,3,INDEXABLE_OK,Valido
https://efficiency-life.com/da/nnm/,airport_it,200,https://efficiency-life.com/da/nnm/,True,"index, follow",none,"Migliori voli da Naryan-Mar Airport, Naryan-Mar Airport per rapporto qualità-prezzo | NNM","I voli da Naryan-Mar Airport, Naryan-Mar Airport con il miglior rapporto qualità-prezzo","Le 12 migliori destinazioni da Naryan-Mar Airport, Naryan-Mar Airport: voli diretti ordinati per rapporto qualità-prezzo e chilometri per euro, non solo per prezzo. Tariffe reali rilevate il 2026-09-14.",12,439,10,9,17,2,2026-09-14,0.7,3,INDEXABLE_OK,Valido
https://efficiency-life.com/da/noj/,airport_it,200,https://efficiency-life.com/da/noj/,True,"index, follow",none,"Migliori voli da Nojabrxsk Airport, Nojabrxsk Airport per rapporto qualità-prezzo | NOJ","I voli da Nojabrxsk Airport, Nojabrxsk Airport con il miglior rapporto qualità-prezzo","Le 12 migliori destinazioni da Nojabrxsk Airport, Nojabrxsk Airport: voli diretti ordinati per rapporto qualità-prezzo e chilometri per euro, non solo per prezzo. Tariffe reali rilevate il 2026-09-14.",12,430,12,11,17,2,2026-09-14,0.7,3,INDEXABLE_OK,Valido
https://efficiency-life.com/da/noz/,airport_it,200,https://efficiency-life.com/da/noz/,True,"index, follow",none,"Migliori voli da Novokuznetsk Airport, Novokuznetsk Airport per rapporto qualità-prezzo | NOZ","I voli da Novokuznetsk Airport, Novokuznetsk Airport con il miglior rapporto qualità-prezzo","Le 15 migliori destinazioni da Novokuznetsk Airport, Novokuznetsk Airport: voli diretti ordinati per rapporto qualità-prezzo e chilometri per euro, non solo per prezzo. Tariffe reali rilevate il 2026-09-14.",15,430,13,12,17,2,2026-09-14,0.7,3,INDEXABLE_OK,Valido
https://efficiency-life.com/da/nqt/,airport_it,200,https://efficiency-life.com/da/nqt/,True,"index, follow",none,"Migliori voli da Nottingham Airport, Nottingham Airport per rapporto qualità-prezzo | NQT","I voli da Nottingham Airport, Nottingham Airport con il miglior rapporto qualità-prezzo","Le 7 migliori destinazioni da Nottingham Airport, Nottingham Airport: voli diretti ordinati per rapporto qualità-prezzo e chilometri per euro, non solo per prezzo. Tariffe reali rilevate il 2026-09-14.",7,348,21,20,17,2,2026-09-14,0.7,3,INDEXABLE_OK,Valido
https://efficiency-life.com/da/nqz/,airport_it,200,https://efficiency-life.com/da/nqz/,True,"index, follow",none,"Migliori voli da Nursultan Nazarbayev Intl, Astana per rapporto qualità-prezzo | NQZ","I voli da Nursultan Nazarbayev Intl, Astana con il miglior rapporto qualità-prezzo","Le 60 migliori destinazioni da Nursultan Nazarbayev Intl, Astana: voli diretti ordinati per rapporto qualità-prezzo e chilometri per euro, non solo per prezzo. Tariffe reali rilevate il 2026-09-14.",60,430,10,9,17,2,2026-09-14,0.7,3,INDEXABLE_OK,Valido
https://efficiency-life.com/da/nrn/,airport_it,200,https://efficiency-life.com/da/nrn/,True,"index, follow",none,"Migliori voli da Weeze Airport, Weeze Airport per rapporto qualità-prezzo | NRN","I voli da Weeze Airport, Weeze Airport con il miglior rapporto qualità-prezzo","Le 40 migliori destinazioni da Weeze Airport, Weeze Airport: voli diretti ordinati per rapporto qualità-prezzo e chilometri per euro, non solo per prezzo. Tariffe reali rilevate il 2026-09-14.",40,434,17,16,17,2,2026-09-14,0.7,3,INDEXABLE_OK,Valido
https://efficiency-life.com/da/nrt/,airport_it,200,https://efficiency-life.com/da/nrt/,True,"index, follow",none,"Migliori voli da Narita, Tokyo per rapporto qualità-prezzo | NRT","I voli da Narita, Tokyo con il miglior rapporto qualità-prezzo","Le 84 migliori destinazioni da Narita, Tokyo: voli diretti ordinati per rapporto qualità-prezzo e chilometri per euro, non solo per prezzo. Tariffe reali rilevate il 2026-09-14.",84,414,11,10,17,2,2026-09-14,0.7,3,INDEXABLE_OK,Valido
https://efficiency-life.com/da/nsi/,airport_it,200,https://efficiency-life.com/da/nsi/,True,"index, follow",none,"Migliori voli da Yaounde Nsimalen Intl, Yaounde per rapporto qualità-prezzo | NSI","I voli da Yaounde Nsimalen Intl, Yaounde con il miglior rapporto qualità-prezzo","Le 6 migliori destinazioni da Yaounde Nsimalen Intl, Yaounde: voli diretti ordinati per rapporto qualità-prezzo e chilometri per euro, non solo per prezzo. Tariffe reali rilevate il 2026-09-14.",6,331,15,14,17,2,2026-09-14,0.7,3,INDEXABLE_OK,Valido
https://efficiency-life.com/da/nsk/,airport_it,200,https://efficiency-life.com/da/nsk/,True,"index, follow",none,"Migliori voli da Noril'sk Airport, Noril'sk Airport per rapporto qualità-prezzo | NSK","I voli da Noril'sk Airport, Noril'sk Airport con il miglior rapporto qualità-prezzo","Le 14 migliori destinazioni da Noril'sk Airport, Noril'sk Airport: voli diretti ordinati per rapporto qualità-prezzo e chilometri per euro, non solo per prezzo. Tariffe reali rilevate il 2026-09-14.",14,427,10,9,17,2,2026-09-14,0.7,3,INDEXABLE_OK,Valido
https://efficiency-life.com/da/nte/,airport_it,200,https://efficiency-life.com/da/nte/,True,"index, follow",none,"Migliori voli da Nantes Atlantique Airport, Nantes per rapporto qualità-prezzo | NTE","I voli da Nantes Atlantique Airport, Nantes con il miglior rapporto qualità-prezzo","Le 50 migliori destinazioni da Nantes Atlantique Airport, Nantes: voli diretti ordinati per rapporto qualità-prezzo e chilometri per euro, non solo per prezzo. Tariffe reali rilevate il 2026-09-14.",50,427,9,8,17,2,2026-09-14,0.7,3,INDEXABLE_OK,Valido
https://efficiency-life.com/da/nue/,airport_it,200,https://efficiency-life.com/da/nue/,True,"index, follow",none,"Migliori voli da Nuremberg Airport, Norimberga per rapporto qualità-prezzo | NUE","I voli da Nuremberg Airport, Norimberga con il miglior rapporto qualità-prezzo","Le 40 migliori destinazioni da Nuremberg Airport, Norimberga: voli diretti ordinati per rapporto qualità-prezzo e chilometri per euro, non solo per prezzo. Tariffe reali rilevate il 2026-09-14.",40,428,13,12,17,2,2026-09-14,0.7,3,INDEXABLE_OK,Valido
https://efficiency-life.com/da/nux/,airport_it,200,https://efficiency-life.com/da/nux/,True,"index, follow",none,"Migliori voli da Novy Urengoy Airport, Novy Urengoy Airport per rapporto qualità-prezzo | NUX","I voli da Novy Urengoy Airport, Novy Urengoy Airport con il miglior rapporto qualità-prezzo","Le 17 migliori destinazioni da Novy Urengoy Airport, Novy Urengoy Airport: voli diretti ordinati per rapporto qualità-prezzo e chilometri per euro, non solo per prezzo. Tariffe reali rilevate il 2026-09-14.",17,437,12,11,17,2,2026-09-14,0.7,3,INDEXABLE_OK,Valido
https://efficiency-life.com/da/nya/,airport_it,200,https://efficiency-life.com/da/nya/,True,"index, follow",none,"Migliori voli da Nyagan Airport, Nyagan Airport per rapporto qualità-prezzo | NYA","I voli da Nyagan Airport, Nyagan Airport con il miglior rapporto qualità-prezzo","Le 6 migliori destinazioni da Nyagan Airport, Nyagan Airport: voli diretti ordinati per rapporto qualità-prezzo e chilometri per euro, non solo per prezzo. Tariffe reali rilevate il 2026-09-14.",6,344,16,15,17,2,2026-09-14,0.7,3,INDEXABLE_OK,Valido
https://efficiency-life.com/da/nym/,airport_it,200,https://efficiency-life.com/da/nym/,True,"index, follow",none,"Migliori voli da Nadym Airport, Nadym Airport per rapporto qualità-prezzo | NYM","I voli da Nadym Airport, Nadym Airport con il miglior rapporto qualità-prezzo","Le 9 migliori destinazioni da Nadym Airport, Nadym Airport: voli diretti ordinati per rapporto qualità-prezzo e chilometri per euro, non solo per prezzo. Tariffe reali rilevate il 2026-09-14.",9,384,12,11,17,2,2026-09-14,0.7,3,INDEXABLE_OK,Valido
https://efficiency-life.com/da/nyo/,airport_it,200,https://efficiency-life.com/da/nyo/,True,"index, follow",none,"Migliori voli da Stockholm Skavsta Airport, Stockholm / Nykoping per rapporto qualità-prezzo | NYO","I voli da Stockholm Skavsta Airport, Stockholm / Nykoping con il miglior rapporto qualità-prezzo","Le 7 migliori destinazioni da Stockholm Skavsta Airport, Stockholm / Nykoping: voli diretti ordinati per rapporto qualità-prezzo e chilometri per euro, non solo per prezzo. Tariffe reali rilevate il 2026-09-14.",7,358,13,12,17,2,2026-09-14,0.7,3,INDEXABLE_OK,Valido
https://efficiency-life.com/da/nzh/,airport_it,200,https://efficiency-life.com/da/nzh/,True,"index, follow",none,"Migliori voli da Manzhouli Airport, Manzhouli Airport per rapporto qualità-prezzo | NZH","I voli da Manzhouli Airport, Manzhouli Airport con il miglior rapporto qualità-prezzo","Le 7 migliori destinazioni da Manzhouli Airport, Manzhouli Airport: voli diretti ordinati per rapporto qualità-prezzo e chilometri per euro, non solo per prezzo. Tariffe reali rilevate il 2026-09-14.",7,354,10,9,18,2,2026-09-14,0.7,3,INDEXABLE_OK,Valido
https://efficiency-life.com/da/oak/,airport_it,200,https://efficiency-life.com/da/oak/,True,"index, follow",none,"Migliori voli da Oakland San Francisco Bay Airport, Oakland per rapporto qualità-prezzo | OAK","I voli da Oakland San Francisco Bay Airport, Oakland con il miglior rapporto qualità-prezzo","Le 22 migliori destinazioni da Oakland San Francisco Bay Airport, Oakland: voli diretti ordinati per rapporto qualità-prezzo e chilometri per euro, non solo per prezzo. Tariffe reali rilevate il 2026-09-14.",22,449,20,19,18,2,2026-09-14,0.7,3,INDEXABLE_OK,Valido
https://efficiency-life.com/da/ogz/,airport_it,200,https://efficiency-life.com/da/ogz/,True,"index, follow",none,"Migliori voli da Vladikavkaz Airport, Vladikavkaz Airport per rapporto qualità-prezzo | OGZ","I voli da Vladikavkaz Airport, Vladikavkaz Airport con il miglior rapporto qualità-prezzo","Le 9 migliori destinazioni da Vladikavkaz Airport, Vladikavkaz Airport: voli diretti ordinati per rapporto qualità-prezzo e chilometri per euro, non solo per prezzo. Tariffe reali rilevate il 2026-09-14.",9,386,16,15,17,2,2026-09-14,0.7,3,INDEXABLE_OK,Valido
https://efficiency-life.com/da/oka/,airport_it,200,https://efficiency-life.com/da/oka/,True,"index, follow",none,"Migliori voli da Naha Airport, Naha per rapporto qualità-prezzo | OKA","I voli da Naha Airport, Naha con il miglior rapporto qualità-prezzo","Le 20 migliori destinazioni da Naha Airport, Naha: voli diretti ordinati per rapporto qualità-prezzo e chilometri per euro, non solo per prezzo. Tariffe reali rilevate il 2026-09-14.",20,417,13,12,17,2,2026-09-14,0.7,3,INDEXABLE_OK,Valido
https://efficiency-life.com/da/okc/,airport_it,200,https://efficiency-life.com/da/okc/,True,"index, follow",none,"Migliori voli da Okc Will Rogers Intl, Oklahoma City per rapporto qualità-prezzo | OKC","I voli da Okc Will Rogers Intl, Oklahoma City con il miglior rapporto qualità-prezzo","Le 8 migliori destinazioni da Okc Will Rogers Intl, Oklahoma City: voli diretti ordinati per rapporto qualità-prezzo e chilometri per euro, non solo per prezzo. Tariffe reali rilevate il 2026-09-14.",8,380,12,11,17,2,2026-09-14,0.7,3,INDEXABLE_OK,Valido
https://efficiency-life.com/da/olb/,airport_it,200,https://efficiency-life.com/da/olb/,True,"index, follow",none,"Migliori voli da Olbia / Costa Smeralda Airport, Olbia per rapporto qualità-prezzo | OLB","I voli da Olbia / Costa Smeralda Airport, Olbia con il miglior rapporto qualità-prezzo","Le 16 migliori destinazioni da Olbia / Costa Smeralda Airport, Olbia: voli diretti ordinati per rapporto qualità-prezzo e chilometri per euro, non solo per prezzo. Tariffe reali rilevate il 2026-09-14.",16,421,10,9,17,2,2026-09-14,0.7,3,INDEXABLE_OK,Valido
https://efficiency-life.com/da/oma/,airport_it,200,https://efficiency-life.com/da/oma/,True,"index, follow",none,"Migliori voli da Eppley Airfield, Omaha per rapporto qualità-prezzo | OMA","I voli da Eppley Airfield, Omaha con il miglior rapporto qualità-prezzo","Le 13 migliori destinazioni da Eppley Airfield, Omaha: voli diretti ordinati per rapporto qualità-prezzo e chilometri per euro, non solo per prezzo. Tariffe reali rilevate il 2026-09-14.",13,437,11,10,17,2,2026-09-14,0.7,3,INDEXABLE_OK,Valido
https://efficiency-life.com/da/oms/,airport_it,200,https://efficiency-life.com/da/oms/,True,"index, follow",none,"Migliori voli da Omsk Airport, Omsk Airport per rapporto qualità-prezzo | OMS","I voli da Omsk Airport, Omsk Airport con il miglior rapporto qualità-prezzo","Le 27 migliori destinazioni da Omsk Airport, Omsk Airport: voli diretti ordinati per rapporto qualità-prezzo e chilometri per euro, non solo per prezzo. Tariffe reali rilevate il 2026-09-14.",27,435,15,14,17,2,2026-09-14,0.7,3,INDEXABLE_OK,Valido
https://efficiency-life.com/da/ont/,airport_it,200,https://efficiency-life.com/da/ont/,True,"index, follow",none,"Migliori voli da Ontario Intl, Ontario per rapporto qualità-prezzo | ONT","I voli da Ontario Intl, Ontario con il miglior rapporto qualità-prezzo","Le 27 migliori destinazioni da Ontario Intl, Ontario: voli diretti ordinati per rapporto qualità-prezzo e chilometri per euro, non solo per prezzo. Tariffe reali rilevate il 2026-09-14.",27,437,18,17,17,2,2026-09-14,0.7,3,INDEXABLE_OK,Valido
https://efficiency-life.com/da/opo/,airport_it,200,https://efficiency-life.com/da/opo/,True,"index, follow",none,"Migliori voli da Francisco de Sá Carneiro Airport, Porto per rapporto qualità-prezzo | OPO","I voli da Francisco de Sá Carneiro Airport, Porto con il miglior rapporto qualità-prezzo","Le 84 migliori destinazioni da Francisco de Sá Carneiro Airport, Porto: voli diretti ordinati per rapporto qualità-prezzo e chilometri per euro, non solo per prezzo. Tariffe reali rilevate il 2026-09-14.",84,434,7,6,17,2,2026-09-14,0.7,3,INDEXABLE_OK,Valido
https://efficiency-life.com/da/ord/,airport_it,200,https://efficiency-life.com/da/ord/,True,"index, follow",none,"Migliori voli da O'Hare, Chicago per rapporto qualità-prezzo | ORD","I voli da O'Hare, Chicago con il miglior rapporto qualità-prezzo","Le 118 migliori destinazioni da O'Hare, Chicago: voli diretti ordinati per rapporto qualità-prezzo e chilometri per euro, non solo per prezzo. Tariffe reali rilevate il 2026-09-14.",118,433,16,15,17,2,2026-09-14,0.7,3,INDEXABLE_OK,Valido
https://efficiency-life.com/da/orf/,airport_it,200,https://efficiency-life.com/da/orf/,True,"index, follow",none,"Migliori voli da Norfolk Intl, Norfolk per rapporto qualità-prezzo | ORF","I voli da Norfolk Intl, Norfolk con il miglior rapporto qualità-prezzo","Le 13 migliori destinazioni da Norfolk Intl, Norfolk: voli diretti ordinati per rapporto qualità-prezzo e chilometri per euro, non solo per prezzo. Tariffe reali rilevate il 2026-09-14.",13,429,10,9,17,2,2026-09-14,0.7,3,INDEXABLE_OK,Valido
https://efficiency-life.com/da/ork/,airport_it,200,https://efficiency-life.com/da/ork/,True,"index, follow",none,"Migliori voli da Cork Airport, Cork per rapporto qualità-prezzo | ORK","I voli da Cork Airport, Cork con il miglior rapporto qualità-prezzo","Le 18 migliori destinazioni da Cork Airport, Cork: voli diretti ordinati per rapporto qualità-prezzo e chilometri per euro, non solo per prezzo. Tariffe reali rilevate il 2026-09-14.",18,426,6,5,17,2,2026-09-14,0.7,3,INDEXABLE_OK,Valido
https://efficiency-life.com/da/orn/,airport_it,200,https://efficiency-life.com/da/orn/,True,"index, follow",none,"Migliori voli da Es Senia Airport, Oran per rapporto qualità-prezzo | ORN","I voli da Es Senia Airport, Oran con il miglior rapporto qualità-prezzo","Le 11 migliori destinazioni da Es Senia Airport, Oran: voli diretti ordinati per rapporto qualità-prezzo e chilometri per euro, non solo per prezzo. Tariffe reali rilevate il 2026-09-14.",11,401,16,15,17,2,2026-09-14,0.7,3,INDEXABLE_OK,Valido
https://efficiency-life.com/da/ory/,airport_it,200,https://efficiency-life.com/da/ory/,True,"index, follow",none,"Migliori voli da Orly, Parigi per rapporto qualità-prezzo | ORY","I voli da Orly, Parigi con il miglior rapporto qualità-prezzo","Le 117 migliori destinazioni da Orly, Parigi: voli diretti ordinati per rapporto qualità-prezzo e chilometri per euro, non solo per prezzo. Tariffe reali rilevate il 2026-09-14.",117,417,12,11,17,2,2026-09-14,0.7,3,INDEXABLE_OK,Valido
https://efficiency-life.com/da/osl/,airport_it,200,https://efficiency-life.com/da/osl/,True,"index, follow",none,"Migliori voli da Oslo Gardermoen Airport, Oslo per rapporto qualità-prezzo | OSL","I voli da Oslo Gardermoen Airport, Oslo con il miglior rapporto qualità-prezzo","Le 67 migliori destinazioni da Oslo Gardermoen Airport, Oslo: voli diretti ordinati per rapporto qualità-prezzo e chilometri per euro, non solo per prezzo. Tariffe reali rilevate il 2026-09-14.",67,424,10,9,17,2,2026-09-14,0.7,3,INDEXABLE_OK,Valido
https://efficiency-life.com/da/oss/,airport_it,200,https://efficiency-life.com/da/oss/,True,"index, follow",none,"Migliori voli da Osh Airport, Osh per rapporto qualità-prezzo | OSS","I voli da Osh Airport, Osh con il miglior rapporto qualità-prezzo","Le 18 migliori destinazioni da Osh Airport, Osh: voli diretti ordinati per rapporto qualità-prezzo e chilometri per euro, non solo per prezzo. Tariffe reali rilevate il 2026-09-14.",18,418,15,14,17,2,2026-09-14,0.7,3,INDEXABLE_OK,Valido
https://efficiency-life.com/da/otp/,airport_it,200,https://efficiency-life.com/da/otp/,True,"index, follow",none,"Migliori voli da Henri Coanda Intl, Bucarest per rapporto qualità-prezzo | OTP","I voli da Henri Coanda Intl, Bucarest con il miglior rapporto qualità-prezzo","Le 92 migliori destinazioni da Henri Coanda Intl, Bucarest: voli diretti ordinati per rapporto qualità-prezzo e chilometri per euro, non solo per prezzo. Tariffe reali rilevate il 2026-09-14.",92,422,11,10,17,2,2026-09-14,0.7,3,INDEXABLE_OK,Valido
https://efficiency-life.com/da/oua/,airport_it,200,https://efficiency-life.com/da/oua/,True,"index, follow",none,"Migliori voli da Ouagadougou Airport, Ouagadougou per rapporto qualità-prezzo | OUA","I voli da Ouagadougou Airport, Ouagadougou con il miglior rapporto qualità-prezzo","Le 8 migliori destinazioni da Ouagadougou Airport, Ouagadougou: voli diretti ordinati per rapporto qualità-prezzo e chilometri per euro, non solo per prezzo. Tariffe reali rilevate il 2026-09-14.",8,350,17,16,17,2,2026-09-14,0.7,3,INDEXABLE_OK,Valido
https://efficiency-life.com/da/oud/,airport_it,200,https://efficiency-life.com/da/oud/,True,"index, follow",none,"Migliori voli da Les Angades Airport, Les Angades Airport per rapporto qualità-prezzo | OUD","I voli da Les Angades Airport, Les Angades Airport con il miglior rapporto qualità-prezzo","Le 7 migliori destinazioni da Les Angades Airport, Les Angades Airport: voli diretti ordinati per rapporto qualità-prezzo e chilometri per euro, non solo per prezzo. Tariffe reali rilevate il 2026-09-14.",7,349,14,13,17,2,2026-09-14,0.7,3,INDEXABLE_OK,Valido
https://efficiency-life.com/da/ovb/,airport_it,200,https://efficiency-life.com/da/ovb/,True,"index, follow",none,"Migliori voli da Tolmachevo Airport, Novosibirsk per rapporto qualità-prezzo | OVB","I voli da Tolmachevo Airport, Novosibirsk con il miglior rapporto qualità-prezzo","Le 69 migliori destinazioni da Tolmachevo Airport, Novosibirsk: voli diretti ordinati per rapporto qualità-prezzo e chilometri per euro, non solo per prezzo. Tariffe reali rilevate il 2026-09-14.",69,433,13,12,17,2,2026-09-14,0.7,3,INDEXABLE_OK,Valido
https://efficiency-life.com/da/ovd/,airport_it,200,https://efficiency-life.com/da/ovd/,True,"index, follow",none,"Migliori voli da Asturias Airport, Ranon per rapporto qualità-prezzo | OVD","I voli da Asturias Airport, Ranon con il miglior rapporto qualità-prezzo","Le 15 migliori destinazioni da Asturias Airport, Ranon: voli diretti ordinati per rapporto qualità-prezzo e chilometri per euro, non solo per prezzo. Tariffe reali rilevate il 2026-09-14.",15,422,15,14,17,2,2026-09-14,0.7,3,INDEXABLE_OK,Valido
https://efficiency-life.com/da/pae/,airport_it,200,https://efficiency-life.com/da/pae/,True,"index, follow",none,"Migliori voli da Snohomish County - Paine Field, Snohomish County - Paine Field per rapporto qualità-prezzo | PAE","I voli da Snohomish County - Paine Field, Snohomish County - Paine Field con il miglior rapporto qualità-prezzo","Le 7 migliori destinazioni da Snohomish County - Paine Field, Snohomish County - Paine Field: voli diretti ordinati per rapporto qualità-prezzo e chilometri per euro, non solo per prezzo. Tariffe reali rilevate il 2026-09-14.",7,387,8,7,18,2,2026-09-14,0.7,3,INDEXABLE_OK,Valido
https://efficiency-life.com/da/pdl/,airport_it,200,https://efficiency-life.com/da/pdl/,True,"index, follow",none,"Migliori voli da João Paulo II Airport, Ponta Delgada per rapporto qualità-prezzo | PDL","I voli da João Paulo II Airport, Ponta Delgada con il miglior rapporto qualità-prezzo","Le 7 migliori destinazioni da João Paulo II Airport, Ponta Delgada: voli diretti ordinati per rapporto qualità-prezzo e chilometri per euro, non solo per prezzo. Tariffe reali rilevate il 2026-09-14.",7,360,6,5,17,2,2026-09-14,0.7,3,INDEXABLE_OK,Valido
https://efficiency-life.com/da/pdx/,airport_it,200,https://efficiency-life.com/da/pdx/,True,"index, follow",none,"Migliori voli da Portland Intl, Portland per rapporto qualità-prezzo | PDX","I voli da Portland Intl, Portland con il miglior rapporto qualità-prezzo","Le 31 migliori destinazioni da Portland Intl, Portland: voli diretti ordinati per rapporto qualità-prezzo e chilometri per euro, non solo per prezzo. Tariffe reali rilevate il 2026-09-14.",31,435,9,8,17,2,2026-09-14,0.7,3,INDEXABLE_OK,Valido
https://efficiency-life.com/da/pee/,airport_it,200,https://efficiency-life.com/da/pee/,True,"index, follow",none,"Migliori voli da Perm International Airport, Perm International Airport per rapporto qualità-prezzo | PEE","I voli da Perm International Airport, Perm International Airport con il miglior rapporto qualità-prezzo","Le 27 migliori destinazioni da Perm International Airport, Perm International Airport: voli diretti ordinati per rapporto qualità-prezzo e chilometri per euro, non solo per prezzo. Tariffe reali rilevate il 2026-09-14.",27,442,17,16,17,2,2026-09-14,0.7,3,INDEXABLE_OK,Valido
https://efficiency-life.com/da/pek/,airport_it,200,https://efficiency-life.com/da/pek/,True,"index, follow",none,"Migliori voli da Beijing Capital Intl, Pechino per rapporto qualità-prezzo | PEK","I voli da Beijing Capital Intl, Pechino con il miglior rapporto qualità-prezzo","Le 124 migliori destinazioni da Beijing Capital Intl, Pechino: voli diretti ordinati per rapporto qualità-prezzo e chilometri per euro, non solo per prezzo. Tariffe reali rilevate il 2026-09-14.",124,426,21,20,17,2,2026-09-14,0.7,3,INDEXABLE_OK,Valido
https://efficiency-life.com/da/pen/,airport_it,200,https://efficiency-life.com/da/pen/,True,"index, follow",none,"Migliori voli da Penang Intl, Penang per rapporto qualità-prezzo | PEN","I voli da Penang Intl, Penang con il miglior rapporto qualità-prezzo","Le 18 migliori destinazioni da Penang Intl, Penang: voli diretti ordinati per rapporto qualità-prezzo e chilometri per euro, non solo per prezzo. Tariffe reali rilevate il 2026-09-14.",18,429,17,16,17,2,2026-09-14,0.7,3,INDEXABLE_OK,Valido
https://efficiency-life.com/da/per/,airport_it,200,https://efficiency-life.com/da/per/,True,"index, follow",none,"Migliori voli da Perth Intl, Perth per rapporto qualità-prezzo | PER","I voli da Perth Intl, Perth con il miglior rapporto qualità-prezzo","Le 24 migliori destinazioni da Perth Intl, Perth: voli diretti ordinati per rapporto qualità-prezzo e chilometri per euro, non solo per prezzo. Tariffe reali rilevate il 2026-09-14.",24,418,12,11,17,2,2026-09-14,0.7,3,INDEXABLE_OK,Valido
https://efficiency-life.com/da/pes/,airport_it,200,https://efficiency-life.com/da/pes/,True,"index, follow",none,"Migliori voli da Petrozavodsk Airport, Petrozavodsk Airport per rapporto qualità-prezzo | PES","I voli da Petrozavodsk Airport, Petrozavodsk Airport con il miglior rapporto qualità-prezzo","Le 7 migliori destinazioni da Petrozavodsk Airport, Petrozavodsk Airport: voli diretti ordinati per rapporto qualità-prezzo e chilometri per euro, non solo per prezzo. Tariffe reali rilevate il 2026-09-14.",7,351,14,13,17,2,2026-09-14,0.7,3,INDEXABLE_OK,Valido
https://efficiency-life.com/da/pfo/,airport_it,200,https://efficiency-life.com/da/pfo/,True,"index, follow",none,"Migliori voli da Paphos Intl, Paphos per rapporto qualità-prezzo | PFO","I voli da Paphos Intl, Paphos con il miglior rapporto qualità-prezzo","Le 30 migliori destinazioni da Paphos Intl, Paphos: voli diretti ordinati per rapporto qualità-prezzo e chilometri per euro, non solo per prezzo. Tariffe reali rilevate il 2026-09-14.",30,427,9,8,17,2,2026-09-14,0.7,3,INDEXABLE_OK,Valido
https://efficiency-life.com/da/phl/,airport_it,200,https://efficiency-life.com/da/phl/,True,"index, follow",none,"Migliori voli da Philadelphia Intl, Philadelphia per rapporto qualità-prezzo | PHL","I voli da Philadelphia Intl, Philadelphia con il miglior rapporto qualità-prezzo","Le 68 migliori destinazioni da Philadelphia Intl, Philadelphia: voli diretti ordinati per rapporto qualità-prezzo e chilometri per euro, non solo per prezzo. Tariffe reali rilevate il 2026-09-14.",68,440,18,17,17,2,2026-09-14,0.7,3,INDEXABLE_OK,Valido
https://efficiency-life.com/da/phx/,airport_it,200,https://efficiency-life.com/da/phx/,True,"index, follow",none,"Migliori voli da Phoenix Sky Harbor Intl, Phoenix per rapporto qualità-prezzo | PHX","I voli da Phoenix Sky Harbor Intl, Phoenix con il miglior rapporto qualità-prezzo","Le 65 migliori destinazioni da Phoenix Sky Harbor Intl, Phoenix: voli diretti ordinati per rapporto qualità-prezzo e chilometri per euro, non solo per prezzo. Tariffe reali rilevate il 2026-09-14.",65,450,13,12,17,2,2026-09-14,0.7,3,INDEXABLE_OK,Valido
https://efficiency-life.com/da/pie/,airport_it,200,https://efficiency-life.com/da/pie/,True,"index, follow",none,"Migliori voli da St. Petersburg-Clearwater International Airport, St. Petersburg-Clearwater International Airport per rapporto qualità-prezzo | PIE","I voli da St. Petersburg-Clearwater International Airport, St. Petersburg-Clearwater International Airport con il miglior rapporto qualità-prezzo","Le 6 migliori destinazioni da St. Petersburg-Clearwater International Airport, St. Petersburg-Clearwater International Airport: voli diretti ordinati per rapporto qualità-prezzo e chilometri per euro, non solo per prezzo. Tariffe reali rilevate il 2026-09-14.",6,367,13,12,17,2,2026-09-14,0.7,3,INDEXABLE_OK,Valido
https://efficiency-life.com/da/pit/,airport_it,200,https://efficiency-life.com/da/pit/,True,"index, follow",none,"Migliori voli da Pittsburgh Intl, Pittsburgh per rapporto qualità-prezzo | PIT","I voli da Pittsburgh Intl, Pittsburgh con il miglior rapporto qualità-prezzo","Le 26 migliori destinazioni da Pittsburgh Intl, Pittsburgh: voli diretti ordinati per rapporto qualità-prezzo e chilometri per euro, non solo per prezzo. Tariffe reali rilevate il 2026-09-14.",26,424,15,14,17,2,2026-09-14,0.7,3,INDEXABLE_OK,Valido
https://efficiency-life.com/da/pkc/,airport_it,200,https://efficiency-life.com/da/pkc/,True,"index, follow",none,"Migliori voli da Petropavlovsk-Kamchatsky Airport, Petropavlovsk-Kamchatsky Airport per rapporto qualità-prezzo | PKC","I voli da Petropavlovsk-Kamchatsky Airport, Petropavlovsk-Kamchatsky Airport con il miglior rapporto qualità-prezzo","Le 11 migliori destinazioni da Petropavlovsk-Kamchatsky Airport, Petropavlovsk-Kamchatsky Airport: voli diretti ordinati per rapporto qualità-prezzo e chilometri per euro, non solo per prezzo. Tariffe reali rilevate il 2026-09-14.",11,418,8,7,17,2,2026-09-14,0.7,3,INDEXABLE_OK,Valido
https://efficiency-life.com/da/pkx/,airport_it,200,https://efficiency-life.com/da/pkx/,True,"index, follow",none,"Migliori voli da Beijing Daxing Intl, Pechino per rapporto qualità-prezzo | PKX","I voli da Beijing Daxing Intl, Pechino con il miglior rapporto qualità-prezzo","Le 88 migliori destinazioni da Beijing Daxing Intl, Pechino: voli diretti ordinati per rapporto qualità-prezzo e chilometri per euro, non solo per prezzo. Tariffe reali rilevate il 2026-09-14.",88,431,21,20,17,2,2026-09-14,0.7,3,INDEXABLE_OK,Valido
https://efficiency-life.com/da/pmf/,airport_it,200,https://efficiency-life.com/da/pmf/,True,"index, follow",none,"Migliori voli da Parma Airport, Parma Airport per rapporto qualità-prezzo | PMF","I voli da Parma Airport, Parma Airport con il miglior rapporto qualità-prezzo","Le 6 migliori destinazioni da Parma Airport, Parma Airport: voli diretti ordinati per rapporto qualità-prezzo e chilometri per euro, non solo per prezzo. Tariffe reali rilevate il 2026-09-14.",6,333,19,18,17,2,2026-09-14,0.7,3,INDEXABLE_OK,Valido
https://efficiency-life.com/da/pmi/,airport_it,200,https://efficiency-life.com/da/pmi/,True,"index, follow",none,"Migliori voli da Palma De Mallorca Airport, Palma De Mallorca per rapporto qualità-prezzo | PMI","I voli da Palma De Mallorca Airport, Palma De Mallorca con il miglior rapporto qualità-prezzo","Le 54 migliori destinazioni da Palma De Mallorca Airport, Palma De Mallorca: voli diretti ordinati per rapporto qualità-prezzo e chilometri per euro, non solo per prezzo. Tariffe reali rilevate il 2026-09-14.",54,442,10,9,17,2,2026-09-14,0.7,3,INDEXABLE_OK,Valido
https://efficiency-life.com/da/pmo/,airport_it,200,https://efficiency-life.com/da/pmo/,True,"index, follow",none,"Migliori voli da Palermo / Punta Raisi Airport, Palermo per rapporto qualità-prezzo | PMO","I voli da Palermo / Punta Raisi Airport, Palermo con il miglior rapporto qualità-prezzo","Le 35 migliori destinazioni da Palermo / Punta Raisi Airport, Palermo: voli diretti ordinati per rapporto qualità-prezzo e chilometri per euro, non solo per prezzo. Tariffe reali rilevate il 2026-09-14.",35,433,12,11,17,2,2026-09-14,0.7,3,INDEXABLE_OK,Valido
https://efficiency-life.com/da/pnq/,airport_it,200,https://efficiency-life.com/da/pnq/,True,"index, follow",none,"Migliori voli da Pune Airport, Pune per rapporto qualità-prezzo | PNQ","I voli da Pune Airport, Pune con il miglior rapporto qualità-prezzo","Le 8 migliori destinazioni da Pune Airport, Pune: voli diretti ordinati per rapporto qualità-prezzo e chilometri per euro, non solo per prezzo. Tariffe reali rilevate il 2026-09-14.",8,357,21,20,17,2,2026-09-14,0.7,3,INDEXABLE_OK,Valido
https://efficiency-life.com/da/poa/,airport_it,200,https://efficiency-life.com/da/poa/,True,"index, follow",none,"Migliori voli da Salgado Filho Airport, Porto Alegre per rapporto qualità-prezzo | POA","I voli da Salgado Filho Airport, Porto Alegre con il miglior rapporto qualità-prezzo","Le 13 migliori destinazioni da Salgado Filho Airport, Porto Alegre: voli diretti ordinati per rapporto qualità-prezzo e chilometri per euro, non solo per prezzo. Tariffe reali rilevate il 2026-09-14.",13,432,18,17,17,2,2026-09-14,0.7,3,INDEXABLE_OK,Valido
https://efficiency-life.com/da/pos/,airport_it,200,https://efficiency-life.com/da/pos/,True,"index, follow",none,"Migliori voli da Piarco Intl, Port of Spain per rapporto qualità-prezzo | POS","I voli da Piarco Intl, Port of Spain con il miglior rapporto qualità-prezzo","Le 9 migliori destinazioni da Piarco Intl, Port of Spain: voli diretti ordinati per rapporto qualità-prezzo e chilometri per euro, non solo per prezzo. Tariffe reali rilevate il 2026-09-14.",9,391,11,10,17,2,2026-09-14,0.7,3,INDEXABLE_OK,Valido
https://efficiency-life.com/da/poz/,airport_it,200,https://efficiency-life.com/da/poz/,True,"index, follow",none,"Migliori voli da Poznań-Ławica Airport, Poznań per rapporto qualità-prezzo | POZ","I voli da Poznań-Ławica Airport, Poznań con il miglior rapporto qualità-prezzo","Le 31 migliori destinazioni da Poznań-Ławica Airport, Poznań: voli diretti ordinati per rapporto qualità-prezzo e chilometri per euro, non solo per prezzo. Tariffe reali rilevate il 2026-09-14.",31,418,16,15,17,2,2026-09-14,0.7,3,INDEXABLE_OK,Valido
https://efficiency-life.com/da/ppt/,airport_it,200,https://efficiency-life.com/da/ppt/,True,"index, follow",none,"Migliori voli da Faa'a Intl, Papeete per rapporto qualità-prezzo | PPT","I voli da Faa'a Intl, Papeete con il miglior rapporto qualità-prezzo","Le 10 migliori destinazioni da Faa'a Intl, Papeete: voli diretti ordinati per rapporto qualità-prezzo e chilometri per euro, non solo per prezzo. Tariffe reali rilevate il 2026-09-14.",10,396,12,11,17,2,2026-09-14,0.7,3,INDEXABLE_OK,Valido
https://efficiency-life.com/da/pqc/,airport_it,200,https://efficiency-life.com/da/pqc/,True,"index, follow",none,"Migliori voli da Phu Quoc Airport, Duong Dong per rapporto qualità-prezzo | PQC","I voli da Phu Quoc Airport, Duong Dong con il miglior rapporto qualità-prezzo","Le 30 migliori destinazioni da Phu Quoc Airport, Duong Dong: voli diretti ordinati per rapporto qualità-prezzo e chilometri per euro, non solo per prezzo. Tariffe reali rilevate il 2026-09-14.",30,442,21,20,17,2,2026-09-14,0.7,3,INDEXABLE_OK,Valido
https://efficiency-life.com/da/prg/,airport_it,200,https://efficiency-life.com/da/prg/,True,"index, follow",none,"Migliori voli da Václav Havel Airport, Praga per rapporto qualità-prezzo | PRG","I voli da Václav Havel Airport, Praga con il miglior rapporto qualità-prezzo","Le 102 migliori destinazioni da Václav Havel Airport, Praga: voli diretti ordinati per rapporto qualità-prezzo e chilometri per euro, non solo per prezzo. Tariffe reali rilevate il 2026-09-14.",102,425,15,14,17,2,2026-09-14,0.7,3,INDEXABLE_OK,Valido
https://efficiency-life.com/da/prn/,airport_it,200,https://efficiency-life.com/da/prn/,True,"index, follow",none,"Migliori voli da Pristina Intl, Lipjan per rapporto qualità-prezzo | PRN","I voli da Pristina Intl, Lipjan con il miglior rapporto qualità-prezzo","Le 17 migliori destinazioni da Pristina Intl, Lipjan: voli diretti ordinati per rapporto qualità-prezzo e chilometri per euro, non solo per prezzo. Tariffe reali rilevate il 2026-09-14.",17,422,13,12,17,2,2026-09-14,0.7,3,INDEXABLE_OK,Valido
https://efficiency-life.com/da/psa/,airport_it,200,https://efficiency-life.com/da/psa/,True,"index, follow",none,"Migliori voli da Pisa / San Giusto - Galileo Galilei Intl, Pisa per rapporto qualità-prezzo | PSA","I voli da Pisa / San Giusto - Galileo Galilei Intl, Pisa con il miglior rapporto qualità-prezzo","Le 35 migliori destinazioni da Pisa / San Giusto - Galileo Galilei Intl, Pisa: voli diretti ordinati per rapporto qualità-prezzo e chilometri per euro, non solo per prezzo. Tariffe reali rilevate il 2026-09-14.",35,443,19,18,17,2,2026-09-14,0.7,3,INDEXABLE_OK,Valido
https://efficiency-life.com/da/psr/,airport_it,200,https://efficiency-life.com/da/psr/,True,"index, follow",none,"Migliori voli da Pescara Intl, Pescara per rapporto qualità-prezzo | PSR","I voli da Pescara Intl, Pescara con il miglior rapporto qualità-prezzo","Le 7 migliori destinazioni da Pescara Intl, Pescara: voli diretti ordinati per rapporto qualità-prezzo e chilometri per euro, non solo per prezzo. Tariffe reali rilevate il 2026-09-14.",7,341,15,14,17,2,2026-09-14,0.7,3,INDEXABLE_OK,Valido
https://efficiency-life.com/da/pty/,airport_it,200,https://efficiency-life.com/da/pty/,True,"index, follow",none,"Migliori voli da Tocumen Intl, Tocumen per rapporto qualità-prezzo | PTY","I voli da Tocumen Intl, Tocumen con il miglior rapporto qualità-prezzo","Le 53 migliori destinazioni da Tocumen Intl, Tocumen: voli diretti ordinati per rapporto qualità-prezzo e chilometri per euro, non solo per prezzo. Tariffe reali rilevate il 2026-09-14.",53,421,15,14,17,2,2026-09-14,0.7,3,INDEXABLE_OK,Valido
https://efficiency-life.com/da/puj/,airport_it,200,https://efficiency-life.com/da/puj/,True,"index, follow",none,"Migliori voli da Punta Cana Intl, Punta Cana per rapporto qualità-prezzo | PUJ","I voli da Punta Cana Intl, Punta Cana con il miglior rapporto qualità-prezzo","Le 24 migliori destinazioni da Punta Cana Intl, Punta Cana: voli diretti ordinati per rapporto qualità-prezzo e chilometri per euro, non solo per prezzo. Tariffe reali rilevate il 2026-09-14.",24,432,14,13,17,2,2026-09-14,0.7,3,INDEXABLE_OK,Valido
https://efficiency-life.com/da/pus/,airport_it,200,https://efficiency-life.com/da/pus/,True,"index, follow",none,"Migliori voli da Gimhae Intl, Busan per rapporto qualità-prezzo | PUS","I voli da Gimhae Intl, Busan con il miglior rapporto qualità-prezzo","Le 31 migliori destinazioni da Gimhae Intl, Busan: voli diretti ordinati per rapporto qualità-prezzo e chilometri per euro, non solo per prezzo. Tariffe reali rilevate il 2026-09-14.",31,430,15,14,17,2,2026-09-14,0.7,3,INDEXABLE_OK,Valido
https://efficiency-life.com/da/pvd/,airport_it,200,https://efficiency-life.com/da/pvd/,True,"index, follow",none,"Migliori voli da Rhode Island Tf Green Intl, Providence per rapporto qualità-prezzo | PVD","I voli da Rhode Island Tf Green Intl, Providence con il miglior rapporto qualità-prezzo","Le 8 migliori destinazioni da Rhode Island Tf Green Intl, Providence: voli diretti ordinati per rapporto qualità-prezzo e chilometri per euro, non solo per prezzo. Tariffe reali rilevate il 2026-09-14.",8,378,10,9,17,2,2026-09-14,0.7,3,INDEXABLE_OK,Valido
https://efficiency-life.com/da/pvg/,airport_it,200,https://efficiency-life.com/da/pvg/,True,"index, follow",none,"Migliori voli da Shanghai Pudong Intl, Shanghai per rapporto qualità-prezzo | PVG","I voli da Shanghai Pudong Intl, Shanghai con il miglior rapporto qualità-prezzo","Le 131 migliori destinazioni da Shanghai Pudong Intl, Shanghai: voli diretti ordinati per rapporto qualità-prezzo e chilometri per euro, non solo per prezzo. Tariffe reali rilevate il 2026-09-14.",131,431,16,15,17,2,2026-09-14,0.7,3,INDEXABLE_OK,Valido
https://efficiency-life.com/da/pvr/,airport_it,200,https://efficiency-life.com/da/pvr/,True,"index, follow",none,"Migliori voli da Licenciado Gustavo Diaz Ordaz Intl, Puerto Vallarta per rapporto qualità-prezzo | PVR","I voli da Licenciado Gustavo Diaz Ordaz Intl, Puerto Vallarta con il miglior rapporto qualità-prezzo","Le 6 migliori destinazioni da Licenciado Gustavo Diaz Ordaz Intl, Puerto Vallarta: voli diretti ordinati per rapporto qualità-prezzo e chilometri per euro, non solo per prezzo. Tariffe reali rilevate il 2026-09-14.",6,357,12,11,17,2,2026-09-14,0.7,3,INDEXABLE_OK,Valido
https://efficiency-life.com/da/qro/,airport_it,200,https://efficiency-life.com/da/qro/,True,"index, follow",none,"Migliori voli da Queretaro Intercontinental Airport, Queretaro per rapporto qualità-prezzo | QRO","I voli da Queretaro Intercontinental Airport, Queretaro con il miglior rapporto qualità-prezzo","Le 7 migliori destinazioni da Queretaro Intercontinental Airport, Queretaro: voli diretti ordinati per rapporto qualità-prezzo e chilometri per euro, non solo per prezzo. Tariffe reali rilevate il 2026-09-14.",7,360,12,11,17,2,2026-09-14,0.7,3,INDEXABLE_OK,Valido
https://efficiency-life.com/da/qsr/,airport_it,200,https://efficiency-life.com/da/qsr/,True,"index, follow",none,"Migliori voli da Pontecagnano, Pontecagnano per rapporto qualità-prezzo | QSR","I voli da Pontecagnano, Pontecagnano con il miglior rapporto qualità-prezzo","Le 6 migliori destinazioni da Pontecagnano, Pontecagnano: voli diretti ordinati per rapporto qualità-prezzo e chilometri per euro, non solo per prezzo. Tariffe reali rilevate il 2026-09-14.",6,322,15,14,17,2,2026-09-14,0.7,3,INDEXABLE_OK,Valido
https://efficiency-life.com/da/rai/,airport_it,200,https://efficiency-life.com/da/rai/,True,"index, follow",none,"Migliori voli da Praia Intl, Praia per rapporto qualità-prezzo | RAI","I voli da Praia Intl, Praia con il miglior rapporto qualità-prezzo","Le 7 migliori destinazioni da Praia Intl, Praia: voli diretti ordinati per rapporto qualità-prezzo e chilometri per euro, non solo per prezzo. Tariffe reali rilevate il 2026-09-14.",7,340,6,5,17,2,2026-09-14,0.7,3,INDEXABLE_OK,Valido
https://efficiency-life.com/da/rak/,airport_it,200,https://efficiency-life.com/da/rak/,True,"index, follow",none,"Migliori voli da Menara Airport, Marrakech per rapporto qualità-prezzo | RAK","I voli da Menara Airport, Marrakech con il miglior rapporto qualità-prezzo","Le 46 migliori destinazioni da Menara Airport, Marrakech: voli diretti ordinati per rapporto qualità-prezzo e chilometri per euro, non solo per prezzo. Tariffe reali rilevate il 2026-09-14.",46,424,15,14,17,2,2026-09-14,0.7,3,INDEXABLE_OK,Valido
https://efficiency-life.com/da/rba/,airport_it,200,https://efficiency-life.com/da/rba/,True,"index, follow",none,"Migliori voli da Rabat-Sale Airport, Rabat per rapporto qualità-prezzo | RBA","I voli da Rabat-Sale Airport, Rabat con il miglior rapporto qualità-prezzo","Le 20 migliori destinazioni da Rabat-Sale Airport, Rabat: voli diretti ordinati per rapporto qualità-prezzo e chilometri per euro, non solo per prezzo. Tariffe reali rilevate il 2026-09-14.",20,419,14,13,17,2,2026-09-14,0.7,3,INDEXABLE_OK,Valido
https://efficiency-life.com/da/rdu/,airport_it,200,https://efficiency-life.com/da/rdu/,True,"index, follow",none,"Migliori voli da Raleigh-Durham Intl, Raleigh/Durham per rapporto qualità-prezzo | RDU","I voli da Raleigh-Durham Intl, Raleigh/Durham con il miglior rapporto qualità-prezzo","Le 40 migliori destinazioni da Raleigh-Durham Intl, Raleigh/Durham: voli diretti ordinati per rapporto qualità-prezzo e chilometri per euro, non solo per prezzo. Tariffe reali rilevate il 2026-09-14.",40,433,13,12,17,2,2026-09-14,0.7,3,INDEXABLE_OK,Valido
https://efficiency-life.com/da/rec/,airport_it,200,https://efficiency-life.com/da/rec/,True,"index, follow",none,"Migliori voli da Guararapes - Gilberto Freyre Intl, Recife per rapporto qualità-prezzo | REC","I voli da Guararapes - Gilberto Freyre Intl, Recife con il miglior rapporto qualità-prezzo","Le 23 migliori destinazioni da Guararapes - Gilberto Freyre Intl, Recife: voli diretti ordinati per rapporto qualità-prezzo e chilometri per euro, non solo per prezzo. Tariffe reali rilevate il 2026-09-14.",23,436,9,8,17,2,2026-09-14,0.7,3,INDEXABLE_OK,Valido
https://efficiency-life.com/da/reg/,airport_it,200,https://efficiency-life.com/da/reg/,True,"index, follow",none,"Migliori voli da Reggio Calabria Airport, Reggio Calabria per rapporto qualità-prezzo | REG","I voli da Reggio Calabria Airport, Reggio Calabria con il miglior rapporto qualità-prezzo","Le 7 migliori destinazioni da Reggio Calabria Airport, Reggio Calabria: voli diretti ordinati per rapporto qualità-prezzo e chilometri per euro, non solo per prezzo. Tariffe reali rilevate il 2026-09-14.",7,350,10,9,17,2,2026-09-14,0.7,3,INDEXABLE_OK,Valido
https://efficiency-life.com/da/ren/,airport_it,200,https://efficiency-life.com/da/ren/,True,"index, follow",none,"Migliori voli da Orenburg Airport, Orenburg Airport per rapporto qualità-prezzo | REN","I voli da Orenburg Airport, Orenburg Airport con il miglior rapporto qualità-prezzo","Le 13 migliori destinazioni da Orenburg Airport, Orenburg Airport: voli diretti ordinati per rapporto qualità-prezzo e chilometri per euro, non solo per prezzo. Tariffe reali rilevate il 2026-09-14.",13,428,15,14,17,2,2026-09-14,0.7,3,INDEXABLE_OK,Valido
https://efficiency-life.com/da/reu/,airport_it,200,https://efficiency-life.com/da/reu/,True,"index, follow",none,"Migliori voli da Reus Air Base, Reus per rapporto qualità-prezzo | REU","I voli da Reus Air Base, Reus con il miglior rapporto qualità-prezzo","Le 8 migliori destinazioni da Reus Air Base, Reus: voli diretti ordinati per rapporto qualità-prezzo e chilometri per euro, non solo per prezzo. Tariffe reali rilevate il 2026-09-14.",8,372,17,16,17,2,2026-09-14,0.7,3,INDEXABLE_OK,Valido
https://efficiency-life.com/da/rgk/,airport_it,200,https://efficiency-life.com/da/rgk/,True,"index, follow",none,"Migliori voli da Gorno-Altaysk Airport, Gorno-Altaysk Airport per rapporto qualità-prezzo | RGK","I voli da Gorno-Altaysk Airport, Gorno-Altaysk Airport con il miglior rapporto qualità-prezzo","Le 14 migliori destinazioni da Gorno-Altaysk Airport, Gorno-Altaysk Airport: voli diretti ordinati per rapporto qualità-prezzo e chilometri per euro, non solo per prezzo. Tariffe reali rilevate il 2026-09-14.",14,430,14,13,17,2,2026-09-14,0.7,3,INDEXABLE_OK,Valido
https://efficiency-life.com/da/rgn/,airport_it,200,https://efficiency-life.com/da/rgn/,True,"index, follow",none,"Migliori voli da Yangon Intl, Yangon per rapporto qualità-prezzo | RGN","I voli da Yangon Intl, Yangon con il miglior rapporto qualità-prezzo","Le 10 migliori destinazioni da Yangon Intl, Yangon: voli diretti ordinati per rapporto qualità-prezzo e chilometri per euro, non solo per prezzo. Tariffe reali rilevate il 2026-09-14.",10,395,7,6,17,2,2026-09-14,0.7,3,INDEXABLE_OK,Valido
https://efficiency-life.com/da/rho/,airport_it,200,https://efficiency-life.com/da/rho/,True,"index, follow",none,"Migliori voli da Diagoras Airport, Rodes Island per rapporto qualità-prezzo | RHO","I voli da Diagoras Airport, Rodes Island con il miglior rapporto qualità-prezzo","Le 17 migliori destinazioni da Diagoras Airport, Rodes Island: voli diretti ordinati per rapporto qualità-prezzo e chilometri per euro, non solo per prezzo. Tariffe reali rilevate il 2026-09-14.",17,423,15,14,17,2,2026-09-14,0.7,3,INDEXABLE_OK,Valido
https://efficiency-life.com/da/ric/,airport_it,200,https://efficiency-life.com/da/ric/,True,"index, follow",none,"Migliori voli da Richmond Intl, Richmond per rapporto qualità-prezzo | RIC","I voli da Richmond Intl, Richmond con il miglior rapporto qualità-prezzo","Le 12 migliori destinazioni da Richmond Intl, Richmond: voli diretti ordinati per rapporto qualità-prezzo e chilometri per euro, non solo per prezzo. Tariffe reali rilevate il 2026-09-14.",12,431,14,13,17,2,2026-09-14,0.7,3,INDEXABLE_OK,Valido
https://efficiency-life.com/da/rix/,airport_it,200,https://efficiency-life.com/da/rix/,True,"index, follow",none,"Migliori voli da Riga Intl, Riga per rapporto qualità-prezzo | RIX","I voli da Riga Intl, Riga con il miglior rapporto qualità-prezzo","Le 69 migliori destinazioni da Riga Intl, Riga: voli diretti ordinati per rapporto qualità-prezzo e chilometri per euro, non solo per prezzo. Tariffe reali rilevate il 2026-09-14.",69,426,9,8,17,2,2026-09-14,0.7,3,INDEXABLE_OK,Valido
https://efficiency-life.com/da/rmi/,airport_it,200,https://efficiency-life.com/da/rmi/,True,"index, follow",none,"Migliori voli da Rimini / Miramare - Federico Fellini Intl, Rimini per rapporto qualità-prezzo | RMI","I voli da Rimini / Miramare - Federico Fellini Intl, Rimini con il miglior rapporto qualità-prezzo","Le 8 migliori destinazioni da Rimini / Miramare - Federico Fellini Intl, Rimini: voli diretti ordinati per rapporto qualità-prezzo e chilometri per euro, non solo per prezzo. Tariffe reali rilevate il 2026-09-14.",8,374,18,17,17,2,2026-09-14,0.7,3,INDEXABLE_OK,Valido
https://efficiency-life.com/da/rmo/,airport_it,200,https://efficiency-life.com/da/rmo/,True,"index, follow",none,"Migliori voli da Chișinău Intl, Chișinău per rapporto qualità-prezzo | RMO","I voli da Chișinău Intl, Chișinău con il miglior rapporto qualità-prezzo","Le 63 migliori destinazioni da Chișinău Intl, Chișinău: voli diretti ordinati per rapporto qualità-prezzo e chilometri per euro, non solo per prezzo. Tariffe reali rilevate il 2026-09-14.",63,418,9,8,17,2,2026-09-14,0.7,3,INDEXABLE_OK,Valido
https://efficiency-life.com/da/rmq/,airport_it,200,https://efficiency-life.com/da/rmq/,True,"index, follow",none,"Migliori voli da Taichung Ching Chuang Kang Airport, Taichung City per rapporto qualità-prezzo | RMQ","I voli da Taichung Ching Chuang Kang Airport, Taichung City con il miglior rapporto qualità-prezzo","Le 11 migliori destinazioni da Taichung Ching Chuang Kang Airport, Taichung City: voli diretti ordinati per rapporto qualità-prezzo e chilometri per euro, non solo per prezzo. Tariffe reali rilevate il 2026-09-14.",11,421,12,11,17,2,2026-09-14,0.7,3,INDEXABLE_OK,Valido
https://efficiency-life.com/da/rmz/,airport_it,200,https://efficiency-life.com/da/rmz/,True,"index, follow",none,"Migliori voli da Tobolsk (Remezov), Tobolsk (Remezov) per rapporto qualità-prezzo | RMZ","I voli da Tobolsk (Remezov), Tobolsk (Remezov) con il miglior rapporto qualità-prezzo","Le 8 migliori destinazioni da Tobolsk (Remezov), Tobolsk (Remezov): voli diretti ordinati per rapporto qualità-prezzo e chilometri per euro, non solo per prezzo. Tariffe reali rilevate il 2026-09-14.",8,371,15,14,17,2,2026-09-14,0.7,3,INDEXABLE_OK,Valido
https://efficiency-life.com/da/rno/,airport_it,200,https://efficiency-life.com/da/rno/,True,"index, follow",none,"Migliori voli da Reno/Tahoe International Airport, Reno/Tahoe International Airport per rapporto qualità-prezzo | RNO","I voli da Reno/Tahoe International Airport, Reno/Tahoe International Airport con il miglior rapporto qualità-prezzo","Le 7 migliori destinazioni da Reno/Tahoe International Airport, Reno/Tahoe International Airport: voli diretti ordinati per rapporto qualità-prezzo e chilometri per euro, non solo per prezzo. Tariffe reali rilevate il 2026-09-14.",7,368,17,16,17,2,2026-09-14,0.7,3,INDEXABLE_OK,Valido
https://efficiency-life.com/da/rsw/,airport_it,200,https://efficiency-life.com/da/rsw/,True,"index, follow",none,"Migliori voli da Southwest Florida, Fort Myers per rapporto qualità-prezzo | RSW","I voli da Southwest Florida, Fort Myers con il miglior rapporto qualità-prezzo","Le 12 migliori destinazioni da Southwest Florida, Fort Myers: voli diretti ordinati per rapporto qualità-prezzo e chilometri per euro, non solo per prezzo. Tariffe reali rilevate il 2026-09-14.",12,438,12,11,17,2,2026-09-14,0.7,3,INDEXABLE_OK,Valido
https://efficiency-life.com/da/rtm/,airport_it,200,https://efficiency-life.com/da/rtm/,True,"index, follow",none,"Migliori voli da Rotterdam Airport, Rotterdam per rapporto qualità-prezzo | RTM","I voli da Rotterdam Airport, Rotterdam con il miglior rapporto qualità-prezzo","Le 30 migliori destinazioni da Rotterdam Airport, Rotterdam: voli diretti ordinati per rapporto qualità-prezzo e chilometri per euro, non solo per prezzo. Tariffe reali rilevate il 2026-09-14.",30,419,13,12,17,2,2026-09-14,0.7,3,INDEXABLE_OK,Valido
https://efficiency-life.com/da/ruh/,airport_it,200,https://efficiency-life.com/da/ruh/,True,"index, follow",none,"Migliori voli da King Khaled Intl, Riyadh per rapporto qualità-prezzo | RUH","I voli da King Khaled Intl, Riyadh con il miglior rapporto qualità-prezzo","Le 75 migliori destinazioni da King Khaled Intl, Riyadh: voli diretti ordinati per rapporto qualità-prezzo e chilometri per euro, non solo per prezzo. Tariffe reali rilevate il 2026-09-14.",75,424,21,20,17,2,2026-09-14,0.7,3,INDEXABLE_OK,Valido
https://efficiency-life.com/da/run/,airport_it,200,https://efficiency-life.com/da/run/,True,"index, follow",none,"Migliori voli da Roland Garros Airport, St Denis per rapporto qualità-prezzo | RUN","I voli da Roland Garros Airport, St Denis con il miglior rapporto qualità-prezzo","Le 6 migliori destinazioni da Roland Garros Airport, St Denis: voli diretti ordinati per rapporto qualità-prezzo e chilometri per euro, non solo per prezzo. Tariffe reali rilevate il 2026-09-14.",6,336,9,8,17,2,2026-09-14,0.7,3,INDEXABLE_OK,Valido
https://efficiency-life.com/da/rze/,airport_it,200,https://efficiency-life.com/da/rze/,True,"index, follow",none,"Migliori voli da Rzeszow-Jasionka Airport, Rzeszow per rapporto qualità-prezzo | RZE","I voli da Rzeszow-Jasionka Airport, Rzeszow con il miglior rapporto qualità-prezzo","Le 15 migliori destinazioni da Rzeszow-Jasionka Airport, Rzeszow: voli diretti ordinati per rapporto qualità-prezzo e chilometri per euro, non solo per prezzo. Tariffe reali rilevate il 2026-09-14.",15,415,18,17,17,2,2026-09-14,0.7,3,INDEXABLE_OK,Valido
https://efficiency-life.com/da/sai/,airport_it,200,https://efficiency-life.com/da/sai/,True,"index, follow",none,"Migliori voli da Siem Reap Angkor Intl, Siem Reap per rapporto qualità-prezzo | SAI","I voli da Siem Reap Angkor Intl, Siem Reap con il miglior rapporto qualità-prezzo","Le 12 migliori destinazioni da Siem Reap Angkor Intl, Siem Reap: voli diretti ordinati per rapporto qualità-prezzo e chilometri per euro, non solo per prezzo. Tariffe reali rilevate il 2026-09-14.",12,442,15,14,17,2,2026-09-14,0.7,3,INDEXABLE_OK,Valido
https://efficiency-life.com/da/sal/,airport_it,200,https://efficiency-life.com/da/sal/,True,"index, follow",none,"Migliori voli da El Salvador Intl, Santa Clara per rapporto qualità-prezzo | SAL","I voli da El Salvador Intl, Santa Clara con il miglior rapporto qualità-prezzo","Le 18 migliori destinazioni da El Salvador Intl, Santa Clara: voli diretti ordinati per rapporto qualità-prezzo e chilometri per euro, non solo per prezzo. Tariffe reali rilevate il 2026-09-14.",18,432,9,8,17,2,2026-09-14,0.7,3,INDEXABLE_OK,Valido
https://efficiency-life.com/da/san/,airport_it,200,https://efficiency-life.com/da/san/,True,"index, follow",none,"Migliori voli da San Diego Intl, San Diego per rapporto qualità-prezzo | SAN","I voli da San Diego Intl, San Diego con il miglior rapporto qualità-prezzo","Le 37 migliori destinazioni da San Diego Intl, San Diego: voli diretti ordinati per rapporto qualità-prezzo e chilometri per euro, non solo per prezzo. Tariffe reali rilevate il 2026-09-14.",37,446,15,14,17,2,2026-09-14,0.7,3,INDEXABLE_OK,Valido
https://efficiency-life.com/da/sat/,airport_it,200,https://efficiency-life.com/da/sat/,True,"index, follow",none,"Migliori voli da San Antonio Intl, San Antonio per rapporto qualità-prezzo | SAT","I voli da San Antonio Intl, San Antonio con il miglior rapporto qualità-prezzo","Le 15 migliori destinazioni da San Antonio Intl, San Antonio: voli diretti ordinati per rapporto qualità-prezzo e chilometri per euro, non solo per prezzo. Tariffe reali rilevate il 2026-09-14.",15,436,16,15,17,2,2026-09-14,0.7,3,INDEXABLE_OK,Valido
https://efficiency-life.com/da/sav/,airport_it,200,https://efficiency-life.com/da/sav/,True,"index, follow",none,"Migliori voli da Savannah/Hilton Head Intl, Savannah per rapporto qualità-prezzo | SAV","I voli da Savannah/Hilton Head Intl, Savannah con il miglior rapporto qualità-prezzo","Le 7 migliori destinazioni da Savannah/Hilton Head Intl, Savannah: voli diretti ordinati per rapporto qualità-prezzo e chilometri per euro, non solo per prezzo. Tariffe reali rilevate il 2026-09-14.",7,358,19,18,17,2,2026-09-14,0.7,3,INDEXABLE_OK,Valido
https://efficiency-life.com/da/saw/,airport_it,200,https://efficiency-life.com/da/saw/,True,"index, follow",none,"Migliori voli da Sabiha Gokcen, Istanbul per rapporto qualità-prezzo | SAW","I voli da Sabiha Gokcen, Istanbul con il miglior rapporto qualità-prezzo","Le 129 migliori destinazioni da Sabiha Gokcen, Istanbul: voli diretti ordinati per rapporto qualità-prezzo e chilometri per euro, non solo per prezzo. Tariffe reali rilevate il 2026-09-14.",129,430,16,15,17,2,2026-09-14,0.7,3,INDEXABLE_OK,Valido
https://efficiency-life.com/da/scl/,airport_it,200,https://efficiency-life.com/da/scl/,True,"index, follow",none,"Migliori voli da Comodoro Arturo Merino Benitez Intl, Santiago per rapporto qualità-prezzo | SCL","I voli da Comodoro Arturo Merino Benitez Intl, Santiago con il miglior rapporto qualità-prezzo","Le 43 migliori destinazioni da Comodoro Arturo Merino Benitez Intl, Santiago: voli diretti ordinati per rapporto qualità-prezzo e chilometri per euro, non solo per prezzo. Tariffe reali rilevate il 2026-09-14.",43,443,7,6,17,2,2026-09-14,0.7,3,INDEXABLE_OK,Valido
https://efficiency-life.com/da/sco/,airport_it,200,https://efficiency-life.com/da/sco/,True,"index, follow",none,"Migliori voli da Aktau Intl, Aktau per rapporto qualità-prezzo | SCO","I voli da Aktau Intl, Aktau con il miglior rapporto qualità-prezzo","Le 20 migliori destinazioni da Aktau Intl, Aktau: voli diretti ordinati per rapporto qualità-prezzo e chilometri per euro, non solo per prezzo. Tariffe reali rilevate il 2026-09-14.",20,429,12,11,18,2,2026-09-14,0.7,3,INDEXABLE_OK,Valido
https://efficiency-life.com/da/scq/,airport_it,200,https://efficiency-life.com/da/scq/,True,"index, follow",none,"Migliori voli da Santiago de Compostela Airport, Santiago de Compostela per rapporto qualità-prezzo | SCQ","I voli da Santiago de Compostela Airport, Santiago de Compostela con il miglior rapporto qualità-prezzo","Le 15 migliori destinazioni da Santiago de Compostela Airport, Santiago de Compostela: voli diretti ordinati per rapporto qualità-prezzo e chilometri per euro, non solo per prezzo. Tariffe reali rilevate il 2026-09-14.",15,437,16,15,17,2,2026-09-14,0.7,3,INDEXABLE_OK,Valido
https://efficiency-life.com/da/scv/,airport_it,200,https://efficiency-life.com/da/scv/,True,"index, follow",none,"Migliori voli da Suceava Airport, Suceava Airport per rapporto qualità-prezzo | SCV","I voli da Suceava Airport, Suceava Airport con il miglior rapporto qualità-prezzo","Le 15 migliori destinazioni da Suceava Airport, Suceava Airport: voli diretti ordinati per rapporto qualità-prezzo e chilometri per euro, non solo per prezzo. Tariffe reali rilevate il 2026-09-14.",15,422,11,10,17,2,2026-09-14,0.7,3,INDEXABLE_OK,Valido
https://efficiency-life.com/da/scw/,airport_it,200,https://efficiency-life.com/da/scw/,True,"index, follow",none,"Migliori voli da Syktyvkar Airport, Syktyvkar Airport per rapporto qualità-prezzo | SCW","I voli da Syktyvkar Airport, Syktyvkar Airport con il miglior rapporto qualità-prezzo","Le 8 migliori destinazioni da Syktyvkar Airport, Syktyvkar Airport: voli diretti ordinati per rapporto qualità-prezzo e chilometri per euro, non solo per prezzo. Tariffe reali rilevate il 2026-09-14.",8,374,11,10,17,2,2026-09-14,0.7,3,INDEXABLE_OK,Valido
https://efficiency-life.com/da/sdf/,airport_it,200,https://efficiency-life.com/da/sdf/,True,"index, follow",none,"Migliori voli da Louisville Muhammad Ali Intl, Louisville per rapporto qualità-prezzo | SDF","I voli da Louisville Muhammad Ali Intl, Louisville con il miglior rapporto qualità-prezzo","Le 11 migliori destinazioni da Louisville Muhammad Ali Intl, Louisville: voli diretti ordinati per rapporto qualità-prezzo e chilometri per euro, non solo per prezzo. Tariffe reali rilevate il 2026-09-14.",11,427,19,18,17,2,2026-09-14,0.7,3,INDEXABLE_OK,Valido
https://efficiency-life.com/da/sdq/,airport_it,200,https://efficiency-life.com/da/sdq/,True,"index, follow",none,"Migliori voli da Las Americas Intl, Santo Domingo per rapporto qualità-prezzo | SDQ","I voli da Las Americas Intl, Santo Domingo con il miglior rapporto qualità-prezzo","Le 18 migliori destinazioni da Las Americas Intl, Santo Domingo: voli diretti ordinati per rapporto qualità-prezzo e chilometri per euro, non solo per prezzo. Tariffe reali rilevate il 2026-09-14.",18,437,15,14,17,2,2026-09-14,0.7,3,INDEXABLE_OK,Valido
https://efficiency-life.com/da/sdr/,airport_it,200,https://efficiency-life.com/da/sdr/,True,"index, follow",none,"Migliori voli da Santander Airport, Santander per rapporto qualità-prezzo | SDR","I voli da Santander Airport, Santander con il miglior rapporto qualità-prezzo","Le 12 migliori destinazioni da Santander Airport, Santander: voli diretti ordinati per rapporto qualità-prezzo e chilometri per euro, non solo per prezzo. Tariffe reali rilevate il 2026-09-14.",12,422,17,16,17,2,2026-09-14,0.7,3,INDEXABLE_OK,Valido
https://efficiency-life.com/da/sdu/,airport_it,200,https://efficiency-life.com/da/sdu/,True,"index, follow",none,"Migliori voli da Santos Dumont Airport, Rio De Janeiro per rapporto qualità-prezzo | SDU","I voli da Santos Dumont Airport, Rio De Janeiro con il miglior rapporto qualità-prezzo","Le 6 migliori destinazioni da Santos Dumont Airport, Rio De Janeiro: voli diretti ordinati per rapporto qualità-prezzo e chilometri per euro, non solo per prezzo. Tariffe reali rilevate il 2026-09-14.",6,346,15,14,17,2,2026-09-14,0.7,3,INDEXABLE_OK,Valido
https://efficiency-life.com/da/sea/,airport_it,200,https://efficiency-life.com/da/sea/,True,"index, follow",none,"Migliori voli da Seattle-Tacoma Intl, Seattle per rapporto qualità-prezzo | SEA","I voli da Seattle-Tacoma Intl, Seattle con il miglior rapporto qualità-prezzo","Le 65 migliori destinazioni da Seattle-Tacoma Intl, Seattle: voli diretti ordinati per rapporto qualità-prezzo e chilometri per euro, non solo per prezzo. Tariffe reali rilevate il 2026-09-14.",65,440,8,7,17,2,2026-09-14,0.7,3,INDEXABLE_OK,Valido
https://efficiency-life.com/da/sen/,airport_it,200,https://efficiency-life.com/da/sen/,True,"index, follow",none,"Migliori voli da Southend, Londra per rapporto qualità-prezzo | SEN","I voli da Southend, Londra con il miglior rapporto qualità-prezzo","Le 21 migliori destinazioni da Southend, Londra: voli diretti ordinati per rapporto qualità-prezzo e chilometri per euro, non solo per prezzo. Tariffe reali rilevate il 2026-09-14.",21,420,15,14,17,2,2026-09-14,0.7,3,INDEXABLE_OK,Valido
https://efficiency-life.com/da/sez/,airport_it,200,https://efficiency-life.com/da/sez/,True,"index, follow",none,"Migliori voli da Seychelles Intl, Mahe Island per rapporto qualità-prezzo | SEZ","I voli da Seychelles Intl, Mahe Island con il miglior rapporto qualità-prezzo","Le 12 migliori destinazioni da Seychelles Intl, Mahe Island: voli diretti ordinati per rapporto qualità-prezzo e chilometri per euro, non solo per prezzo. Tariffe reali rilevate il 2026-09-14.",12,424,10,9,17,2,2026-09-14,0.7,3,INDEXABLE_OK,Valido
https://efficiency-life.com/da/sfb/,airport_it,200,https://efficiency-life.com/da/sfb/,True,"index, follow",none,"Migliori voli da Orlando Sanford, Orlando per rapporto qualità-prezzo | SFB","I voli da Orlando Sanford, Orlando con il miglior rapporto qualità-prezzo","Le 10 migliori destinazioni da Orlando Sanford, Orlando: voli diretti ordinati per rapporto qualità-prezzo e chilometri per euro, non solo per prezzo. Tariffe reali rilevate il 2026-09-14.",10,425,13,12,17,2,2026-09-14,0.7,3,INDEXABLE_OK,Valido
https://efficiency-life.com/da/sfo/,airport_it,200,https://efficiency-life.com/da/sfo/,True,"index, follow",none,"Migliori voli da San Francisco Intl, San Francisco per rapporto qualità-prezzo | SFO","I voli da San Francisco Intl, San Francisco con il miglior rapporto qualità-prezzo","Le 86 migliori destinazioni da San Francisco Intl, San Francisco: voli diretti ordinati per rapporto qualità-prezzo e chilometri per euro, non solo per prezzo. Tariffe reali rilevate il 2026-09-14.",86,449,19,18,18,2,2026-09-14,0.7,3,INDEXABLE_OK,Valido
https://efficiency-life.com/da/sgc/,airport_it,200,https://efficiency-life.com/da/sgc/,True,"index, follow",none,"Migliori voli da Surgut Airport, Surgut Airport per rapporto qualità-prezzo | SGC","I voli da Surgut Airport, Surgut Airport con il miglior rapporto qualità-prezzo","Le 35 migliori destinazioni da Surgut Airport, Surgut Airport: voli diretti ordinati per rapporto qualità-prezzo e chilometri per euro, non solo per prezzo. Tariffe reali rilevate il 2026-09-14.",35,435,18,17,17,2,2026-09-14,0.7,3,INDEXABLE_OK,Valido
https://efficiency-life.com/da/sgn/,airport_it,200,https://efficiency-life.com/da/sgn/,True,"index, follow",none,"Migliori voli da Tan Son Nhat Intl, Ho Chi Minh City per rapporto qualità-prezzo | SGN","I voli da Tan Son Nhat Intl, Ho Chi Minh City con il miglior rapporto qualità-prezzo","Le 68 migliori destinazioni da Tan Son Nhat Intl, Ho Chi Minh City: voli diretti ordinati per rapporto qualità-prezzo e chilometri per euro, non solo per prezzo. Tariffe reali rilevate il 2026-09-14.",68,451,17,16,17,2,2026-09-14,0.7,3,INDEXABLE_OK,Valido
https://efficiency-life.com/da/she/,airport_it,200,https://efficiency-life.com/da/she/,True,"index, follow",none,"Migliori voli da Taoxian Airport, Shenyang per rapporto qualità-prezzo | SHE","I voli da Taoxian Airport, Shenyang con il miglior rapporto qualità-prezzo","Le 14 migliori destinazioni da Taoxian Airport, Shenyang: voli diretti ordinati per rapporto qualità-prezzo e chilometri per euro, non solo per prezzo. Tariffe reali rilevate il 2026-09-14.",14,411,20,19,17,2,2026-09-14,0.7,3,INDEXABLE_OK,Valido
https://efficiency-life.com/da/shj/,airport_it,200,https://efficiency-life.com/da/shj/,True,"index, follow",none,"Migliori voli da Sharjah Intl, Sharjah per rapporto qualità-prezzo | SHJ","I voli da Sharjah Intl, Sharjah con il miglior rapporto qualità-prezzo","Le 75 migliori destinazioni da Sharjah Intl, Sharjah: voli diretti ordinati per rapporto qualità-prezzo e chilometri per euro, non solo per prezzo. Tariffe reali rilevate il 2026-09-14.",75,413,11,10,17,2,2026-09-14,0.7,3,INDEXABLE_OK,Valido
https://efficiency-life.com/da/sin/,airport_it,200,https://efficiency-life.com/da/sin/,True,"index, follow",none,"Migliori voli da Singapore Changi Intl, Singapore per rapporto qualità-prezzo | SIN","I voli da Singapore Changi Intl, Singapore con il miglior rapporto qualità-prezzo","Le 102 migliori destinazioni da Singapore Changi Intl, Singapore: voli diretti ordinati per rapporto qualità-prezzo e chilometri per euro, non solo per prezzo. Tariffe reali rilevate il 2026-09-14.",102,431,12,11,17,2,2026-09-14,0.7,3,INDEXABLE_OK,Valido
https://efficiency-life.com/da/sjc/,airport_it,200,https://efficiency-life.com/da/sjc/,True,"index, follow",none,"Migliori voli da Norman Y Mineta San Jose Intl, San Jose per rapporto qualità-prezzo | SJC","I voli da Norman Y Mineta San Jose Intl, San Jose con il miglior rapporto qualità-prezzo","Le 26 migliori destinazioni da Norman Y Mineta San Jose Intl, San Jose: voli diretti ordinati per rapporto qualità-prezzo e chilometri per euro, non solo per prezzo. Tariffe reali rilevate il 2026-09-14.",26,448,23,22,17,2,2026-09-14,0.7,3,INDEXABLE_OK,Valido
https://efficiency-life.com/da/sjd/,airport_it,200,https://efficiency-life.com/da/sjd/,True,"index, follow",none,"Migliori voli da Los Cabos Intl, San Jose del Cabo per rapporto qualità-prezzo | SJD","I voli da Los Cabos Intl, San Jose del Cabo con il miglior rapporto qualità-prezzo","Le 6 migliori destinazioni da Los Cabos Intl, San Jose del Cabo: voli diretti ordinati per rapporto qualità-prezzo e chilometri per euro, non solo per prezzo. Tariffe reali rilevate il 2026-09-14.",6,360,13,12,17,2,2026-09-14,0.7,3,INDEXABLE_OK,Valido
https://efficiency-life.com/da/sjj/,airport_it,200,https://efficiency-life.com/da/sjj/,True,"index, follow",none,"Migliori voli da Sarajevo Intl, Sarajevo per rapporto qualità-prezzo | SJJ","I voli da Sarajevo Intl, Sarajevo con il miglior rapporto qualità-prezzo","Le 13 migliori destinazioni da Sarajevo Intl, Sarajevo: voli diretti ordinati per rapporto qualità-prezzo e chilometri per euro, non solo per prezzo. Tariffe reali rilevate il 2026-09-14.",13,412,13,12,17,2,2026-09-14,0.7,3,INDEXABLE_OK,Valido
https://efficiency-life.com/da/sjo/,airport_it,200,https://efficiency-life.com/da/sjo/,True,"index, follow",none,"Migliori voli da Juan Santamaria Intl, San Jose per rapporto qualità-prezzo | SJO","I voli da Juan Santamaria Intl, San Jose con il miglior rapporto qualità-prezzo","Le 24 migliori destinazioni da Juan Santamaria Intl, San Jose: voli diretti ordinati per rapporto qualità-prezzo e chilometri per euro, non solo per prezzo. Tariffe reali rilevate il 2026-09-14.",24,430,14,13,17,2,2026-09-14,0.7,3,INDEXABLE_OK,Valido
https://efficiency-life.com/da/sju/,airport_it,200,https://efficiency-life.com/da/sju/,True,"index, follow",none,"Migliori voli da Luis Munoz Marin Intl, San Juan per rapporto qualità-prezzo | SJU","I voli da Luis Munoz Marin Intl, San Juan con il miglior rapporto qualità-prezzo","Le 22 migliori destinazioni da Luis Munoz Marin Intl, San Juan: voli diretti ordinati per rapporto qualità-prezzo e chilometri per euro, non solo per prezzo. Tariffe reali rilevate il 2026-09-14.",22,452,13,12,17,2,2026-09-14,0.7,3,INDEXABLE_OK,Valido
https://efficiency-life.com/da/skd/,airport_it,200,https://efficiency-life.com/da/skd/,True,"index, follow",none,"Migliori voli da Samarkand Airport, Samarkand per rapporto qualità-prezzo | SKD","I voli da Samarkand Airport, Samarkand con il miglior rapporto qualità-prezzo","Le 20 migliori destinazioni da Samarkand Airport, Samarkand: voli diretti ordinati per rapporto qualità-prezzo e chilometri per euro, non solo per prezzo. Tariffe reali rilevate il 2026-09-14.",20,419,16,15,17,2,2026-09-14,0.7,3,INDEXABLE_OK,Valido
https://efficiency-life.com/da/skg/,airport_it,200,https://efficiency-life.com/da/skg/,True,"index, follow",none,"Migliori voli da Thessaloniki Macedonia Intl, Salonicco per rapporto qualità-prezzo | SKG","I voli da Thessaloniki Macedonia Intl, Salonicco con il miglior rapporto qualità-prezzo","Le 50 migliori destinazioni da Thessaloniki Macedonia Intl, Salonicco: voli diretti ordinati per rapporto qualità-prezzo e chilometri per euro, non solo per prezzo. Tariffe reali rilevate il 2026-09-14.",50,427,15,14,17,2,2026-09-14,0.7,3,INDEXABLE_OK,Valido
https://efficiency-life.com/da/skp/,airport_it,200,https://efficiency-life.com/da/skp/,True,"index, follow",none,"Migliori voli da Skopje Intl, Skopje per rapporto qualità-prezzo | SKP","I voli da Skopje Intl, Skopje con il miglior rapporto qualità-prezzo","Le 22 migliori destinazioni da Skopje Intl, Skopje: voli diretti ordinati per rapporto qualità-prezzo e chilometri per euro, non solo per prezzo. Tariffe reali rilevate il 2026-09-14.",22,426,15,14,17,2,2026-09-14,0.7,3,INDEXABLE_OK,Valido
https://efficiency-life.com/da/skx/,airport_it,200,https://efficiency-life.com/da/skx/,True,"index, follow",none,"Migliori voli da Saransk Airport, Saransk Airport per rapporto qualità-prezzo | SKX","I voli da Saransk Airport, Saransk Airport con il miglior rapporto qualità-prezzo","Le 7 migliori destinazioni da Saransk Airport, Saransk Airport: voli diretti ordinati per rapporto qualità-prezzo e chilometri per euro, non solo per prezzo. Tariffe reali rilevate il 2026-09-14.",7,353,19,18,17,2,2026-09-14,0.7,3,INDEXABLE_OK,Valido
https://efficiency-life.com/da/slc/,airport_it,200,https://efficiency-life.com/da/slc/,True,"index, follow",none,"Migliori voli da Salt Lake City Intl, Salt Lake City per rapporto qualità-prezzo | SLC","I voli da Salt Lake City Intl, Salt Lake City con il miglior rapporto qualità-prezzo","Le 29 migliori destinazioni da Salt Lake City Intl, Salt Lake City: voli diretti ordinati per rapporto qualità-prezzo e chilometri per euro, non solo per prezzo. Tariffe reali rilevate il 2026-09-14.",29,444,13,12,17,2,2026-09-14,0.7,3,INDEXABLE_OK,Valido
https://efficiency-life.com/da/sly/,airport_it,200,https://efficiency-life.com/da/sly/,True,"index, follow",none,"Migliori voli da Salekhard Airport, Salekhard Airport per rapporto qualità-prezzo | SLY","I voli da Salekhard Airport, Salekhard Airport con il miglior rapporto qualità-prezzo","Le 14 migliori destinazioni da Salekhard Airport, Salekhard Airport: voli diretti ordinati per rapporto qualità-prezzo e chilometri per euro, non solo per prezzo. Tariffe reali rilevate il 2026-09-14.",14,430,12,11,17,2,2026-09-14,0.7,3,INDEXABLE_OK,Valido
https://efficiency-life.com/da/slz/,airport_it,200,https://efficiency-life.com/da/slz/,True,"index, follow",none,"Migliori voli da Marechal Cunha Machado Intl, Sao Luis per rapporto qualità-prezzo | SLZ","I voli da Marechal Cunha Machado Intl, Sao Luis con il miglior rapporto qualità-prezzo","Le 9 migliori destinazioni da Marechal Cunha Machado Intl, Sao Luis: voli diretti ordinati per rapporto qualità-prezzo e chilometri per euro, non solo per prezzo. Tariffe reali rilevate il 2026-09-14.",9,391,10,9,17,2,2026-09-14,0.7,3,INDEXABLE_OK,Valido
https://efficiency-life.com/da/smf/,airport_it,200,https://efficiency-life.com/da/smf/,True,"index, follow",none,"Migliori voli da Sacramento Intl, Sacramento per rapporto qualità-prezzo | SMF","I voli da Sacramento Intl, Sacramento con il miglior rapporto qualità-prezzo","Le 28 migliori destinazioni da Sacramento Intl, Sacramento: voli diretti ordinati per rapporto qualità-prezzo e chilometri per euro, non solo per prezzo. Tariffe reali rilevate il 2026-09-14.",28,429,20,19,17,2,2026-09-14,0.7,3,INDEXABLE_OK,Valido
https://efficiency-life.com/da/sna/,airport_it,200,https://efficiency-life.com/da/sna/,True,"index, follow",none,"Migliori voli da John Wayne/Orange County Airport, Santa Ana per rapporto qualità-prezzo | SNA","I voli da John Wayne/Orange County Airport, Santa Ana con il miglior rapporto qualità-prezzo","Le 20 migliori destinazioni da John Wayne/Orange County Airport, Santa Ana: voli diretti ordinati per rapporto qualità-prezzo e chilometri per euro, non solo per prezzo. Tariffe reali rilevate il 2026-09-14.",20,444,18,17,17,2,2026-09-14,0.7,3,INDEXABLE_OK,Valido
https://efficiency-life.com/da/snn/,airport_it,200,https://efficiency-life.com/da/snn/,True,"index, follow",none,"Migliori voli da Shannon Airport, Shannon per rapporto qualità-prezzo | SNN","I voli da Shannon Airport, Shannon con il miglior rapporto qualità-prezzo","Le 15 migliori destinazioni da Shannon Airport, Shannon: voli diretti ordinati per rapporto qualità-prezzo e chilometri per euro, non solo per prezzo. Tariffe reali rilevate il 2026-09-14.",15,426,7,6,17,2,2026-09-14,0.7,3,INDEXABLE_OK,Valido
https://efficiency-life.com/da/sof/,airport_it,200,https://efficiency-life.com/da/sof/,True,"index, follow",none,"Migliori voli da Sofia Airport, Sofia per rapporto qualità-prezzo | SOF","I voli da Sofia Airport, Sofia con il miglior rapporto qualità-prezzo","Le 71 migliori destinazioni da Sofia Airport, Sofia: voli diretti ordinati per rapporto qualità-prezzo e chilometri per euro, non solo per prezzo. Tariffe reali rilevate il 2026-09-14.",71,418,17,16,17,2,2026-09-14,0.7,3,INDEXABLE_OK,Valido
https://efficiency-life.com/da/spu/,airport_it,200,https://efficiency-life.com/da/spu/,True,"index, follow",none,"Migliori voli da Split Airport, Spalato per rapporto qualità-prezzo | SPU","I voli da Split Airport, Spalato con il miglior rapporto qualità-prezzo","Le 17 migliori destinazioni da Split Airport, Spalato: voli diretti ordinati per rapporto qualità-prezzo e chilometri per euro, non solo per prezzo. Tariffe reali rilevate il 2026-09-14.",17,413,10,9,17,2,2026-09-14,0.7,3,INDEXABLE_OK,Valido
https://efficiency-life.com/da/spx/,airport_it,200,https://efficiency-life.com/da/spx/,True,"index, follow",none,"Migliori voli da Giza Sphinx, Giza Sphinx per rapporto qualità-prezzo | SPX","I voli da Giza Sphinx, Giza Sphinx con il miglior rapporto qualità-prezzo","Le 18 migliori destinazioni da Giza Sphinx, Giza Sphinx: voli diretti ordinati per rapporto qualità-prezzo e chilometri per euro, non solo per prezzo. Tariffe reali rilevate il 2026-09-14.",18,431,8,7,17,2,2026-09-14,0.7,3,INDEXABLE_OK,Valido
https://efficiency-life.com/da/srq/,airport_it,200,https://efficiency-life.com/da/srq/,True,"index, follow",none,"Migliori voli da Sarasota Bradenton International Airport, Sarasota Bradenton International Airport per rapporto qualità-prezzo | SRQ","I voli da Sarasota Bradenton International Airport, Sarasota Bradenton International Airport con il miglior rapporto qualità-prezzo","Le 8 migliori destinazioni da Sarasota Bradenton International Airport, Sarasota Bradenton International Airport: voli diretti ordinati per rapporto qualità-prezzo e chilometri per euro, non solo per prezzo. Tariffe reali rilevate il 2026-09-14.",8,392,13,12,17,2,2026-09-14,0.7,3,INDEXABLE_OK,Valido
https://efficiency-life.com/da/ssa/,airport_it,200,https://efficiency-life.com/da/ssa/,True,"index, follow",none,"Migliori voli da Deputado Luiz Eduardo Magalhaes Intl, Salvador per rapporto qualità-prezzo | SSA","I voli da Deputado Luiz Eduardo Magalhaes Intl, Salvador con il miglior rapporto qualità-prezzo","Le 11 migliori destinazioni da Deputado Luiz Eduardo Magalhaes Intl, Salvador: voli diretti ordinati per rapporto qualità-prezzo e chilometri per euro, non solo per prezzo. Tariffe reali rilevate il 2026-09-14.",11,421,22,21,17,2,2026-09-14,0.7,3,INDEXABLE_OK,Valido
https://efficiency-life.com/da/ssh/,airport_it,200,https://efficiency-life.com/da/ssh/,True,"index, follow",none,"Migliori voli da Sharm El Sheikh Intl, Sharm el-Sheikh per rapporto qualità-prezzo | SSH","I voli da Sharm El Sheikh Intl, Sharm el-Sheikh con il miglior rapporto qualità-prezzo","Le 37 migliori destinazioni da Sharm El Sheikh Intl, Sharm el-Sheikh: voli diretti ordinati per rapporto qualità-prezzo e chilometri per euro, non solo per prezzo. Tariffe reali rilevate il 2026-09-14.",37,430,7,6,17,2,2026-09-14,0.7,3,INDEXABLE_OK,Valido
https://efficiency-life.com/da/sti/,airport_it,200,https://efficiency-life.com/da/sti/,True,"index, follow",none,"Migliori voli da Cibao Intl, Santiago per rapporto qualità-prezzo | STI","I voli da Cibao Intl, Santiago con il miglior rapporto qualità-prezzo","Le 6 migliori destinazioni da Cibao Intl, Santiago: voli diretti ordinati per rapporto qualità-prezzo e chilometri per euro, non solo per prezzo. Tariffe reali rilevate il 2026-09-14.",6,343,15,14,17,2,2026-09-14,0.7,3,INDEXABLE_OK,Valido
https://efficiency-life.com/da/stl/,airport_it,200,https://efficiency-life.com/da/stl/,True,"index, follow",none,"Migliori voli da St Louis Lambert Intl, St Louis per rapporto qualità-prezzo | STL","I voli da St Louis Lambert Intl, St Louis con il miglior rapporto qualità-prezzo","Le 21 migliori destinazioni da St Louis Lambert Intl, St Louis: voli diretti ordinati per rapporto qualità-prezzo e chilometri per euro, non solo per prezzo. Tariffe reali rilevate il 2026-09-14.",21,445,22,21,17,2,2026-09-14,0.7,3,INDEXABLE_OK,Valido
https://efficiency-life.com/da/stn/,airport_it,200,https://efficiency-life.com/da/stn/,True,"index, follow",none,"Migliori voli da Stansted, Londra per rapporto qualità-prezzo | STN","I voli da Stansted, Londra con il miglior rapporto qualità-prezzo","Le 123 migliori destinazioni da Stansted, Londra: voli diretti ordinati per rapporto qualità-prezzo e chilometri per euro, non solo per prezzo. Tariffe reali rilevate il 2026-09-14.",123,422,15,14,17,2,2026-09-14,0.7,3,INDEXABLE_OK,Valido
https://efficiency-life.com/da/str/,airport_it,200,https://efficiency-life.com/da/str/,True,"index, follow",none,"Migliori voli da Stuttgart Airport, Stoccarda per rapporto qualità-prezzo | STR","I voli da Stuttgart Airport, Stoccarda con il miglior rapporto qualità-prezzo","Le 71 migliori destinazioni da Stuttgart Airport, Stoccarda: voli diretti ordinati per rapporto qualità-prezzo e chilometri per euro, non solo per prezzo. Tariffe reali rilevate il 2026-09-14.",71,430,14,13,17,2,2026-09-14,0.7,3,INDEXABLE_OK,Valido
https://efficiency-life.com/da/suf/,airport_it,200,https://efficiency-life.com/da/suf/,True,"index, follow",none,"Migliori voli da Lamezia Terme Airport, Lamezia Terme per rapporto qualità-prezzo | SUF","I voli da Lamezia Terme Airport, Lamezia Terme con il miglior rapporto qualità-prezzo","Le 17 migliori destinazioni da Lamezia Terme Airport, Lamezia Terme: voli diretti ordinati per rapporto qualità-prezzo e chilometri per euro, non solo per prezzo. Tariffe reali rilevate il 2026-09-14.",17,426,11,10,17,2,2026-09-14,0.7,3,INDEXABLE_OK,Valido
https://efficiency-life.com/da/sui/,airport_it,200,https://efficiency-life.com/da/sui/,True,"index, follow",none,"Migliori voli da ‪Sukhumi Babushara Airport, ‪Sukhumi Babushara Airport per rapporto qualità-prezzo | SUI","I voli da ‪Sukhumi Babushara Airport, ‪Sukhumi Babushara Airport con il miglior rapporto qualità-prezzo","Le 11 migliori destinazioni da ‪Sukhumi Babushara Airport, ‪Sukhumi Babushara Airport: voli diretti ordinati per rapporto qualità-prezzo e chilometri per euro, non solo per prezzo. Tariffe reali rilevate il 2026-09-14.",11,416,13,12,17,2,2026-09-14,0.7,3,INDEXABLE_OK,Valido
https://efficiency-life.com/da/svg/,airport_it,200,https://efficiency-life.com/da/svg/,True,"index, follow",none,"Migliori voli da Stavanger Airport Sola, Stavanger per rapporto qualità-prezzo | SVG","I voli da Stavanger Airport Sola, Stavanger con il miglior rapporto qualità-prezzo","Le 6 migliori destinazioni da Stavanger Airport Sola, Stavanger: voli diretti ordinati per rapporto qualità-prezzo e chilometri per euro, non solo per prezzo. Tariffe reali rilevate il 2026-09-14.",6,327,9,8,17,2,2026-09-14,0.7,3,INDEXABLE_OK,Valido
https://efficiency-life.com/da/svo/,airport_it,200,https://efficiency-life.com/da/svo/,True,"index, follow",none,"Migliori voli da Sheremetyevo Intl, Mosca per rapporto qualità-prezzo | SVO","I voli da Sheremetyevo Intl, Mosca con il miglior rapporto qualità-prezzo","Le 78 migliori destinazioni da Sheremetyevo Intl, Mosca: voli diretti ordinati per rapporto qualità-prezzo e chilometri per euro, non solo per prezzo. Tariffe reali rilevate il 2026-09-14.",78,440,14,13,17,2,2026-09-14,0.7,3,INDEXABLE_OK,Valido
https://efficiency-life.com/da/svq/,airport_it,200,https://efficiency-life.com/da/svq/,True,"index, follow",none,"Migliori voli da Sevilla Airport, Siviglia per rapporto qualità-prezzo | SVQ","I voli da Sevilla Airport, Siviglia con il miglior rapporto qualità-prezzo","Le 42 migliori destinazioni da Sevilla Airport, Siviglia: voli diretti ordinati per rapporto qualità-prezzo e chilometri per euro, non solo per prezzo. Tariffe reali rilevate il 2026-09-14.",42,424,18,17,17,2,2026-09-14,0.7,3,INDEXABLE_OK,Valido
https://efficiency-life.com/da/svx/,airport_it,200,https://efficiency-life.com/da/svx/,True,"index, follow",none,"Migliori voli da Koltsovo Airport, Yekaterinburg per rapporto qualità-prezzo | SVX","I voli da Koltsovo Airport, Yekaterinburg con il miglior rapporto qualità-prezzo","Le 81 migliori destinazioni da Koltsovo Airport, Yekaterinburg: voli diretti ordinati per rapporto qualità-prezzo e chilometri per euro, non solo per prezzo. Tariffe reali rilevate il 2026-09-14.",81,437,15,14,17,2,2026-09-14,0.7,3,INDEXABLE_OK,Valido
https://efficiency-life.com/da/swf/,airport_it,200,https://efficiency-life.com/da/swf/,True,"index, follow",none,"Migliori voli da Stewart International Airport, Stewart International Airport per rapporto qualità-prezzo | SWF","I voli da Stewart International Airport, Stewart International Airport con il miglior rapporto qualità-prezzo","Le 8 migliori destinazioni da Stewart International Airport, Stewart International Airport: voli diretti ordinati per rapporto qualità-prezzo e chilometri per euro, non solo per prezzo. Tariffe reali rilevate il 2026-09-14.",8,385,16,15,17,2,2026-09-14,0.7,3,INDEXABLE_OK,Valido
https://efficiency-life.com/da/sxb/,airport_it,200,https://efficiency-life.com/da/sxb/,True,"index, follow",none,"Migliori voli da Strasbourg Airport, Strasbourg per rapporto qualità-prezzo | SXB","I voli da Strasbourg Airport, Strasbourg con il miglior rapporto qualità-prezzo","Le 16 migliori destinazioni da Strasbourg Airport, Strasbourg: voli diretti ordinati per rapporto qualità-prezzo e chilometri per euro, non solo per prezzo. Tariffe reali rilevate il 2026-09-14.",16,422,20,19,17,2,2026-09-14,0.7,3,INDEXABLE_OK,Valido
https://efficiency-life.com/da/sxm/,airport_it,200,https://efficiency-life.com/da/sxm/,True,"index, follow",none,"Migliori voli da Princess Juliana Intl, Saint Martin per rapporto qualità-prezzo | SXM","I voli da Princess Juliana Intl, Saint Martin con il miglior rapporto qualità-prezzo","Le 11 migliori destinazioni da Princess Juliana Intl, Saint Martin: voli diretti ordinati per rapporto qualità-prezzo e chilometri per euro, non solo per prezzo. Tariffe reali rilevate il 2026-09-14.",11,427,10,9,17,2,2026-09-14,0.7,3,INDEXABLE_OK,Valido
https://efficiency-life.com/da/syd/,airport_it,200,https://efficiency-life.com/da/syd/,True,"index, follow",none,"Migliori voli da Sydney Kingsford Smith Intl, Sydney per rapporto qualità-prezzo | SYD","I voli da Sydney Kingsford Smith Intl, Sydney con il miglior rapporto qualità-prezzo","Le 61 migliori destinazioni da Sydney Kingsford Smith Intl, Sydney: voli diretti ordinati per rapporto qualità-prezzo e chilometri per euro, non solo per prezzo. Tariffe reali rilevate il 2026-09-14.",61,431,12,11,17,2,2026-09-14,0.7,3,INDEXABLE_OK,Valido
https://efficiency-life.com/da/syr/,airport_it,200,https://efficiency-life.com/da/syr/,True,"index, follow",none,"Migliori voli da Syracuse Hancock Intl, Syracuse per rapporto qualità-prezzo | SYR","I voli da Syracuse Hancock Intl, Syracuse con il miglior rapporto qualità-prezzo","Le 9 migliori destinazioni da Syracuse Hancock Intl, Syracuse: voli diretti ordinati per rapporto qualità-prezzo e chilometri per euro, non solo per prezzo. Tariffe reali rilevate il 2026-09-14.",9,390,18,17,17,2,2026-09-14,0.7,3,INDEXABLE_OK,Valido
https://efficiency-life.com/da/syx/,airport_it,200,https://efficiency-life.com/da/syx/,True,"index, follow",none,"Migliori voli da Sanya Phoenix Intl, Sanya per rapporto qualità-prezzo | SYX","I voli da Sanya Phoenix Intl, Sanya con il miglior rapporto qualità-prezzo","Le 44 migliori destinazioni da Sanya Phoenix Intl, Sanya: voli diretti ordinati per rapporto qualità-prezzo e chilometri per euro, non solo per prezzo. Tariffe reali rilevate il 2026-09-14.",44,422,15,14,17,2,2026-09-14,0.7,3,INDEXABLE_OK,Valido
https://efficiency-life.com/da/szb/,airport_it,200,https://efficiency-life.com/da/szb/,True,"index, follow",none,"Migliori voli da Sultan Abdul Aziz Shah Intl, Subang per rapporto qualità-prezzo | SZB","I voli da Sultan Abdul Aziz Shah Intl, Subang con il miglior rapporto qualità-prezzo","Le 14 migliori destinazioni da Sultan Abdul Aziz Shah Intl, Subang: voli diretti ordinati per rapporto qualità-prezzo e chilometri per euro, non solo per prezzo. Tariffe reali rilevate il 2026-09-14.",14,446,15,14,17,2,2026-09-14,0.7,3,INDEXABLE_OK,Valido
https://efficiency-life.com/da/szg/,airport_it,200,https://efficiency-life.com/da/szg/,True,"index, follow",none,"Migliori voli da Salzburg Airport, Salzburg per rapporto qualità-prezzo | SZG","I voli da Salzburg Airport, Salzburg con il miglior rapporto qualità-prezzo","Le 14 migliori destinazioni da Salzburg Airport, Salzburg: voli diretti ordinati per rapporto qualità-prezzo e chilometri per euro, non solo per prezzo. Tariffe reali rilevate il 2026-09-14.",14,416,14,13,17,2,2026-09-14,0.7,3,INDEXABLE_OK,Valido
https://efficiency-life.com/da/szx/,airport_it,200,https://efficiency-life.com/da/szx/,True,"index, follow",none,"Migliori voli da Shenzhen Bao'an Intl, Shenzhen per rapporto qualità-prezzo | SZX","I voli da Shenzhen Bao'an Intl, Shenzhen con il miglior rapporto qualità-prezzo","Le 43 migliori destinazioni da Shenzhen Bao'an Intl, Shenzhen: voli diretti ordinati per rapporto qualità-prezzo e chilometri per euro, non solo per prezzo. Tariffe reali rilevate il 2026-09-14.",43,427,17,16,17,2,2026-09-14,0.7,3,INDEXABLE_OK,Valido
https://efficiency-life.com/da/tae/,airport_it,200,https://efficiency-life.com/da/tae/,True,"index, follow",none,"Migliori voli da Daegu Airport, Daegu per rapporto qualità-prezzo | TAE","I voli da Daegu Airport, Daegu con il miglior rapporto qualità-prezzo","Le 9 migliori destinazioni da Daegu Airport, Daegu: voli diretti ordinati per rapporto qualità-prezzo e chilometri per euro, non solo per prezzo. Tariffe reali rilevate il 2026-09-14.",9,375,15,14,17,2,2026-09-14,0.7,3,INDEXABLE_OK,Valido
https://efficiency-life.com/da/tao/,airport_it,200,https://efficiency-life.com/da/tao/,True,"index, follow",none,"Migliori voli da Qingdao/Jiaodong Airport, Qingdao per rapporto qualità-prezzo | TAO","I voli da Qingdao/Jiaodong Airport, Qingdao con il miglior rapporto qualità-prezzo","Le 24 migliori destinazioni da Qingdao/Jiaodong Airport, Qingdao: voli diretti ordinati per rapporto qualità-prezzo e chilometri per euro, non solo per prezzo. Tariffe reali rilevate il 2026-09-14.",24,409,24,23,17,2,2026-09-14,0.7,3,INDEXABLE_OK,Valido
https://efficiency-life.com/da/tas/,airport_it,200,https://efficiency-life.com/da/tas/,True,"index, follow",none,"Migliori voli da Tashkent Intl, Tashkent per rapporto qualità-prezzo | TAS","I voli da Tashkent Intl, Tashkent con il miglior rapporto qualità-prezzo","Le 91 migliori destinazioni da Tashkent Intl, Tashkent: voli diretti ordinati per rapporto qualità-prezzo e chilometri per euro, non solo per prezzo. Tariffe reali rilevate il 2026-09-14.",91,421,17,16,17,2,2026-09-14,0.7,3,INDEXABLE_OK,Valido
https://efficiency-life.com/da/tbs/,airport_it,200,https://efficiency-life.com/da/tbs/,True,"index, follow",none,"Migliori voli da Tbilisi Intl, Tbilisi per rapporto qualità-prezzo | TBS","I voli da Tbilisi Intl, Tbilisi con il miglior rapporto qualità-prezzo","Le 57 migliori destinazioni da Tbilisi Intl, Tbilisi: voli diretti ordinati per rapporto qualità-prezzo e chilometri per euro, non solo per prezzo. Tariffe reali rilevate il 2026-09-14.",57,427,11,10,17,2,2026-09-14,0.7,3,INDEXABLE_OK,Valido
https://efficiency-life.com/da/tfn/,airport_it,200,https://efficiency-life.com/da/tfn/,True,"index, follow",none,"Migliori voli da Tenerife Norte Airport, Tenerife Island per rapporto qualità-prezzo | TFN","I voli da Tenerife Norte Airport, Tenerife Island con il miglior rapporto qualità-prezzo","Le 19 migliori destinazioni da Tenerife Norte Airport, Tenerife Island: voli diretti ordinati per rapporto qualità-prezzo e chilometri per euro, non solo per prezzo. Tariffe reali rilevate il 2026-09-14.",19,431,7,6,17,2,2026-09-14,0.7,3,INDEXABLE_OK,Valido
https://efficiency-life.com/da/tfs/,airport_it,200,https://efficiency-life.com/da/tfs/,True,"index, follow",none,"Migliori voli da Tenerife South Airport, Tenerife Island per rapporto qualità-prezzo | TFS","I voli da Tenerife South Airport, Tenerife Island con il miglior rapporto qualità-prezzo","Le 56 migliori destinazioni da Tenerife South Airport, Tenerife Island: voli diretti ordinati per rapporto qualità-prezzo e chilometri per euro, non solo per prezzo. Tariffe reali rilevate il 2026-09-14.",56,435,7,6,17,2,2026-09-14,0.7,3,INDEXABLE_OK,Valido
https://efficiency-life.com/da/tfu/,airport_it,200,https://efficiency-life.com/da/tfu/,True,"index, follow",none,"Migliori voli da Chengdu/Tianfu Airport, Tianfu per rapporto qualità-prezzo | TFU","I voli da Chengdu/Tianfu Airport, Tianfu con il miglior rapporto qualità-prezzo","Le 65 migliori destinazioni da Chengdu/Tianfu Airport, Tianfu: voli diretti ordinati per rapporto qualità-prezzo e chilometri per euro, non solo per prezzo. Tariffe reali rilevate il 2026-09-14.",65,423,13,12,17,2,2026-09-14,0.7,3,INDEXABLE_OK,Valido
https://efficiency-life.com/da/tgd/,airport_it,200,https://efficiency-life.com/da/tgd/,True,"index, follow",none,"Migliori voli da Podgorica Airport, Podgorica per rapporto qualità-prezzo | TGD","I voli da Podgorica Airport, Podgorica con il miglior rapporto qualità-prezzo","Le 26 migliori destinazioni da Podgorica Airport, Podgorica: voli diretti ordinati per rapporto qualità-prezzo e chilometri per euro, non solo per prezzo. Tariffe reali rilevate il 2026-09-14.",26,422,16,15,17,2,2026-09-14,0.7,3,INDEXABLE_OK,Valido
https://efficiency-life.com/da/thr/,airport_it,200,https://efficiency-life.com/da/thr/,True,"index, follow",none,"Migliori voli da Mehrabad Intl, Tehran per rapporto qualità-prezzo | THR","I voli da Mehrabad Intl, Tehran con il miglior rapporto qualità-prezzo","Le 10 migliori destinazioni da Mehrabad Intl, Tehran: voli diretti ordinati per rapporto qualità-prezzo e chilometri per euro, non solo per prezzo. Tariffe reali rilevate il 2026-09-14.",10,389,12,11,17,2,2026-09-14,0.7,3,INDEXABLE_OK,Valido
https://efficiency-life.com/da/tia/,airport_it,200,https://efficiency-life.com/da/tia/,True,"index, follow",none,"Migliori voli da Tirana Intl Mother Teresa, Tirana per rapporto qualità-prezzo | TIA","I voli da Tirana Intl Mother Teresa, Tirana con il miglior rapporto qualità-prezzo","Le 62 migliori destinazioni da Tirana Intl Mother Teresa, Tirana: voli diretti ordinati per rapporto qualità-prezzo e chilometri per euro, non solo per prezzo. Tariffe reali rilevate il 2026-09-14.",62,429,15,14,17,2,2026-09-14,0.7,3,INDEXABLE_OK,Valido
https://efficiency-life.com/da/tij/,airport_it,200,https://efficiency-life.com/da/tij/,True,"index, follow",none,"Migliori voli da General Abelardo L. Rodriguez Intl, Tijuana per rapporto qualità-prezzo | TIJ","I voli da General Abelardo L. Rodriguez Intl, Tijuana con il miglior rapporto qualità-prezzo","Le 23 migliori destinazioni da General Abelardo L. Rodriguez Intl, Tijuana: voli diretti ordinati per rapporto qualità-prezzo e chilometri per euro, non solo per prezzo. Tariffe reali rilevate il 2026-09-14.",23,452,18,17,17,2,2026-09-14,0.7,3,INDEXABLE_OK,Valido
https://efficiency-life.com/da/tiv/,airport_it,200,https://efficiency-life.com/da/tiv/,True,"index, follow",none,"Migliori voli da Tivat Airport, Tivat per rapporto qualità-prezzo | TIV","I voli da Tivat Airport, Tivat con il miglior rapporto qualità-prezzo","Le 11 migliori destinazioni da Tivat Airport, Tivat: voli diretti ordinati per rapporto qualità-prezzo e chilometri per euro, non solo per prezzo. Tariffe reali rilevate il 2026-09-14.",11,398,13,12,17,2,2026-09-14,0.7,3,INDEXABLE_OK,Valido
https://efficiency-life.com/da/tjm/,airport_it,200,https://efficiency-life.com/da/tjm/,True,"index, follow",none,"Migliori voli da Roshchino International Airport, Roshchino International Airport per rapporto qualità-prezzo | TJM","I voli da Roshchino International Airport, Roshchino International Airport con il miglior rapporto qualità-prezzo","Le 47 migliori destinazioni da Roshchino International Airport, Roshchino International Airport: voli diretti ordinati per rapporto qualità-prezzo e chilometri per euro, non solo per prezzo. Tariffe reali rilevate il 2026-09-14.",47,446,16,15,17,2,2026-09-14,0.7,3,INDEXABLE_OK,Valido
https://efficiency-life.com/da/tlc/,airport_it,200,https://efficiency-life.com/da/tlc/,True,"index, follow",none,"Migliori voli da Toluca International Airport, Toluca International Airport per rapporto qualità-prezzo | TLC","I voli da Toluca International Airport, Toluca International Airport con il miglior rapporto qualità-prezzo","Le 7 migliori destinazioni da Toluca International Airport, Toluca International Airport: voli diretti ordinati per rapporto qualità-prezzo e chilometri per euro, non solo per prezzo. Tariffe reali rilevate il 2026-09-14.",7,366,12,11,17,2,2026-09-14,0.7,3,INDEXABLE_OK,Valido
https://efficiency-life.com/da/tll/,airport_it,200,https://efficiency-life.com/da/tll/,True,"index, follow",none,"Migliori voli da Tallinn Airport, Tallinn per rapporto qualità-prezzo | TLL","I voli da Tallinn Airport, Tallinn con il miglior rapporto qualità-prezzo","Le 44 migliori destinazioni da Tallinn Airport, Tallinn: voli diretti ordinati per rapporto qualità-prezzo e chilometri per euro, non solo per prezzo. Tariffe reali rilevate il 2026-09-14.",44,425,10,9,17,2,2026-09-14,0.7,3,INDEXABLE_OK,Valido
https://efficiency-life.com/da/tls/,airport_it,200,https://efficiency-life.com/da/tls/,True,"index, follow",none,"Migliori voli da Toulouse-Blagnac Airport, Toulouse/Blagnac per rapporto qualità-prezzo | TLS","I voli da Toulouse-Blagnac Airport, Toulouse/Blagnac con il miglior rapporto qualità-prezzo","Le 41 migliori destinazioni da Toulouse-Blagnac Airport, Toulouse/Blagnac: voli diretti ordinati per rapporto qualità-prezzo e chilometri per euro, non solo per prezzo. Tariffe reali rilevate il 2026-09-14.",41,421,14,13,17,2,2026-09-14,0.7,3,INDEXABLE_OK,Valido
https://efficiency-life.com/da/tlv/,airport_it,200,https://efficiency-life.com/da/tlv/,True,"index, follow",none,"Migliori voli da Ben Gurion Intl, Tel Aviv per rapporto qualità-prezzo | TLV","I voli da Ben Gurion Intl, Tel Aviv con il miglior rapporto qualità-prezzo","Le 91 migliori destinazioni da Ben Gurion Intl, Tel Aviv: voli diretti ordinati per rapporto qualità-prezzo e chilometri per euro, non solo per prezzo. Tariffe reali rilevate il 2026-09-14.",91,428,9,8,17,2,2026-09-14,0.7,3,INDEXABLE_OK,Valido
https://efficiency-life.com/da/tna/,airport_it,200,https://efficiency-life.com/da/tna/,True,"index, follow",none,"Migliori voli da Yaoqiang Airport, Jinan per rapporto qualità-prezzo | TNA","I voli da Yaoqiang Airport, Jinan con il miglior rapporto qualità-prezzo","Le 12 migliori destinazioni da Yaoqiang Airport, Jinan: voli diretti ordinati per rapporto qualità-prezzo e chilometri per euro, non solo per prezzo. Tariffe reali rilevate il 2026-09-14.",12,411,18,17,17,2,2026-09-14,0.7,3,INDEXABLE_OK,Valido
https://efficiency-life.com/da/tng/,airport_it,200,https://efficiency-life.com/da/tng/,True,"index, follow",none,"Migliori voli da Ibn Batouta Airport, Tangier per rapporto qualità-prezzo | TNG","I voli da Ibn Batouta Airport, Tangier con il miglior rapporto qualità-prezzo","Le 19 migliori destinazioni da Ibn Batouta Airport, Tangier: voli diretti ordinati per rapporto qualità-prezzo e chilometri per euro, non solo per prezzo. Tariffe reali rilevate il 2026-09-14.",19,423,17,16,17,2,2026-09-14,0.7,3,INDEXABLE_OK,Valido
https://efficiency-life.com/da/tnr/,airport_it,200,https://efficiency-life.com/da/tnr/,True,"index, follow",none,"Migliori voli da Ivato Airport, Antananarivo per rapporto qualità-prezzo | TNR","I voli da Ivato Airport, Antananarivo con il miglior rapporto qualità-prezzo","Le 14 migliori destinazioni da Ivato Airport, Antananarivo: voli diretti ordinati per rapporto qualità-prezzo e chilometri per euro, non solo per prezzo. Tariffe reali rilevate il 2026-09-14.",14,420,14,13,17,2,2026-09-14,0.7,3,INDEXABLE_OK,Valido
https://efficiency-life.com/da/tof/,airport_it,200,https://efficiency-life.com/da/tof/,True,"index, follow",none,"Migliori voli da Tomsk Airport, Tomsk Airport per rapporto qualità-prezzo | TOF","I voli da Tomsk Airport, Tomsk Airport con il miglior rapporto qualità-prezzo","Le 16 migliori destinazioni da Tomsk Airport, Tomsk Airport: voli diretti ordinati per rapporto qualità-prezzo e chilometri per euro, non solo per prezzo. Tariffe reali rilevate il 2026-09-14.",16,432,18,17,17,2,2026-09-14,0.7,3,INDEXABLE_OK,Valido
https://efficiency-life.com/da/tpa/,airport_it,200,https://efficiency-life.com/da/tpa/,True,"index, follow",none,"Migliori voli da Tampa Intl, Tampa per rapporto qualità-prezzo | TPA","I voli da Tampa Intl, Tampa con il miglior rapporto qualità-prezzo","Le 55 migliori destinazioni da Tampa Intl, Tampa: voli diretti ordinati per rapporto qualità-prezzo e chilometri per euro, non solo per prezzo. Tariffe reali rilevate il 2026-09-14.",55,450,14,13,17,2,2026-09-14,0.7,3,INDEXABLE_OK,Valido
https://efficiency-life.com/da/tpe/,airport_it,200,https://efficiency-life.com/da/tpe/,True,"index, follow",none,"Migliori voli da Taiwan Taoyuan Intl, Taipei per rapporto qualità-prezzo | TPE","I voli da Taiwan Taoyuan Intl, Taipei con il miglior rapporto qualità-prezzo","Le 65 migliori destinazioni da Taiwan Taoyuan Intl, Taipei: voli diretti ordinati per rapporto qualità-prezzo e chilometri per euro, non solo per prezzo. Tariffe reali rilevate il 2026-09-14.",65,434,10,9,17,2,2026-09-14,0.7,3,INDEXABLE_OK,Valido
https://efficiency-life.com/da/trd/,airport_it,200,https://efficiency-life.com/da/trd/,True,"index, follow",none,"Migliori voli da Trondheim Airport Vaernes, Trondheim per rapporto qualità-prezzo | TRD","I voli da Trondheim Airport Vaernes, Trondheim con il miglior rapporto qualità-prezzo","Le 9 migliori destinazioni da Trondheim Airport Vaernes, Trondheim: voli diretti ordinati per rapporto qualità-prezzo e chilometri per euro, non solo per prezzo. Tariffe reali rilevate il 2026-09-14.",9,371,7,6,17,2,2026-09-14,0.7,3,INDEXABLE_OK,Valido
https://efficiency-life.com/da/trf/,airport_it,200,https://efficiency-life.com/da/trf/,True,"index, follow",none,"Migliori voli da Sandefjord Airport Torp, Torp per rapporto qualità-prezzo | TRF","I voli da Sandefjord Airport Torp, Torp con il miglior rapporto qualità-prezzo","Le 20 migliori destinazioni da Sandefjord Airport Torp, Torp: voli diretti ordinati per rapporto qualità-prezzo e chilometri per euro, non solo per prezzo. Tariffe reali rilevate il 2026-09-14.",20,424,11,10,17,2,2026-09-14,0.7,3,INDEXABLE_OK,Valido
https://efficiency-life.com/da/trn/,airport_it,200,https://efficiency-life.com/da/trn/,True,"index, follow",none,"Migliori voli da Torino / Caselle Intl, Torino per rapporto qualità-prezzo | TRN","I voli da Torino / Caselle Intl, Torino con il miglior rapporto qualità-prezzo","Le 37 migliori destinazioni da Torino / Caselle Intl, Torino: voli diretti ordinati per rapporto qualità-prezzo e chilometri per euro, non solo per prezzo. Tariffe reali rilevate il 2026-09-14.",37,429,15,14,17,2,2026-09-14,0.7,3,INDEXABLE_OK,Valido
https://efficiency-life.com/da/trs/,airport_it,200,https://efficiency-life.com/da/trs/,True,"index, follow",none,"Migliori voli da Trieste / Ronchi Dei Legionari, Trieste per rapporto qualità-prezzo | TRS","I voli da Trieste / Ronchi Dei Legionari, Trieste con il miglior rapporto qualità-prezzo","Le 15 migliori destinazioni da Trieste / Ronchi Dei Legionari, Trieste: voli diretti ordinati per rapporto qualità-prezzo e chilometri per euro, non solo per prezzo. Tariffe reali rilevate il 2026-09-14.",15,423,14,13,17,2,2026-09-14,0.7,3,INDEXABLE_OK,Valido
https://efficiency-life.com/da/trv/,airport_it,200,https://efficiency-life.com/da/trv/,True,"index, follow",none,"Migliori voli da Trivandrum Intl, Trivandrum per rapporto qualità-prezzo | TRV","I voli da Trivandrum Intl, Trivandrum con il miglior rapporto qualità-prezzo","Le 15 migliori destinazioni da Trivandrum Intl, Trivandrum: voli diretti ordinati per rapporto qualità-prezzo e chilometri per euro, non solo per prezzo. Tariffe reali rilevate il 2026-09-14.",15,434,11,10,19,2,2026-09-14,0.7,3,INDEXABLE_OK,Valido
https://efficiency-life.com/da/tsa/,airport_it,200,https://efficiency-life.com/da/tsa/,True,"index, follow",none,"Migliori voli da Taipei Songshan Airport, Taipei City per rapporto qualità-prezzo | TSA","I voli da Taipei Songshan Airport, Taipei City con il miglior rapporto qualità-prezzo","Le 8 migliori destinazioni da Taipei Songshan Airport, Taipei City: voli diretti ordinati per rapporto qualità-prezzo e chilometri per euro, non solo per prezzo. Tariffe reali rilevate il 2026-09-14.",8,364,10,9,17,2,2026-09-14,0.7,3,INDEXABLE_OK,Valido
https://efficiency-life.com/da/tsf/,airport_it,200,https://efficiency-life.com/da/tsf/,True,"index, follow",none,"Migliori voli da Treviso / Sant'Angelo Airport, Treviso per rapporto qualità-prezzo | TSF","I voli da Treviso / Sant'Angelo Airport, Treviso con il miglior rapporto qualità-prezzo","Le 29 migliori destinazioni da Treviso / Sant'Angelo Airport, Treviso: voli diretti ordinati per rapporto qualità-prezzo e chilometri per euro, non solo per prezzo. Tariffe reali rilevate il 2026-09-14.",29,427,16,15,17,2,2026-09-14,0.7,3,INDEXABLE_OK,Valido
https://efficiency-life.com/da/tsn/,airport_it,200,https://efficiency-life.com/da/tsn/,True,"index, follow",none,"Migliori voli da Tianjin Binhai Intl, Tianjin per rapporto qualità-prezzo | TSN","I voli da Tianjin Binhai Intl, Tianjin con il miglior rapporto qualità-prezzo","Le 12 migliori destinazioni da Tianjin Binhai Intl, Tianjin: voli diretti ordinati per rapporto qualità-prezzo e chilometri per euro, non solo per prezzo. Tariffe reali rilevate il 2026-09-14.",12,418,19,18,17,2,2026-09-14,0.7,3,INDEXABLE_OK,Valido
https://efficiency-life.com/da/tsr/,airport_it,200,https://efficiency-life.com/da/tsr/,True,"index, follow",none,"Migliori voli da Timisoara Traian Vuia Airport, Timisoara per rapporto qualità-prezzo | TSR","I voli da Timisoara Traian Vuia Airport, Timisoara con il miglior rapporto qualità-prezzo","Le 9 migliori destinazioni da Timisoara Traian Vuia Airport, Timisoara: voli diretti ordinati per rapporto qualità-prezzo e chilometri per euro, non solo per prezzo. Tariffe reali rilevate il 2026-09-14.",9,376,14,13,17,2,2026-09-14,0.7,3,INDEXABLE_OK,Valido
https://efficiency-life.com/da/tun/,airport_it,200,https://efficiency-life.com/da/tun/,True,"index, follow",none,"Migliori voli da Tunis Carthage Intl, Tunisi per rapporto qualità-prezzo | TUN","I voli da Tunis Carthage Intl, Tunisi con il miglior rapporto qualità-prezzo","Le 33 migliori destinazioni da Tunis Carthage Intl, Tunisi: voli diretti ordinati per rapporto qualità-prezzo e chilometri per euro, non solo per prezzo. Tariffe reali rilevate il 2026-09-14.",33,419,17,16,17,2,2026-09-14,0.7,3,INDEXABLE_OK,Valido
https://efficiency-life.com/da/tus/,airport_it,200,https://efficiency-life.com/da/tus/,True,"index, follow",none,"Migliori voli da Tucson Intl, Tucson per rapporto qualità-prezzo | TUS","I voli da Tucson Intl, Tucson con il miglior rapporto qualità-prezzo","Le 6 migliori destinazioni da Tucson Intl, Tucson: voli diretti ordinati per rapporto qualità-prezzo e chilometri per euro, non solo per prezzo. Tariffe reali rilevate il 2026-09-14.",6,342,8,7,17,2,2026-09-14,0.7,3,INDEXABLE_OK,Valido
https://efficiency-life.com/da/tuu/,airport_it,200,https://efficiency-life.com/da/tuu/,True,"index, follow",none,"Migliori voli da Tabuk Airport, TUU per rapporto qualità-prezzo | TUU","I voli da Tabuk Airport, TUU con il miglior rapporto qualità-prezzo","Le 6 migliori destinazioni da Tabuk Airport, TUU: voli diretti ordinati per rapporto qualità-prezzo e chilometri per euro, non solo per prezzo. Tariffe reali rilevate il 2026-09-14.",6,337,13,12,17,2,2026-09-14,0.7,3,INDEXABLE_OK,Valido
https://efficiency-life.com/da/tys/,airport_it,200,https://efficiency-life.com/da/tys/,True,"index, follow",none,"Migliori voli da McGhee Tyson Airport, McGhee Tyson Airport per rapporto qualità-prezzo | TYS","I voli da McGhee Tyson Airport, McGhee Tyson Airport con il miglior rapporto qualità-prezzo","Le 7 migliori destinazioni da McGhee Tyson Airport, McGhee Tyson Airport: voli diretti ordinati per rapporto qualità-prezzo e chilometri per euro, non solo per prezzo. Tariffe reali rilevate il 2026-09-14.",7,359,15,14,17,2,2026-09-14,0.7,3,INDEXABLE_OK,Valido
https://efficiency-life.com/da/tzx/,airport_it,200,https://efficiency-life.com/da/tzx/,True,"index, follow",none,"Migliori voli da Trabzon Intl, Trabzon per rapporto qualità-prezzo | TZX","I voli da Trabzon Intl, Trabzon con il miglior rapporto qualità-prezzo","Le 10 migliori destinazioni da Trabzon Intl, Trabzon: voli diretti ordinati per rapporto qualità-prezzo e chilometri per euro, non solo per prezzo. Tariffe reali rilevate il 2026-09-14.",10,391,17,16,17,2,2026-09-14,0.7,3,INDEXABLE_OK,Valido
https://efficiency-life.com/da/ubn/,airport_it,200,https://efficiency-life.com/da/ubn/,True,"index, follow",none,"Migliori voli da Chinggis Khaan Intl, Ulaanbaatar per rapporto qualità-prezzo | UBN","I voli da Chinggis Khaan Intl, Ulaanbaatar con il miglior rapporto qualità-prezzo","Le 22 migliori destinazioni da Chinggis Khaan Intl, Ulaanbaatar: voli diretti ordinati per rapporto qualità-prezzo e chilometri per euro, non solo per prezzo. Tariffe reali rilevate il 2026-09-14.",22,425,6,5,17,2,2026-09-14,0.7,3,INDEXABLE_OK,Valido
https://efficiency-life.com/da/ufa/,airport_it,200,https://efficiency-life.com/da/ufa/,True,"index, follow",none,"Migliori voli da Ufa Intl, Ufa per rapporto qualità-prezzo | UFA","I voli da Ufa Intl, Ufa con il miglior rapporto qualità-prezzo","Le 50 migliori destinazioni da Ufa Intl, Ufa: voli diretti ordinati per rapporto qualità-prezzo e chilometri per euro, non solo per prezzo. Tariffe reali rilevate il 2026-09-14.",50,437,15,14,17,2,2026-09-14,0.7,3,INDEXABLE_OK,Valido
https://efficiency-life.com/da/ugc/,airport_it,200,https://efficiency-life.com/da/ugc/,True,"index, follow",none,"Migliori voli da Urgench Airport, Urgench Airport per rapporto qualità-prezzo | UGC","I voli da Urgench Airport, Urgench Airport con il miglior rapporto qualità-prezzo","Le 9 migliori destinazioni da Urgench Airport, Urgench Airport: voli diretti ordinati per rapporto qualità-prezzo e chilometri per euro, non solo per prezzo. Tariffe reali rilevate il 2026-09-14.",9,374,13,12,17,2,2026-09-14,0.7,3,INDEXABLE_OK,Valido
https://efficiency-life.com/da/uio/,airport_it,200,https://efficiency-life.com/da/uio/,True,"index, follow",none,"Migliori voli da Nuevo Aeropuerto Internacional Mariscal Sucre, Quito per rapporto qualità-prezzo | UIO","I voli da Nuevo Aeropuerto Internacional Mariscal Sucre, Quito con il miglior rapporto qualità-prezzo","Le 14 migliori destinazioni da Nuevo Aeropuerto Internacional Mariscal Sucre, Quito: voli diretti ordinati per rapporto qualità-prezzo e chilometri per euro, non solo per prezzo. Tariffe reali rilevate il 2026-09-14.",14,431,11,10,17,2,2026-09-14,0.7,3,INDEXABLE_OK,Valido
https://efficiency-life.com/da/ukb/,airport_it,200,https://efficiency-life.com/da/ukb/,True,"index, follow",none,"Migliori voli da Kobe Airport, Kobe Airport per rapporto qualità-prezzo | UKB","I voli da Kobe Airport, Kobe Airport con il miglior rapporto qualità-prezzo","Le 10 migliori destinazioni da Kobe Airport, Kobe Airport: voli diretti ordinati per rapporto qualità-prezzo e chilometri per euro, non solo per prezzo. Tariffe reali rilevate il 2026-09-14.",10,385,13,12,17,2,2026-09-14,0.7,3,INDEXABLE_OK,Valido
https://efficiency-life.com/da/ura/,airport_it,200,https://efficiency-life.com/da/ura/,True,"index, follow",none,"Migliori voli da Uralsk Airport, Uralsk Airport per rapporto qualità-prezzo | URA","I voli da Uralsk Airport, Uralsk Airport con il miglior rapporto qualità-prezzo","Le 9 migliori destinazioni da Uralsk Airport, Uralsk Airport: voli diretti ordinati per rapporto qualità-prezzo e chilometri per euro, non solo per prezzo. Tariffe reali rilevate il 2026-09-14.",9,381,12,11,17,2,2026-09-14,0.7,3,INDEXABLE_OK,Valido
https://efficiency-life.com/da/urc/,airport_it,200,https://efficiency-life.com/da/urc/,True,"index, follow",none,"Migliori voli da Urumqi Diwopu Intl, Urumqi per rapporto qualità-prezzo | URC","I voli da Urumqi Diwopu Intl, Urumqi con il miglior rapporto qualità-prezzo","Le 47 migliori destinazioni da Urumqi Diwopu Intl, Urumqi: voli diretti ordinati per rapporto qualità-prezzo e chilometri per euro, non solo per prezzo. Tariffe reali rilevate il 2026-09-14.",47,431,6,5,17,2,2026-09-14,0.7,3,INDEXABLE_OK,Valido
https://efficiency-life.com/da/usm/,airport_it,200,https://efficiency-life.com/da/usm/,True,"index, follow",none,"Migliori voli da Samui Airport, Na Thon (Ko Samui Island) per rapporto qualità-prezzo | USM","I voli da Samui Airport, Na Thon (Ko Samui Island) con il miglior rapporto qualità-prezzo","Le 8 migliori destinazioni da Samui Airport, Na Thon (Ko Samui Island): voli diretti ordinati per rapporto qualità-prezzo e chilometri per euro, non solo per prezzo. Tariffe reali rilevate il 2026-09-14.",8,377,18,17,17,2,2026-09-14,0.7,3,INDEXABLE_OK,Valido
https://efficiency-life.com/da/uua/,airport_it,200,https://efficiency-life.com/da/uua/,True,"index, follow",none,"Migliori voli da Bugulma Airport, Bugulma Airport per rapporto qualità-prezzo | UUA","I voli da Bugulma Airport, Bugulma Airport con il miglior rapporto qualità-prezzo","Le 6 migliori destinazioni da Bugulma Airport, Bugulma Airport: voli diretti ordinati per rapporto qualità-prezzo e chilometri per euro, non solo per prezzo. Tariffe reali rilevate il 2026-09-14.",6,339,16,15,17,2,2026-09-14,0.7,3,INDEXABLE_OK,Valido
https://efficiency-life.com/da/uud/,airport_it,200,https://efficiency-life.com/da/uud/,True,"index, follow",none,"Migliori voli da Ulan-Ude Airport, Ulan-Ude Airport per rapporto qualità-prezzo | UUD","I voli da Ulan-Ude Airport, Ulan-Ude Airport con il miglior rapporto qualità-prezzo","Le 19 migliori destinazioni da Ulan-Ude Airport, Ulan-Ude Airport: voli diretti ordinati per rapporto qualità-prezzo e chilometri per euro, non solo per prezzo. Tariffe reali rilevate il 2026-09-14.",19,441,17,16,18,2,2026-09-14,0.7,3,INDEXABLE_OK,Valido
https://efficiency-life.com/da/uus/,airport_it,200,https://efficiency-life.com/da/uus/,True,"index, follow",none,"Migliori voli da Yuzhno-Sakhalinsk Airport, Yuzhno-Sakhalinsk Airport per rapporto qualità-prezzo | UUS","I voli da Yuzhno-Sakhalinsk Airport, Yuzhno-Sakhalinsk Airport con il miglior rapporto qualità-prezzo","Le 18 migliori destinazioni da Yuzhno-Sakhalinsk Airport, Yuzhno-Sakhalinsk Airport: voli diretti ordinati per rapporto qualità-prezzo e chilometri per euro, non solo per prezzo. Tariffe reali rilevate il 2026-09-14.",18,434,9,8,17,2,2026-09-14,0.7,3,INDEXABLE_OK,Valido
https://efficiency-life.com/da/var/,airport_it,200,https://efficiency-life.com/da/var/,True,"index, follow",none,"Migliori voli da Varna Airport, Varna per rapporto qualità-prezzo | VAR","I voli da Varna Airport, Varna con il miglior rapporto qualità-prezzo","Le 23 migliori destinazioni da Varna Airport, Varna: voli diretti ordinati per rapporto qualità-prezzo e chilometri per euro, non solo per prezzo. Tariffe reali rilevate il 2026-09-14.",23,421,12,11,17,2,2026-09-14,0.7,3,INDEXABLE_OK,Valido
https://efficiency-life.com/da/vce/,airport_it,200,https://efficiency-life.com/da/vce/,True,"index, follow",none,"Migliori voli da Venezia / Tessera -  Marco Polo Airport, Venezia per rapporto qualità-prezzo | VCE","I voli da Venezia / Tessera -  Marco Polo Airport, Venezia con il miglior rapporto qualità-prezzo","Le 74 migliori destinazioni da Venezia / Tessera -  Marco Polo Airport, Venezia: voli diretti ordinati per rapporto qualità-prezzo e chilometri per euro, non solo per prezzo. Tariffe reali rilevate il 2026-09-14.",74,437,17,16,17,2,2026-09-14,0.7,3,INDEXABLE_OK,Valido
https://efficiency-life.com/da/vcp/,airport_it,200,https://efficiency-life.com/da/vcp/,True,"index, follow",none,"Migliori voli da Viracopos Intl, Campinas per rapporto qualità-prezzo | VCP","I voli da Viracopos Intl, Campinas con il miglior rapporto qualità-prezzo","Le 43 migliori destinazioni da Viracopos Intl, Campinas: voli diretti ordinati per rapporto qualità-prezzo e chilometri per euro, non solo per prezzo. Tariffe reali rilevate il 2026-09-14.",43,423,21,20,17,2,2026-09-14,0.7,3,INDEXABLE_OK,Valido
https://efficiency-life.com/da/vie/,airport_it,200,https://efficiency-life.com/da/vie/,True,"index, follow",none,"Migliori voli da Vienna Intl, Vienna per rapporto qualità-prezzo | VIE","I voli da Vienna Intl, Vienna con il miglior rapporto qualità-prezzo","Le 136 migliori destinazioni da Vienna Intl, Vienna: voli diretti ordinati per rapporto qualità-prezzo e chilometri per euro, non solo per prezzo. Tariffe reali rilevate il 2026-09-14.",136,419,12,11,17,2,2026-09-14,0.7,3,INDEXABLE_OK,Valido
https://efficiency-life.com/da/vix/,airport_it,200,https://efficiency-life.com/da/vix/,True,"index, follow",none,"Migliori voli da Eurico de Aguiar Salles Airport, Vitoria per rapporto qualità-prezzo | VIX","I voli da Eurico de Aguiar Salles Airport, Vitoria con il miglior rapporto qualità-prezzo","Le 6 migliori destinazioni da Eurico de Aguiar Salles Airport, Vitoria: voli diretti ordinati per rapporto qualità-prezzo e chilometri per euro, non solo per prezzo. Tariffe reali rilevate il 2026-09-14.",6,346,21,20,17,2,2026-09-14,0.7,3,INDEXABLE_OK,Valido
https://efficiency-life.com/da/vko/,airport_it,200,https://efficiency-life.com/da/vko/,True,"index, follow",none,"Migliori voli da Vnukovo Intl, Mosca per rapporto qualità-prezzo | VKO","I voli da Vnukovo Intl, Mosca con il miglior rapporto qualità-prezzo","Le 54 migliori destinazioni da Vnukovo Intl, Mosca: voli diretti ordinati per rapporto qualità-prezzo e chilometri per euro, non solo per prezzo. Tariffe reali rilevate il 2026-09-14.",54,434,14,13,17,2,2026-09-14,0.7,3,INDEXABLE_OK,Valido
https://efficiency-life.com/da/vlc/,airport_it,200,https://efficiency-life.com/da/vlc/,True,"index, follow",none,"Migliori voli da Valencia Airport, Valencia per rapporto qualità-prezzo | VLC","I voli da Valencia Airport, Valencia con il miglior rapporto qualità-prezzo","Le 76 migliori destinazioni da Valencia Airport, Valencia: voli diretti ordinati per rapporto qualità-prezzo e chilometri per euro, non solo per prezzo. Tariffe reali rilevate il 2026-09-14.",76,426,22,21,17,2,2026-09-14,0.7,3,INDEXABLE_OK,Valido
https://efficiency-life.com/da/vno/,airport_it,200,https://efficiency-life.com/da/vno/,True,"index, follow",none,"Migliori voli da Vilnius Intl, Vilnius per rapporto qualità-prezzo | VNO","I voli da Vilnius Intl, Vilnius con il miglior rapporto qualità-prezzo","Le 58 migliori destinazioni da Vilnius Intl, Vilnius: voli diretti ordinati per rapporto qualità-prezzo e chilometri per euro, non solo per prezzo. Tariffe reali rilevate il 2026-09-14.",58,418,9,8,17,2,2026-09-14,0.7,3,INDEXABLE_OK,Valido
https://efficiency-life.com/da/vog/,airport_it,200,https://efficiency-life.com/da/vog/,True,"index, follow",none,"Migliori voli da Volgograd International Airport, Volgograd International Airport per rapporto qualità-prezzo | VOG","I voli da Volgograd International Airport, Volgograd International Airport con il miglior rapporto qualità-prezzo","Le 11 migliori destinazioni da Volgograd International Airport, Volgograd International Airport: voli diretti ordinati per rapporto qualità-prezzo e chilometri per euro, non solo per prezzo. Tariffe reali rilevate il 2026-09-14.",11,421,11,10,17,2,2026-09-14,0.7,3,INDEXABLE_OK,Valido
https://efficiency-life.com/da/vrn/,airport_it,200,https://efficiency-life.com/da/vrn/,True,"index, follow",none,"Migliori voli da Verona / Villafranca Airport, Verona per rapporto qualità-prezzo | VRN","I voli da Verona / Villafranca Airport, Verona con il miglior rapporto qualità-prezzo","Le 24 migliori destinazioni da Verona / Villafranca Airport, Verona: voli diretti ordinati per rapporto qualità-prezzo e chilometri per euro, non solo per prezzo. Tariffe reali rilevate il 2026-09-14.",24,428,17,16,17,2,2026-09-14,0.7,3,INDEXABLE_OK,Valido
https://efficiency-life.com/da/vte/,airport_it,200,https://efficiency-life.com/da/vte/,True,"index, follow",none,"Migliori voli da Wattay Intl, Vientiane per rapporto qualità-prezzo | VTE","I voli da Wattay Intl, Vientiane con il miglior rapporto qualità-prezzo","Le 10 migliori destinazioni da Wattay Intl, Vientiane: voli diretti ordinati per rapporto qualità-prezzo e chilometri per euro, non solo per prezzo. Tariffe reali rilevate il 2026-09-14.",10,391,13,12,17,2,2026-09-14,0.7,3,INDEXABLE_OK,Valido
https://efficiency-life.com/da/vvi/,airport_it,200,https://efficiency-life.com/da/vvi/,True,"index, follow",none,"Migliori voli da Viru Viru Intl, Santa Cruz per rapporto qualità-prezzo | VVI","I voli da Viru Viru Intl, Santa Cruz con il miglior rapporto qualità-prezzo","Le 7 migliori destinazioni da Viru Viru Intl, Santa Cruz: voli diretti ordinati per rapporto qualità-prezzo e chilometri per euro, non solo per prezzo. Tariffe reali rilevate il 2026-09-14.",7,354,8,7,17,2,2026-09-14,0.7,3,INDEXABLE_OK,Valido
https://efficiency-life.com/da/vvo/,airport_it,200,https://efficiency-life.com/da/vvo/,True,"index, follow",none,"Migliori voli da Vladivostok International Airport, Vladivostok International Airport per rapporto qualità-prezzo | VVO","I voli da Vladivostok International Airport, Vladivostok International Airport con il miglior rapporto qualità-prezzo","Le 36 migliori destinazioni da Vladivostok International Airport, Vladivostok International Airport: voli diretti ordinati per rapporto qualità-prezzo e chilometri per euro, non solo per prezzo. Tariffe reali rilevate il 2026-09-14.",36,438,11,10,17,2,2026-09-14,0.7,3,INDEXABLE_OK,Valido
https://efficiency-life.com/da/waw/,airport_it,200,https://efficiency-life.com/da/waw/,True,"index, follow",none,"Migliori voli da Warsaw Chopin Airport, Varsavia per rapporto qualità-prezzo | WAW","I voli da Warsaw Chopin Airport, Varsavia con il miglior rapporto qualità-prezzo","Le 143 migliori destinazioni da Warsaw Chopin Airport, Varsavia: voli diretti ordinati per rapporto qualità-prezzo e chilometri per euro, non solo per prezzo. Tariffe reali rilevate il 2026-09-14.",143,422,14,13,17,2,2026-09-14,0.7,3,INDEXABLE_OK,Valido
https://efficiency-life.com/da/wdh/,airport_it,200,https://efficiency-life.com/da/wdh/,True,"index, follow",none,"Migliori voli da Hosea Kutako Intl, Windhoek per rapporto qualità-prezzo | WDH","I voli da Hosea Kutako Intl, Windhoek con il miglior rapporto qualità-prezzo","Le 7 migliori destinazioni da Hosea Kutako Intl, Windhoek: voli diretti ordinati per rapporto qualità-prezzo e chilometri per euro, non solo per prezzo. Tariffe reali rilevate il 2026-09-14.",7,356,10,9,17,2,2026-09-14,0.7,3,INDEXABLE_OK,Valido
https://efficiency-life.com/da/weh/,airport_it,200,https://efficiency-life.com/da/weh/,True,"index, follow",none,"Migliori voli da Weihai International Airport, Weihai International Airport per rapporto qualità-prezzo | WEH","I voli da Weihai International Airport, Weihai International Airport con il miglior rapporto qualità-prezzo","Le 6 migliori destinazioni da Weihai International Airport, Weihai International Airport: voli diretti ordinati per rapporto qualità-prezzo e chilometri per euro, non solo per prezzo. Tariffe reali rilevate il 2026-09-14.",6,334,23,22,17,2,2026-09-14,0.7,3,INDEXABLE_OK,Valido
https://efficiency-life.com/da/wil/,airport_it,200,https://efficiency-life.com/da/wil/,True,"index, follow",none,"Migliori voli da Wilson Airport, Wilson Airport per rapporto qualità-prezzo | WIL","I voli da Wilson Airport, Wilson Airport con il miglior rapporto qualità-prezzo","Le 9 migliori destinazioni da Wilson Airport, Wilson Airport: voli diretti ordinati per rapporto qualità-prezzo e chilometri per euro, non solo per prezzo. Tariffe reali rilevate il 2026-09-14.",9,382,16,15,17,2,2026-09-14,0.7,3,INDEXABLE_OK,Valido
https://efficiency-life.com/da/wlg/,airport_it,200,https://efficiency-life.com/da/wlg/,True,"index, follow",none,"Migliori voli da Wellington Intl, Wellington per rapporto qualità-prezzo | WLG","I voli da Wellington Intl, Wellington con il miglior rapporto qualità-prezzo","Le 6 migliori destinazioni da Wellington Intl, Wellington: voli diretti ordinati per rapporto qualità-prezzo e chilometri per euro, non solo per prezzo. Tariffe reali rilevate il 2026-09-14.",6,324,12,11,17,2,2026-09-14,0.7,3,INDEXABLE_OK,Valido
https://efficiency-life.com/da/wmi/,airport_it,200,https://efficiency-life.com/da/wmi/,True,"index, follow",none,"Migliori voli da Warsaw Modlin Airport, Varsavia per rapporto qualità-prezzo | WMI","I voli da Warsaw Modlin Airport, Varsavia con il miglior rapporto qualità-prezzo","Le 54 migliori destinazioni da Warsaw Modlin Airport, Varsavia: voli diretti ordinati per rapporto qualità-prezzo e chilometri per euro, non solo per prezzo. Tariffe reali rilevate il 2026-09-14.",54,424,15,14,17,2,2026-09-14,0.7,3,INDEXABLE_OK,Valido
https://efficiency-life.com/da/wnz/,airport_it,200,https://efficiency-life.com/da/wnz/,True,"index, follow",none,"Migliori voli da Wenzhou Yongqiang Airport, Wenzhou per rapporto qualità-prezzo | WNZ","I voli da Wenzhou Yongqiang Airport, Wenzhou con il miglior rapporto qualità-prezzo","Le 8 migliori destinazioni da Wenzhou Yongqiang Airport, Wenzhou: voli diretti ordinati per rapporto qualità-prezzo e chilometri per euro, non solo per prezzo. Tariffe reali rilevate il 2026-09-14.",8,355,16,15,17,2,2026-09-14,0.7,3,INDEXABLE_OK,Valido
https://efficiency-life.com/da/wro/,airport_it,200,https://efficiency-life.com/da/wro/,True,"index, follow",none,"Migliori voli da Copernicus Wrocław Airport, Wrocław per rapporto qualità-prezzo | WRO","I voli da Copernicus Wrocław Airport, Wrocław con il miglior rapporto qualità-prezzo","Le 55 migliori destinazioni da Copernicus Wrocław Airport, Wrocław: voli diretti ordinati per rapporto qualità-prezzo e chilometri per euro, non solo per prezzo. Tariffe reali rilevate il 2026-09-14.",55,420,15,14,17,2,2026-09-14,0.7,3,INDEXABLE_OK,Valido
https://efficiency-life.com/da/wuh/,airport_it,200,https://efficiency-life.com/da/wuh/,True,"index, follow",none,"Migliori voli da Wuhan Tianhe Intl, Wuhan per rapporto qualità-prezzo | WUH","I voli da Wuhan Tianhe Intl, Wuhan con il miglior rapporto qualità-prezzo","Le 18 migliori destinazioni da Wuhan Tianhe Intl, Wuhan: voli diretti ordinati per rapporto qualità-prezzo e chilometri per euro, non solo per prezzo. Tariffe reali rilevate il 2026-09-14.",18,416,23,22,17,2,2026-09-14,0.7,3,INDEXABLE_OK,Valido
https://efficiency-life.com/da/xiy/,airport_it,200,https://efficiency-life.com/da/xiy/,True,"index, follow",none,"Migliori voli da Xianyang, Xi'an per rapporto qualità-prezzo | XIY","I voli da Xianyang, Xi'an con il miglior rapporto qualità-prezzo","Le 52 migliori destinazioni da Xianyang, Xi'an: voli diretti ordinati per rapporto qualità-prezzo e chilometri per euro, non solo per prezzo. Tariffe reali rilevate il 2026-09-14.",52,415,19,18,17,2,2026-09-14,0.7,3,INDEXABLE_OK,Valido
https://efficiency-life.com/da/xmn/,airport_it,200,https://efficiency-life.com/da/xmn/,True,"index, follow",none,"Migliori voli da Xiamen Gaoqi Intl, Xiamen per rapporto qualità-prezzo | XMN","I voli da Xiamen Gaoqi Intl, Xiamen con il miglior rapporto qualità-prezzo","Le 16 migliori destinazioni da Xiamen Gaoqi Intl, Xiamen: voli diretti ordinati per rapporto qualità-prezzo e chilometri per euro, non solo per prezzo. Tariffe reali rilevate il 2026-09-14.",16,417,24,23,17,2,2026-09-14,0.7,3,INDEXABLE_OK,Valido
https://efficiency-life.com/da/yeg/,airport_it,200,https://efficiency-life.com/da/yeg/,True,"index, follow",none,"Migliori voli da Edmonton Intl, Edmonton per rapporto qualità-prezzo | YEG","I voli da Edmonton Intl, Edmonton con il miglior rapporto qualità-prezzo","Le 20 migliori destinazioni da Edmonton Intl, Edmonton: voli diretti ordinati per rapporto qualità-prezzo e chilometri per euro, non solo per prezzo. Tariffe reali rilevate il 2026-09-14.",20,430,12,11,18,2,2026-09-14,0.7,3,INDEXABLE_OK,Valido
https://efficiency-life.com/da/yhm/,airport_it,200,https://efficiency-life.com/da/yhm/,True,"index, follow",none,"Migliori voli da Hamilton Airport, Hamilton Airport per rapporto qualità-prezzo | YHM","I voli da Hamilton Airport, Hamilton Airport con il miglior rapporto qualità-prezzo","Le 11 migliori destinazioni da Hamilton Airport, Hamilton Airport: voli diretti ordinati per rapporto qualità-prezzo e chilometri per euro, non solo per prezzo. Tariffe reali rilevate il 2026-09-14.",11,413,17,16,17,2,2026-09-14,0.7,3,INDEXABLE_OK,Valido
https://efficiency-life.com/da/yhu/,airport_it,200,https://efficiency-life.com/da/yhu/,True,"index, follow",none,"Migliori voli da St. Hubert Airport, St. Hubert Airport per rapporto qualità-prezzo | YHU","I voli da St. Hubert Airport, St. Hubert Airport con il miglior rapporto qualità-prezzo","Le 6 migliori destinazioni da St. Hubert Airport, St. Hubert Airport: voli diretti ordinati per rapporto qualità-prezzo e chilometri per euro, non solo per prezzo. Tariffe reali rilevate il 2026-09-14.",6,339,13,12,17,2,2026-09-14,0.7,3,INDEXABLE_OK,Valido
https://efficiency-life.com/da/yhz/,airport_it,200,https://efficiency-life.com/da/yhz/,True,"index, follow",none,"Migliori voli da Halifax Robert L. Stanfield Intl, Halifax per rapporto qualità-prezzo | YHZ","I voli da Halifax Robert L. Stanfield Intl, Halifax con il miglior rapporto qualità-prezzo","Le 10 migliori destinazioni da Halifax Robert L. Stanfield Intl, Halifax: voli diretti ordinati per rapporto qualità-prezzo e chilometri per euro, non solo per prezzo. Tariffe reali rilevate il 2026-09-14.",10,410,12,11,17,2,2026-09-14,0.7,3,INDEXABLE_OK,Valido
https://efficiency-life.com/da/yin/,airport_it,200,https://efficiency-life.com/da/yin/,True,"index, follow",none,"Migliori voli da Yining Airport, Yining Airport per rapporto qualità-prezzo | YIN","I voli da Yining Airport, Yining Airport con il miglior rapporto qualità-prezzo","Le 13 migliori destinazioni da Yining Airport, Yining Airport: voli diretti ordinati per rapporto qualità-prezzo e chilometri per euro, non solo per prezzo. Tariffe reali rilevate il 2026-09-14.",13,421,9,8,17,2,2026-09-14,0.7,3,INDEXABLE_OK,Valido
https://efficiency-life.com/da/yiw/,airport_it,200,https://efficiency-life.com/da/yiw/,True,"index, follow",none,"Migliori voli da Yiwu Airport, Yiwu Airport per rapporto qualità-prezzo | YIW","I voli da Yiwu Airport, Yiwu Airport con il miglior rapporto qualità-prezzo","Le 11 migliori destinazioni da Yiwu Airport, Yiwu Airport: voli diretti ordinati per rapporto qualità-prezzo e chilometri per euro, non solo per prezzo. Tariffe reali rilevate il 2026-09-14.",11,398,16,15,17,2,2026-09-14,0.7,3,INDEXABLE_OK,Valido
https://efficiency-life.com/da/yks/,airport_it,200,https://efficiency-life.com/da/yks/,True,"index, follow",none,"Migliori voli da Yakutsk Airport, Yakutsk Airport per rapporto qualità-prezzo | YKS","I voli da Yakutsk Airport, Yakutsk Airport con il miglior rapporto qualità-prezzo","Le 32 migliori destinazioni da Yakutsk Airport, Yakutsk Airport: voli diretti ordinati per rapporto qualità-prezzo e chilometri per euro, non solo per prezzo. Tariffe reali rilevate il 2026-09-14.",32,429,11,10,17,2,2026-09-14,0.7,3,INDEXABLE_OK,Valido
https://efficiency-life.com/da/ylw/,airport_it,200,https://efficiency-life.com/da/ylw/,True,"index, follow",none,"Migliori voli da Kelowna Airport, Kelowna per rapporto qualità-prezzo | YLW","I voli da Kelowna Airport, Kelowna con il miglior rapporto qualità-prezzo","Le 6 migliori destinazioni da Kelowna Airport, Kelowna: voli diretti ordinati per rapporto qualità-prezzo e chilometri per euro, non solo per prezzo. Tariffe reali rilevate il 2026-09-14.",6,335,13,12,18,2,2026-09-14,0.7,3,INDEXABLE_OK,Valido
https://efficiency-life.com/da/ynj/,airport_it,200,https://efficiency-life.com/da/ynj/,True,"index, follow",none,"Migliori voli da Yanji Chaoyangchuan Airport, Yanji Chaoyangchuan Airport per rapporto qualità-prezzo | YNJ","I voli da Yanji Chaoyangchuan Airport, Yanji Chaoyangchuan Airport con il miglior rapporto qualità-prezzo","Le 8 migliori destinazioni da Yanji Chaoyangchuan Airport, Yanji Chaoyangchuan Airport: voli diretti ordinati per rapporto qualità-prezzo e chilometri per euro, non solo per prezzo. Tariffe reali rilevate il 2026-09-14.",8,374,14,13,17,2,2026-09-14,0.7,3,INDEXABLE_OK,Valido
https://efficiency-life.com/da/yow/,airport_it,200,https://efficiency-life.com/da/yow/,True,"index, follow",none,"Migliori voli da Ottawa / Macdonald-Cartier Intl, Ottawa per rapporto qualità-prezzo | YOW","I voli da Ottawa / Macdonald-Cartier Intl, Ottawa con il miglior rapporto qualità-prezzo","Le 12 migliori destinazioni da Ottawa / Macdonald-Cartier Intl, Ottawa: voli diretti ordinati per rapporto qualità-prezzo e chilometri per euro, non solo per prezzo. Tariffe reali rilevate il 2026-09-14.",12,429,14,13,17,2,2026-09-14,0.7,3,INDEXABLE_OK,Valido
https://efficiency-life.com/da/ytz/,airport_it,200,https://efficiency-life.com/da/ytz/,True,"index, follow",none,"Migliori voli da Toronto City Centre Airport, Toronto City Centre Airport per rapporto qualità-prezzo | YTZ","I voli da Toronto City Centre Airport, Toronto City Centre Airport con il miglior rapporto qualità-prezzo","Le 16 migliori destinazioni da Toronto City Centre Airport, Toronto City Centre Airport: voli diretti ordinati per rapporto qualità-prezzo e chilometri per euro, non solo per prezzo. Tariffe reali rilevate il 2026-09-14.",16,442,15,14,17,2,2026-09-14,0.7,3,INDEXABLE_OK,Valido
https://efficiency-life.com/da/yul/,airport_it,200,https://efficiency-life.com/da/yul/,True,"index, follow",none,"Migliori voli da Montréal-Pierre Elliott Trudeau Intl, Dorval per rapporto qualità-prezzo | YUL","I voli da Montréal-Pierre Elliott Trudeau Intl, Dorval con il miglior rapporto qualità-prezzo","Le 72 migliori destinazioni da Montréal-Pierre Elliott Trudeau Intl, Dorval: voli diretti ordinati per rapporto qualità-prezzo e chilometri per euro, non solo per prezzo. Tariffe reali rilevate il 2026-09-14.",72,427,13,12,17,2,2026-09-14,0.7,3,INDEXABLE_OK,Valido
https://efficiency-life.com/da/yvr/,airport_it,200,https://efficiency-life.com/da/yvr/,True,"index, follow",none,"Migliori voli da Vancouver Intl, Richmond per rapporto qualità-prezzo | YVR","I voli da Vancouver Intl, Richmond con il miglior rapporto qualità-prezzo","Le 55 migliori destinazioni da Vancouver Intl, Richmond: voli diretti ordinati per rapporto qualità-prezzo e chilometri per euro, non solo per prezzo. Tariffe reali rilevate il 2026-09-14.",55,440,12,11,18,2,2026-09-14,0.7,3,INDEXABLE_OK,Valido
https://efficiency-life.com/da/ywg/,airport_it,200,https://efficiency-life.com/da/ywg/,True,"index, follow",none,"Migliori voli da Winnipeg James Armstrong Richardson Intl, Winnipeg per rapporto qualità-prezzo | YWG","I voli da Winnipeg James Armstrong Richardson Intl, Winnipeg con il miglior rapporto qualità-prezzo","Le 12 migliori destinazioni da Winnipeg James Armstrong Richardson Intl, Winnipeg: voli diretti ordinati per rapporto qualità-prezzo e chilometri per euro, non solo per prezzo. Tariffe reali rilevate il 2026-09-14.",12,435,13,12,17,2,2026-09-14,0.7,3,INDEXABLE_OK,Valido
https://efficiency-life.com/da/yyc/,airport_it,200,https://efficiency-life.com/da/yyc/,True,"index, follow",none,"Migliori voli da Calgary Intl, Calgary per rapporto qualità-prezzo | YYC","I voli da Calgary Intl, Calgary con il miglior rapporto qualità-prezzo","Le 48 migliori destinazioni da Calgary Intl, Calgary: voli diretti ordinati per rapporto qualità-prezzo e chilometri per euro, non solo per prezzo. Tariffe reali rilevate il 2026-09-14.",48,431,13,12,17,2,2026-09-14,0.7,3,INDEXABLE_OK,Valido
https://efficiency-life.com/da/yyz/,airport_it,200,https://efficiency-life.com/da/yyz/,True,"index, follow",none,"Migliori voli da Toronto Pearson Intl, Mississauga per rapporto qualità-prezzo | YYZ","I voli da Toronto Pearson Intl, Mississauga con il miglior rapporto qualità-prezzo","Le 120 migliori destinazioni da Toronto Pearson Intl, Mississauga: voli diretti ordinati per rapporto qualità-prezzo e chilometri per euro, non solo per prezzo. Tariffe reali rilevate il 2026-09-14.",120,436,15,14,17,2,2026-09-14,0.7,3,INDEXABLE_OK,Valido
https://efficiency-life.com/da/zag/,airport_it,200,https://efficiency-life.com/da/zag/,True,"index, follow",none,"Migliori voli da Zagreb Airport, Zagabria per rapporto qualità-prezzo | ZAG","I voli da Zagreb Airport, Zagabria con il miglior rapporto qualità-prezzo","Le 38 migliori destinazioni da Zagreb Airport, Zagabria: voli diretti ordinati per rapporto qualità-prezzo e chilometri per euro, non solo per prezzo. Tariffe reali rilevate il 2026-09-14.",38,422,12,11,17,2,2026-09-14,0.7,3,INDEXABLE_OK,Valido
https://efficiency-life.com/da/zia/,airport_it,200,https://efficiency-life.com/da/zia/,True,"index, follow",none,"Migliori voli da Zhukovsky International Airport, Mosca per rapporto qualità-prezzo | ZIA","I voli da Zhukovsky International Airport, Mosca con il miglior rapporto qualità-prezzo","Le 17 migliori destinazioni da Zhukovsky International Airport, Mosca: voli diretti ordinati per rapporto qualità-prezzo e chilometri per euro, non solo per prezzo. Tariffe reali rilevate il 2026-09-14.",17,424,15,14,17,2,2026-09-14,0.7,3,INDEXABLE_OK,Valido
https://efficiency-life.com/da/znz/,airport_it,200,https://efficiency-life.com/da/znz/,True,"index, follow",none,"Migliori voli da Zanzibar Airport, Kiembi Samaki per rapporto qualità-prezzo | ZNZ","I voli da Zanzibar Airport, Kiembi Samaki con il miglior rapporto qualità-prezzo","Le 16 migliori destinazioni da Zanzibar Airport, Kiembi Samaki: voli diretti ordinati per rapporto qualità-prezzo e chilometri per euro, non solo per prezzo. Tariffe reali rilevate il 2026-09-14.",16,424,19,18,17,2,2026-09-14,0.7,3,INDEXABLE_OK,Valido
https://efficiency-life.com/da/zrh/,airport_it,200,https://efficiency-life.com/da/zrh/,True,"index, follow",none,"Migliori voli da Zurich Airport, Zurigo per rapporto qualità-prezzo | ZRH","I voli da Zurich Airport, Zurigo con il miglior rapporto qualità-prezzo","Le 124 migliori destinazioni da Zurich Airport, Zurigo: voli diretti ordinati per rapporto qualità-prezzo e chilometri per euro, non solo per prezzo. Tariffe reali rilevate il 2026-09-14.",124,422,15,14,17,2,2026-09-14,0.7,3,INDEXABLE_OK,Valido
https://efficiency-life.com/flight/,flight_engine,200,https://efficiency-life.com/flight/,True,"index, follow",none,Trova voli diretti per budget e km/€ | Efficiency Life Flight,,Trova voli diretti per budget e km/€ con Efficiency Life Flight: imposta l'aeroporto di partenza e scopri le migliori offerte ordinate per valore reale.,0,97,1355,1354,1,1,2026-09-14,0.9,37,INDEXABLE_OK,Valido
https://efficiency-life.com/from/aba/,airport_en,200,https://efficiency-life.com/from/aba/,True,"index, follow",none,"Best-value flights from Abakan Airport, Abakan Airport | ABA","Best-value flights from Abakan Airport, Abakan Airport","The 10 best destinations from Abakan Airport, Abakan Airport: non-stop return flights ranked by real value and kilometres per euro, not just lowest price. Real fares observed on 2026-09-14.",10,429,15,14,17,2,2026-09-14,0.7,3,INDEXABLE_OK,Valido
https://efficiency-life.com/from/abj/,airport_en,200,https://efficiency-life.com/from/abj/,True,"index, follow",none,"Best-value flights from Port Bouet Airport, Abidjan | ABJ","Best-value flights from Port Bouet Airport, Abidjan","The 17 best destinations from Port Bouet Airport, Abidjan: non-stop return flights ranked by real value and kilometres per euro, not just lowest price. Real fares observed on 2026-09-14.",17,455,16,15,17,2,2026-09-14,0.7,3,INDEXABLE_OK,Valido
https://efficiency-life.com/from/abv/,airport_en,200,https://efficiency-life.com/from/abv/,True,"index, follow",none,"Best-value flights from Nnamdi Azikiwe Intl, Abuja | ABV","Best-value flights from Nnamdi Azikiwe Intl, Abuja","The 12 best destinations from Nnamdi Azikiwe Intl, Abuja: non-stop return flights ranked by real value and kilometres per euro, not just lowest price. Real fares observed on 2026-09-14.",12,459,17,16,17,2,2026-09-14,0.7,3,INDEXABLE_OK,Valido
https://efficiency-life.com/from/abz/,airport_en,200,https://efficiency-life.com/from/abz/,True,"index, follow",none,"Best-value flights from Aberdeen Dyce Airport, Aberdeen | ABZ","Best-value flights from Aberdeen Dyce Airport, Aberdeen","The 6 best destinations from Aberdeen Dyce Airport, Aberdeen: non-stop return flights ranked by real value and kilometres per euro, not just lowest price. Real fares observed on 2026-09-14.",6,351,9,8,18,2,2026-09-14,0.7,3,INDEXABLE_OK,Valido
https://efficiency-life.com/from/acc/,airport_en,200,https://efficiency-life.com/from/acc/,True,"index, follow",none,"Best-value flights from Kotoka Intl, Accra | ACC","Best-value flights from Kotoka Intl, Accra","The 22 best destinations from Kotoka Intl, Accra: non-stop return flights ranked by real value and kilometres per euro, not just lowest price. Real fares observed on 2026-09-14.",22,456,15,14,17,2,2026-09-14,0.7,3,INDEXABLE_OK,Valido
https://efficiency-life.com/from/ace/,airport_en,200,https://efficiency-life.com/from/ace/,True,"index, follow",none,"Best-value flights from Lanzarote Airport, Lanzarote Island | ACE","Best-value flights from Lanzarote Airport, Lanzarote Island","The 7 best destinations from Lanzarote Airport, Lanzarote Island: non-stop return flights ranked by real value and kilometres per euro, not just lowest price. Real fares observed on 2026-09-14.",7,370,7,6,17,2,2026-09-14,0.7,3,INDEXABLE_OK,Valido
https://efficiency-life.com/from/adb/,airport_en,200,https://efficiency-life.com/from/adb/,True,"index, follow",none,"Best-value flights from Adnan Menderes Intl, Izmir | ADB","Best-value flights from Adnan Menderes Intl, Izmir","The 48 best destinations from Adnan Menderes Intl, Izmir: non-stop return flights ranked by real value and kilometres per euro, not just lowest price. Real fares observed on 2026-09-14.",48,476,20,19,17,2,2026-09-14,0.7,3,INDEXABLE_OK,Valido
https://efficiency-life.com/from/add/,airport_en,200,https://efficiency-life.com/from/add/,True,"index, follow",none,"Best-value flights from Bole Intl, Addis Ababa | ADD","Best-value flights from Bole Intl, Addis Ababa","The 38 best destinations from Bole Intl, Addis Ababa: non-stop return flights ranked by real value and kilometres per euro, not just lowest price. Real fares observed on 2026-09-14.",38,472,13,12,17,2,2026-09-14,0.7,3,INDEXABLE_OK,Valido
https://efficiency-life.com/from/adl/,airport_en,200,https://efficiency-life.com/from/adl/,True,"index, follow",none,"Best-value flights from Adelaide Intl, Adelaide | ADL","Best-value flights from Adelaide Intl, Adelaide","The 14 best destinations from Adelaide Intl, Adelaide: non-stop return flights ranked by real value and kilometres per euro, not just lowest price. Real fares observed on 2026-09-14.",14,451,12,11,17,2,2026-09-14,0.7,3,INDEXABLE_OK,Valido
https://efficiency-life.com/from/aep/,airport_en,200,https://efficiency-life.com/from/aep/,True,"index, follow",none,"Best-value flights from Jorge Newbery Airpark, Buenos Aires | AEP","Best-value flights from Jorge Newbery Airpark, Buenos Aires","The 39 best destinations from Jorge Newbery Airpark, Buenos Aires: non-stop return flights ranked by real value and kilometres per euro, not just lowest price. Real fares observed on 2026-09-14.",39,485,7,6,17,2,2026-09-14,0.7,3,INDEXABLE_OK,Valido
https://efficiency-life.com/from/aer/,airport_en,200,https://efficiency-life.com/from/aer/,True,"index, follow",none,"Best-value flights from Sochi Intl, Sochi | AER","Best-value flights from Sochi Intl, Sochi","The 62 best destinations from Sochi Intl, Sochi: non-stop return flights ranked by real value and kilometres per euro, not just lowest price. Real fares observed on 2026-09-14.",62,477,16,15,17,2,2026-09-14,0.7,3,INDEXABLE_OK,Valido
https://efficiency-life.com/from/aga/,airport_en,200,https://efficiency-life.com/from/aga/,True,"index, follow",none,"Best-value flights from Al Massira Airport, Agadir | AGA","Best-value flights from Al Massira Airport, Agadir","The 14 best destinations from Al Massira Airport, Agadir: non-stop return flights ranked by real value and kilometres per euro, not just lowest price. Real fares observed on 2026-09-14.",14,460,17,16,17,2,2026-09-14,0.7,3,INDEXABLE_OK,Valido
https://efficiency-life.com/from/agp/,airport_en,200,https://efficiency-life.com/from/agp/,True,"index, follow",none,"Best-value flights from Malaga Airport, Malaga | AGP","Best-value flights from Malaga Airport, Malaga","The 98 best destinations from Malaga Airport, Malaga: non-stop return flights ranked by real value and kilometres per euro, not just lowest price. Real fares observed on 2026-09-14.",98,458,19,18,17,2,2026-09-14,0.7,3,INDEXABLE_OK,Valido
https://efficiency-life.com/from/ahb/,airport_en,200,https://efficiency-life.com/from/ahb/,True,"index, follow",none,"Best-value flights from Abha Regional Airport, Abha | AHB","Best-value flights from Abha Regional Airport, Abha","The 7 best destinations from Abha Regional Airport, Abha: non-stop return flights ranked by real value and kilometres per euro, not just lowest price. Real fares observed on 2026-09-14.",7,369,8,7,17,2,2026-09-14,0.7,3,INDEXABLE_OK,Valido
https://efficiency-life.com/from/aho/,airport_en,200,https://efficiency-life.com/from/aho/,True,"index, follow",none,"Best-value flights from Alghero / Fertilia Airport, Alghero | AHO","Best-value flights from Alghero / Fertilia Airport, Alghero","The 8 best destinations from Alghero / Fertilia Airport, Alghero: non-stop return flights ranked by real value and kilometres per euro, not just lowest price. Real fares observed on 2026-09-14.",8,382,6,5,17,2,2026-09-14,0.7,3,INDEXABLE_OK,Valido
https://efficiency-life.com/from/akl/,airport_en,200,https://efficiency-life.com/from/akl/,True,"index, follow",none,"Best-value flights from Auckland Intl, Auckland | AKL","Best-value flights from Auckland Intl, Auckland","The 38 best destinations from Auckland Intl, Auckland: non-stop return flights ranked by real value and kilometres per euro, not just lowest price. Real fares observed on 2026-09-14.",38,469,12,11,17,2,2026-09-14,0.7,3,INDEXABLE_OK,Valido
https://efficiency-life.com/from/akx/,airport_en,200,https://efficiency-life.com/from/akx/,True,"index, follow",none,"Best-value flights from Aktobe Airport, Aktobe Airport | AKX","Best-value flights from Aktobe Airport, Aktobe Airport","The 11 best destinations from Aktobe Airport, Aktobe Airport: non-stop return flights ranked by real value and kilometres per euro, not just lowest price. Real fares observed on 2026-09-14.",11,448,12,11,17,2,2026-09-14,0.7,3,INDEXABLE_OK,Valido
https://efficiency-life.com/from/ala/,airport_en,200,https://efficiency-life.com/from/ala/,True,"index, follow",none,"Best-value flights from Almaty Intl, Almaty | ALA","Best-value flights from Almaty Intl, Almaty","The 82 best destinations from Almaty Intl, Almaty: non-stop return flights ranked by real value and kilometres per euro, not just lowest price. Real fares observed on 2026-09-14.",82,475,16,15,18,2,2026-09-14,0.7,3,INDEXABLE_OK,Valido
https://efficiency-life.com/from/alc/,airport_en,200,https://efficiency-life.com/from/alc/,True,"index, follow",none,"Best-value flights from Alicante Intl, Alicante | ALC","Best-value flights from Alicante Intl, Alicante","The 86 best destinations from Alicante Intl, Alicante: non-stop return flights ranked by real value and kilometres per euro, not just lowest price. Real fares observed on 2026-09-14.",86,462,22,21,17,2,2026-09-14,0.7,3,INDEXABLE_OK,Valido
https://efficiency-life.com/from/alg/,airport_en,200,https://efficiency-life.com/from/alg/,True,"index, follow",none,"Best-value flights from Houari Boumediene Airport, Algiers | ALG","Best-value flights from Houari Boumediene Airport, Algiers","The 35 best destinations from Houari Boumediene Airport, Algiers: non-stop return flights ranked by real value and kilometres per euro, not just lowest price. Real fares observed on 2026-09-14.",35,464,17,16,17,2,2026-09-14,0.7,3,INDEXABLE_OK,Valido
https://efficiency-life.com/from/amd/,airport_en,200,https://efficiency-life.com/from/amd/,True,"index, follow",none,"Best-value flights from Sardar Vallabhbhai Patel Intl, Ahmedabad | AMD","Best-value flights from Sardar Vallabhbhai Patel Intl, Ahmedabad","The 13 best destinations from Sardar Vallabhbhai Patel Intl, Ahmedabad: non-stop return flights ranked by real value and kilometres per euro, not just lowest price. Real fares observed on 2026-09-14.",13,468,20,19,18,2,2026-09-14,0.7,3,INDEXABLE_OK,Valido
https://efficiency-life.com/from/amm/,airport_en,200,https://efficiency-life.com/from/amm/,True,"index, follow",none,"Best-value flights from Queen Alia Intl, Amman | AMM","Best-value flights from Queen Alia Intl, Amman","The 47 best destinations from Queen Alia Intl, Amman: non-stop return flights ranked by real value and kilometres per euro, not just lowest price. Real fares observed on 2026-09-14.",47,466,9,8,17,2,2026-09-14,0.7,3,INDEXABLE_OK,Valido
https://efficiency-life.com/from/ams/,airport_en,200,https://efficiency-life.com/from/ams/,True,"index, follow",none,"Best-value flights from Amsterdam Airport Schiphol, Amsterdam | AMS","Best-value flights from Amsterdam Airport Schiphol, Amsterdam","The 202 best destinations from Amsterdam Airport Schiphol, Amsterdam: non-stop return flights ranked by real value and kilometres per euro, not just lowest price. Real fares observed on 2026-09-14.",202,472,15,13,17,1,2026-09-14,0.7,3,INDEXABLE_OK,Valido
https://efficiency-life.com/from/anc/,airport_en,200,https://efficiency-life.com/from/anc/,True,"index, follow",none,"Best-value flights from Ted Stevens Anchorage Intl, Anchorage | ANC","Best-value flights from Ted Stevens Anchorage Intl, Anchorage","The 7 best destinations from Ted Stevens Anchorage Intl, Anchorage: non-stop return flights ranked by real value and kilometres per euro, not just lowest price. Real fares observed on 2026-09-14.",7,386,6,5,17,2,2026-09-14,0.7,3,INDEXABLE_OK,Valido
https://efficiency-life.com/from/arh/,airport_en,200,https://efficiency-life.com/from/arh/,True,"index, follow",none,"Best-value flights from Talagi Airport, Talagi Airport | ARH","Best-value flights from Talagi Airport, Talagi Airport","The 8 best destinations from Talagi Airport, Talagi Airport: non-stop return flights ranked by real value and kilometres per euro, not just lowest price. Real fares observed on 2026-09-14.",8,391,9,8,17,2,2026-09-14,0.7,3,INDEXABLE_OK,Valido
https://efficiency-life.com/from/arn/,airport_en,200,https://efficiency-life.com/from/arn/,True,"index, follow",none,"Best-value flights from Stockholm-Arlanda Airport, Stockholm | ARN","Best-value flights from Stockholm-Arlanda Airport, Stockholm","The 102 best destinations from Stockholm-Arlanda Airport, Stockholm: non-stop return flights ranked by real value and kilometres per euro, not just lowest price. Real fares observed on 2026-09-14.",102,460,12,11,17,2,2026-09-14,0.7,3,INDEXABLE_OK,Valido
https://efficiency-life.com/from/asb/,airport_en,200,https://efficiency-life.com/from/asb/,True,"index, follow",none,"Best-value flights from Ashgabat Airport, Ashgabat | ASB","Best-value flights from Ashgabat Airport, Ashgabat","The 12 best destinations from Ashgabat Airport, Ashgabat: non-stop return flights ranked by real value and kilometres per euro, not just lowest price. Real fares observed on 2026-09-14.",12,457,8,7,17,2,2026-09-14,0.7,3,INDEXABLE_OK,Valido
https://efficiency-life.com/from/asf/,airport_en,200,https://efficiency-life.com/from/asf/,True,"index, follow",none,"Best-value flights from Astrakhan Airport, Astrakhan Airport | ASF","Best-value flights from Astrakhan Airport, Astrakhan Airport","The 10 best destinations from Astrakhan Airport, Astrakhan Airport: non-stop return flights ranked by real value and kilometres per euro, not just lowest price. Real fares observed on 2026-09-14.",10,435,12,11,17,2,2026-09-14,0.7,3,INDEXABLE_OK,Valido
https://efficiency-life.com/from/asu/,airport_en,200,https://efficiency-life.com/from/asu/,True,"index, follow",none,"Best-value flights from Silvio Pettirossi Intl, Asuncion | ASU","Best-value flights from Silvio Pettirossi Intl, Asuncion","The 8 best destinations from Silvio Pettirossi Intl, Asuncion: non-stop return flights ranked by real value and kilometres per euro, not just lowest price. Real fares observed on 2026-09-14.",8,389,9,8,17,2,2026-09-14,0.7,3,INDEXABLE_OK,Valido
https://efficiency-life.com/from/ath/,airport_en,200,https://efficiency-life.com/from/ath/,True,"index, follow",none,"Best-value flights from Eleftherios Venizelos Intl, Athens | ATH","Best-value flights from Eleftherios Venizelos Intl, Athens","The 99 best destinations from Eleftherios Venizelos Intl, Athens: non-stop return flights ranked by real value and kilometres per euro, not just lowest price. Real fares observed on 2026-09-14.",99,462,9,8,17,2,2026-09-14,0.7,3,INDEXABLE_OK,Valido
https://efficiency-life.com/from/atl/,airport_en,200,https://efficiency-life.com/from/atl/,True,"index, follow",none,"Best-value flights from Hartsfield/Jackson Atlanta Intl, Atlanta | ATL","Best-value flights from Hartsfield/Jackson Atlanta Intl, Atlanta","The 58 best destinations from Hartsfield/Jackson Atlanta Intl, Atlanta: non-stop return flights ranked by real value and kilometres per euro, not just lowest price. Real fares observed on 2026-09-14.",58,482,21,20,17,2,2026-09-14,0.7,3,INDEXABLE_OK,Valido
https://efficiency-life.com/from/aua/,airport_en,200,https://efficiency-life.com/from/aua/,True,"index, follow",none,"Best-value flights from Queen Beatrix Intl, Oranjestad | AUA","Best-value flights from Queen Beatrix Intl, Oranjestad","The 8 best destinations from Queen Beatrix Intl, Oranjestad: non-stop return flights ranked by real value and kilometres per euro, not just lowest price. Real fares observed on 2026-09-14.",8,396,20,19,17,2,2026-09-14,0.7,3,INDEXABLE_OK,Valido
https://efficiency-life.com/from/auh/,airport_en,200,https://efficiency-life.com/from/auh/,True,"index, follow",none,"Best-value flights from Abu Dhabi Intl, Abu Dhabi | AUH","Best-value flights from Abu Dhabi Intl, Abu Dhabi","The 103 best destinations from Abu Dhabi Intl, Abu Dhabi: non-stop return flights ranked by real value and kilometres per euro, not just lowest price. Real fares observed on 2026-09-14.",103,470,14,13,17,2,2026-09-14,0.7,3,INDEXABLE_OK,Valido
https://efficiency-life.com/from/aus/,airport_en,200,https://efficiency-life.com/from/aus/,True,"index, follow",none,"Best-value flights from Austin-Bergstrom Intl, Austin | AUS","Best-value flights from Austin-Bergstrom Intl, Austin","The 39 best destinations from Austin-Bergstrom Intl, Austin: non-stop return flights ranked by real value and kilometres per euro, not just lowest price. Real fares observed on 2026-09-14.",39,471,14,13,17,2,2026-09-14,0.7,3,INDEXABLE_OK,Valido
https://efficiency-life.com/from/ayt/,airport_en,200,https://efficiency-life.com/from/ayt/,True,"index, follow",none,"Best-value flights from Antalya Intl, Antalya | AYT","Best-value flights from Antalya Intl, Antalya","The 112 best destinations from Antalya Intl, Antalya: non-stop return flights ranked by real value and kilometres per euro, not just lowest price. Real fares observed on 2026-09-14.",112,471,19,18,17,2,2026-09-14,0.7,3,INDEXABLE_OK,Valido
https://efficiency-life.com/from/bah/,airport_en,200,https://efficiency-life.com/from/bah/,True,"index, follow",none,"Best-value flights from Bahrain Intl, Manama | BAH","Best-value flights from Bahrain Intl, Manama","The 43 best destinations from Bahrain Intl, Manama: non-stop return flights ranked by real value and kilometres per euro, not just lowest price. Real fares observed on 2026-09-14.",43,456,18,17,17,2,2026-09-14,0.7,3,INDEXABLE_OK,Valido
https://efficiency-life.com/from/bax/,airport_en,200,https://efficiency-life.com/from/bax/,True,"index, follow",none,"Best-value flights from Barnaul Airport, Barnaul Airport | BAX","Best-value flights from Barnaul Airport, Barnaul Airport","The 15 best destinations from Barnaul Airport, Barnaul Airport: non-stop return flights ranked by real value and kilometres per euro, not just lowest price. Real fares observed on 2026-09-14.",15,469,12,11,17,2,2026-09-14,0.7,3,INDEXABLE_OK,Valido
https://efficiency-life.com/from/bbu/,airport_en,200,https://efficiency-life.com/from/bbu/,True,"index, follow",none,"Best-value flights from Baneasa, Baneasa | BBU","Best-value flights from Baneasa, Baneasa","The 11 best destinations from Baneasa, Baneasa: non-stop return flights ranked by real value and kilometres per euro, not just lowest price. Real fares observed on 2026-09-14.",11,441,12,11,17,2,2026-09-14,0.7,3,INDEXABLE_OK,Valido
https://efficiency-life.com/from/bcn/,airport_en,200,https://efficiency-life.com/from/bcn/,True,"index, follow",none,"Best-value flights from Barcelona Intl, Barcelona | BCN","Best-value flights from Barcelona Intl, Barcelona","The 158 best destinations from Barcelona Intl, Barcelona: non-stop return flights ranked by real value and kilometres per euro, not just lowest price. Real fares observed on 2026-09-14.",158,464,19,17,17,1,2026-09-14,0.7,3,INDEXABLE_OK,Valido
https://efficiency-life.com/from/bdl/,airport_en,200,https://efficiency-life.com/from/bdl/,True,"index, follow",none,"Best-value flights from Bradley Intl, Windsor Locks | BDL","Best-value flights from Bradley Intl, Windsor Locks","The 12 best destinations from Bradley Intl, Windsor Locks: non-stop return flights ranked by real value and kilometres per euro, not just lowest price. Real fares observed on 2026-09-14.",12,471,10,9,17,2,2026-09-14,0.7,3,INDEXABLE_OK,Valido
https://efficiency-life.com/from/bds/,airport_en,200,https://efficiency-life.com/from/bds/,True,"index, follow",none,"Best-value flights from Brindisi / Casale Airport, Brindisi | BDS","Best-value flights from Brindisi / Casale Airport, Brindisi","The 11 best destinations from Brindisi / Casale Airport, Brindisi: non-stop return flights ranked by real value and kilometres per euro, not just lowest price. Real fares observed on 2026-09-14.",11,439,17,16,17,2,2026-09-14,0.7,3,INDEXABLE_OK,Valido
https://efficiency-life.com/from/beg/,airport_en,200,https://efficiency-life.com/from/beg/,True,"index, follow",none,"Best-value flights from Belgrade Nikola Tesla Airport, Belgrad | BEG","Best-value flights from Belgrade Nikola Tesla Airport, Belgrad","The 90 best destinations from Belgrade Nikola Tesla Airport, Belgrad: non-stop return flights ranked by real value and kilometres per euro, not just lowest price. Real fares observed on 2026-09-14.",90,474,16,15,17,2,2026-09-14,0.7,3,INDEXABLE_OK,Valido
https://efficiency-life.com/from/bel/,airport_en,200,https://efficiency-life.com/from/bel/,True,"index, follow",none,"Best-value flights from Val de Cans/Julio Cezar Ribeiro Intl, Belem | BEL","Best-value flights from Val de Cans/Julio Cezar Ribeiro Intl, Belem","The 10 best destinations from Val de Cans/Julio Cezar Ribeiro Intl, Belem: non-stop return flights ranked by real value and kilometres per euro, not just lowest price. Real fares observed on 2026-09-14.",10,440,9,8,17,2,2026-09-14,0.7,3,INDEXABLE_OK,Valido
https://efficiency-life.com/from/ber/,airport_en,200,https://efficiency-life.com/from/ber/,True,"index, follow",none,"Best-value flights from Berlin Brandenburg Airport, Berlin | BER","Best-value flights from Berlin Brandenburg Airport, Berlin","The 135 best destinations from Berlin Brandenburg Airport, Berlin: non-stop return flights ranked by real value and kilometres per euro, not just lowest price. Real fares observed on 2026-09-14.",135,468,17,16,17,2,2026-09-14,0.7,3,INDEXABLE_OK,Valido
https://efficiency-life.com/from/bey/,airport_en,200,https://efficiency-life.com/from/bey/,True,"index, follow",none,"Best-value flights from Beirut Rafic Hariri Intl, Beirut | BEY","Best-value flights from Beirut Rafic Hariri Intl, Beirut","The 27 best destinations from Beirut Rafic Hariri Intl, Beirut: non-stop return flights ranked by real value and kilometres per euro, not just lowest price. Real fares observed on 2026-09-14.",27,468,10,9,17,2,2026-09-14,0.7,3,INDEXABLE_OK,Valido
https://efficiency-life.com/from/bfs/,airport_en,200,https://efficiency-life.com/from/bfs/,True,"index, follow",none,"Best-value flights from Belfast Intl, Belfast | BFS","Best-value flights from Belfast Intl, Belfast","The 18 best destinations from Belfast Intl, Belfast: non-stop return flights ranked by real value and kilometres per euro, not just lowest price. Real fares observed on 2026-09-14.",18,465,11,10,19,2,2026-09-14,0.7,3,INDEXABLE_OK,Valido
https://efficiency-life.com/from/bgi/,airport_en,200,https://efficiency-life.com/from/bgi/,True,"index, follow",none,"Best-value flights from Sir Grantley Adams Intl, Bridgetown | BGI","Best-value flights from Sir Grantley Adams Intl, Bridgetown","The 12 best destinations from Sir Grantley Adams Intl, Bridgetown: non-stop return flights ranked by real value and kilometres per euro, not just lowest price. Real fares observed on 2026-09-14.",12,481,9,8,17,2,2026-09-14,0.7,3,INDEXABLE_OK,Valido
https://efficiency-life.com/from/bgo/,airport_en,200,https://efficiency-life.com/from/bgo/,True,"index, follow",none,"Best-value flights from Bergen Airport Flesland, Bergen | BGO","Best-value flights from Bergen Airport Flesland, Bergen","The 19 best destinations from Bergen Airport Flesland, Bergen: non-stop return flights ranked by real value and kilometres per euro, not just lowest price. Real fares observed on 2026-09-14.",19,452,8,7,17,2,2026-09-14,0.7,3,INDEXABLE_OK,Valido
https://efficiency-life.com/from/bgw/,airport_en,200,https://efficiency-life.com/from/bgw/,True,"index, follow",none,"Best-value flights from Baghdad Intl, Baghdad | BGW","Best-value flights from Baghdad Intl, Baghdad","The 6 best destinations from Baghdad Intl, Baghdad: non-stop return flights ranked by real value and kilometres per euro, not just lowest price. Real fares observed on 2026-09-14.",6,344,14,13,17,2,2026-09-14,0.7,3,INDEXABLE_OK,Valido
https://efficiency-life.com/from/bgy/,airport_en,200,https://efficiency-life.com/from/bgy/,True,"index, follow",none,"Best-value flights from Orio al Serio, Milano | BGY","Best-value flights from Orio al Serio, Milano","The 94 best destinations from Orio al Serio, Milano: non-stop return flights ranked by real value and kilometres per euro, not just lowest price. Real fares observed on 2026-09-14.",94,467,20,19,17,2,2026-09-14,0.7,3,INDEXABLE_OK,Valido
https://efficiency-life.com/from/bhd/,airport_en,200,https://efficiency-life.com/from/bhd/,True,"index, follow",none,"Best-value flights from George Best Belfast City Airport, George Best Belfast City Airport | BHD","Best-value flights from George Best Belfast City Airport, George Best Belfast City Airport","The 6 best destinations from George Best Belfast City Airport, George Best Belfast City Airport: non-stop return flights ranked by real value and kilometres per euro, not just lowest price. Real fares observed on 2026-09-14.",6,372,12,11,17,2,2026-09-14,0.7,3,INDEXABLE_OK,Valido
https://efficiency-life.com/from/bhk/,airport_en,200,https://efficiency-life.com/from/bhk/,True,"index, follow",none,"Best-value flights from Bukhara Airport, Bukhara | BHK","Best-value flights from Bukhara Airport, Bukhara","The 9 best destinations from Bukhara Airport, Bukhara: non-stop return flights ranked by real value and kilometres per euro, not just lowest price. Real fares observed on 2026-09-14.",9,404,15,14,17,2,2026-09-14,0.7,3,INDEXABLE_OK,Valido
https://efficiency-life.com/from/bhm/,airport_en,200,https://efficiency-life.com/from/bhm/,True,"index, follow",none,"Best-value flights from Birmingham-Shuttlesworth Intl, Birmingham | BHM","Best-value flights from Birmingham-Shuttlesworth Intl, Birmingham","The 6 best destinations from Birmingham-Shuttlesworth Intl, Birmingham: non-stop return flights ranked by real value and kilometres per euro, not just lowest price. Real fares observed on 2026-09-14.",6,348,15,14,17,2,2026-09-14,0.7,3,INDEXABLE_OK,Valido
https://efficiency-life.com/from/bhx/,airport_en,200,https://efficiency-life.com/from/bhx/,True,"index, follow",none,"Best-value flights from Birmingham Intl, Birmingham | BHX","Best-value flights from Birmingham Intl, Birmingham","The 54 best destinations from Birmingham Intl, Birmingham: non-stop return flights ranked by real value and kilometres per euro, not just lowest price. Real fares observed on 2026-09-14.",54,459,22,21,17,2,2026-09-14,0.7,3,INDEXABLE_OK,Valido
https://efficiency-life.com/from/bio/,airport_en,200,https://efficiency-life.com/from/bio/,True,"index, follow",none,"Best-value flights from Bilbao Airport, Bilbao | BIO","Best-value flights from Bilbao Airport, Bilbao","The 40 best destinations from Bilbao Airport, Bilbao: non-stop return flights ranked by real value and kilometres per euro, not just lowest price. Real fares observed on 2026-09-14.",40,469,19,18,17,2,2026-09-14,0.7,3,INDEXABLE_OK,Valido
https://efficiency-life.com/from/bjv/,airport_en,200,https://efficiency-life.com/from/bjv/,True,"index, follow",none,"Best-value flights from Milas Bodrum Intl, Bodrum | BJV","Best-value flights from Milas Bodrum Intl, Bodrum","The 16 best destinations from Milas Bodrum Intl, Bodrum: non-stop return flights ranked by real value and kilometres per euro, not just lowest price. Real fares observed on 2026-09-14.",16,464,19,18,17,2,2026-09-14,0.7,3,INDEXABLE_OK,Valido
https://efficiency-life.com/from/bki/,airport_en,200,https://efficiency-life.com/from/bki/,True,"index, follow",none,"Best-value flights from Kota Kinabalu Intl, Kota Kinabalu | BKI","Best-value flights from Kota Kinabalu Intl, Kota Kinabalu","The 19 best destinations from Kota Kinabalu Intl, Kota Kinabalu: non-stop return flights ranked by real value and kilometres per euro, not just lowest price. Real fares observed on 2026-09-14.",19,478,14,13,17,2,2026-09-14,0.7,3,INDEXABLE_OK,Valido
https://efficiency-life.com/from/bkk/,airport_en,200,https://efficiency-life.com/from/bkk/,True,"index, follow",none,"Best-value flights from Suvarnabhumi Airport, Bangkok | BKK","Best-value flights from Suvarnabhumi Airport, Bangkok","The 123 best destinations from Suvarnabhumi Airport, Bangkok: non-stop return flights ranked by real value and kilometres per euro, not just lowest price. Real fares observed on 2026-09-14.",123,478,15,14,17,2,2026-09-14,0.7,3,INDEXABLE_OK,Valido
https://efficiency-life.com/from/bko/,airport_en,200,https://efficiency-life.com/from/bko/,True,"index, follow",none,"Best-value flights from Senou Airport, Senou | BKO","Best-value flights from Senou Airport, Senou","The 6 best destinations from Senou Airport, Senou: non-stop return flights ranked by real value and kilometres per euro, not just lowest price. Real fares observed on 2026-09-14.",6,341,15,14,17,2,2026-09-14,0.7,3,INDEXABLE_OK,Valido
https://efficiency-life.com/from/bll/,airport_en,200,https://efficiency-life.com/from/bll/,True,"index, follow",none,"Best-value flights from Billund Airport, Billund | BLL","Best-value flights from Billund Airport, Billund","The 14 best destinations from Billund Airport, Billund: non-stop return flights ranked by real value and kilometres per euro, not just lowest price. Real fares observed on 2026-09-14.",14,448,13,12,17,2,2026-09-14,0.7,3,INDEXABLE_OK,Valido
https://efficiency-life.com/from/blq/,airport_en,200,https://efficiency-life.com/from/blq/,True,"index, follow",none,"Best-value flights from Bologna / Borgo Panigale Airport, Bologna | BLQ","Best-value flights from Bologna / Borgo Panigale Airport, Bologna","The 58 best destinations from Bologna / Borgo Panigale Airport, Bologna: non-stop return flights ranked by real value and kilometres per euro, not just lowest price. Real fares observed on 2026-09-14.",58,468,20,19,17,2,2026-09-14,0.7,3,INDEXABLE_OK,Valido
https://efficiency-life.com/from/blr/,airport_en,200,https://efficiency-life.com/from/blr/,True,"index, follow",none,"Best-value flights from Bengaluru Intl, Bangalore | BLR","Best-value flights from Bengaluru Intl, Bangalore","The 45 best destinations from Bengaluru Intl, Bangalore: non-stop return flights ranked by real value and kilometres per euro, not just lowest price. Real fares observed on 2026-09-14.",45,464,19,18,17,2,2026-09-14,0.7,3,INDEXABLE_OK,Valido
https://efficiency-life.com/from/bna/,airport_en,200,https://efficiency-life.com/from/bna/,True,"index, follow",none,"Best-value flights from Nashville Intl, Nashville | BNA","Best-value flights from Nashville Intl, Nashville","The 38 best destinations from Nashville Intl, Nashville: non-stop return flights ranked by real value and kilometres per euro, not just lowest price. Real fares observed on 2026-09-14.",38,469,16,15,17,2,2026-09-14,0.7,3,INDEXABLE_OK,Valido
https://efficiency-life.com/from/bne/,airport_en,200,https://efficiency-life.com/from/bne/,True,"index, follow",none,"Best-value flights from Brisbane Intl, Brisbane | BNE","Best-value flights from Brisbane Intl, Brisbane","The 37 best destinations from Brisbane Intl, Brisbane: non-stop return flights ranked by real value and kilometres per euro, not just lowest price. Real fares observed on 2026-09-14.",37,466,12,11,17,2,2026-09-14,0.7,3,INDEXABLE_OK,Valido
https://efficiency-life.com/from/bod/,airport_en,200,https://efficiency-life.com/from/bod/,True,"index, follow",none,"Best-value flights from Bordeaux-Merignac (BA 106) Airport, Bordeaux/Merignac | BOD","Best-value flights from Bordeaux-Merignac (BA 106) Airport, Bordeaux/Merignac","The 42 best destinations from Bordeaux-Merignac (BA 106) Airport, Bordeaux/Merignac: non-stop return flights ranked by real value and kilometres per euro, not just lowest price. Real fares observed on 2026-09-14.",42,469,11,10,17,2,2026-09-14,0.7,3,INDEXABLE_OK,Valido
https://efficiency-life.com/from/bog/,airport_en,200,https://efficiency-life.com/from/bog/,True,"index, follow",none,"Best-value flights from El Dorado Intl, Bogota | BOG","Best-value flights from El Dorado Intl, Bogota","The 69 best destinations from El Dorado Intl, Bogota: non-stop return flights ranked by real value and kilometres per euro, not just lowest price. Real fares observed on 2026-09-14.",69,472,16,15,17,2,2026-09-14,0.7,3,INDEXABLE_OK,Valido
https://efficiency-life.com/from/boi/,airport_en,200,https://efficiency-life.com/from/boi/,True,"index, follow",none,"Best-value flights from Boise Air Trml/Gowen Field, Boise | BOI","Best-value flights from Boise Air Trml/Gowen Field, Boise","The 7 best destinations from Boise Air Trml/Gowen Field, Boise: non-stop return flights ranked by real value and kilometres per euro, not just lowest price. Real fares observed on 2026-09-14.",7,391,14,13,17,2,2026-09-14,0.7,3,INDEXABLE_OK,Valido
https://efficiency-life.com/from/boj/,airport_en,200,https://efficiency-life.com/from/boj/,True,"index, follow",none,"Best-value flights from Burgas Airport, Burgas | BOJ","Best-value flights from Burgas Airport, Burgas","The 14 best destinations from Burgas Airport, Burgas: non-stop return flights ranked by real value and kilometres per euro, not just lowest price. Real fares observed on 2026-09-14.",14,450,11,10,17,2,2026-09-14,0.7,3,INDEXABLE_OK,Valido
https://efficiency-life.com/from/bom/,airport_en,200,https://efficiency-life.com/from/bom/,True,"index, follow",none,"Best-value flights from Chhatrapati Shivaji Intl, Mumbai | BOM","Best-value flights from Chhatrapati Shivaji Intl, Mumbai","The 73 best destinations from Chhatrapati Shivaji Intl, Mumbai: non-stop return flights ranked by real value and kilometres per euro, not just lowest price. Real fares observed on 2026-09-14.",73,473,20,19,18,2,2026-09-14,0.7,3,INDEXABLE_OK,Valido
https://efficiency-life.com/from/bos/,airport_en,200,https://efficiency-life.com/from/bos/,True,"index, follow",none,"Best-value flights from General Edward Lawrence Logan Intl, Boston | BOS","Best-value flights from General Edward Lawrence Logan Intl, Boston","The 75 best destinations from General Edward Lawrence Logan Intl, Boston: non-stop return flights ranked by real value and kilometres per euro, not just lowest price. Real fares observed on 2026-09-14.",75,491,10,9,17,2,2026-09-14,0.7,3,INDEXABLE_OK,Valido
https://efficiency-life.com/from/bqs/,airport_en,200,https://efficiency-life.com/from/bqs/,True,"index, follow",none,"Best-value flights from Blagoveschensk Airport, Blagoveschensk Airport | BQS","Best-value flights from Blagoveschensk Airport, Blagoveschensk Airport","The 19 best destinations from Blagoveschensk Airport, Blagoveschensk Airport: non-stop return flights ranked by real value and kilometres per euro, not just lowest price. Real fares observed on 2026-09-14.",19,472,12,11,17,2,2026-09-14,0.7,3,INDEXABLE_OK,Valido
https://efficiency-life.com/from/bre/,airport_en,200,https://efficiency-life.com/from/bre/,True,"index, follow",none,"Best-value flights from Bremen Airport, Bremen | BRE","Best-value flights from Bremen Airport, Bremen","The 15 best destinations from Bremen Airport, Bremen: non-stop return flights ranked by real value and kilometres per euro, not just lowest price. Real fares observed on 2026-09-14.",15,457,15,14,17,2,2026-09-14,0.7,3,INDEXABLE_OK,Valido
https://efficiency-life.com/from/bri/,airport_en,200,https://efficiency-life.com/from/bri/,True,"index, follow",none,"Best-value flights from Bari / Palese Intl, Bari | BRI","Best-value flights from Bari / Palese Intl, Bari","The 36 best destinations from Bari / Palese Intl, Bari: non-stop return flights ranked by real value and kilometres per euro, not just lowest price. Real fares observed on 2026-09-14.",36,472,20,19,17,2,2026-09-14,0.7,3,INDEXABLE_OK,Valido
https://efficiency-life.com/from/brs/,airport_en,200,https://efficiency-life.com/from/brs/,True,"index, follow",none,"Best-value flights from Bristol Intl, Bristol | BRS","Best-value flights from Bristol Intl, Bristol","The 46 best destinations from Bristol Intl, Bristol: non-stop return flights ranked by real value and kilometres per euro, not just lowest price. Real fares observed on 2026-09-14.",46,459,17,16,17,2,2026-09-14,0.7,3,INDEXABLE_OK,Valido
https://efficiency-life.com/from/bru/,airport_en,200,https://efficiency-life.com/from/bru/,True,"index, follow",none,"Best-value flights from Brussels Airport, Brussels | BRU","Best-value flights from Brussels Airport, Brussels","The 144 best destinations from Brussels Airport, Brussels: non-stop return flights ranked by real value and kilometres per euro, not just lowest price. Real fares observed on 2026-09-14.",144,463,16,15,17,2,2026-09-14,0.7,3,INDEXABLE_OK,Valido
https://efficiency-life.com/from/bsb/,airport_en,200,https://efficiency-life.com/from/bsb/,True,"index, follow",none,"Best-value flights from Presidente Juscelino Kubistschek Intl, Brasilia | BSB","Best-value flights from Presidente Juscelino Kubistschek Intl, Brasilia","The 27 best destinations from Presidente Juscelino Kubistschek Intl, Brasilia: non-stop return flights ranked by real value and kilometres per euro, not just lowest price. Real fares observed on 2026-09-14.",27,477,23,22,17,2,2026-09-14,0.7,3,INDEXABLE_OK,Valido
https://efficiency-life.com/from/bsl/,airport_en,200,https://efficiency-life.com/from/bsl/,True,"index, follow",none,"Best-value flights from EuroAirport Basel-Mulhouse-Freiburg Airport, Bale/Mulhouse | BSL","Best-value flights from EuroAirport Basel-Mulhouse-Freiburg Airport, Bale/Mulhouse","The 65 best destinations from EuroAirport Basel-Mulhouse-Freiburg Airport, Bale/Mulhouse: non-stop return flights ranked by real value and kilometres per euro, not just lowest price. Real fares observed on 2026-09-14.",65,463,13,12,17,2,2026-09-14,0.7,3,INDEXABLE_OK,Valido
https://efficiency-life.com/from/bsz/,airport_en,200,https://efficiency-life.com/from/bsz/,True,"index, follow",none,"Best-value flights from Manas International Airport, Manas International Airport | BSZ","Best-value flights from Manas International Airport, Manas International Airport","The 32 best destinations from Manas International Airport, Manas International Airport: non-stop return flights ranked by real value and kilometres per euro, not just lowest price. Real fares observed on 2026-09-14.",32,477,14,13,17,2,2026-09-14,0.7,3,INDEXABLE_OK,Valido
https://efficiency-life.com/from/bts/,airport_en,200,https://efficiency-life.com/from/bts/,True,"index, follow",none,"Best-value flights from M. R. Stefanik Airport, Bratislava | BTS","Best-value flights from M. R. Stefanik Airport, Bratislava","The 44 best destinations from M. R. Stefanik Airport, Bratislava: non-stop return flights ranked by real value and kilometres per euro, not just lowest price. Real fares observed on 2026-09-14.",44,468,13,12,17,2,2026-09-14,0.7,3,INDEXABLE_OK,Valido
https://efficiency-life.com/from/bud/,airport_en,200,https://efficiency-life.com/from/bud/,True,"index, follow",none,"Best-value flights from Budapest Ferenc Liszt Intl, Budapest | BUD","Best-value flights from Budapest Ferenc Liszt Intl, Budapest","The 118 best destinations from Budapest Ferenc Liszt Intl, Budapest: non-stop return flights ranked by real value and kilometres per euro, not just lowest price. Real fares observed on 2026-09-14.",118,468,14,13,17,2,2026-09-14,0.7,3,INDEXABLE_OK,Valido
https://efficiency-life.com/from/buf/,airport_en,200,https://efficiency-life.com/from/buf/,True,"index, follow",none,"Best-value flights from Buffalo Niagara Intl, Buffalo | BUF","Best-value flights from Buffalo Niagara Intl, Buffalo","The 12 best destinations from Buffalo Niagara Intl, Buffalo: non-stop return flights ranked by real value and kilometres per euro, not just lowest price. Real fares observed on 2026-09-14.",12,480,18,17,17,2,2026-09-14,0.7,3,INDEXABLE_OK,Valido
https://efficiency-life.com/from/bur/,airport_en,200,https://efficiency-life.com/from/bur/,True,"index, follow",none,"Best-value flights from Bob Hope Airport, Burbank | BUR","Best-value flights from Bob Hope Airport, Burbank","The 16 best destinations from Bob Hope Airport, Burbank: non-stop return flights ranked by real value and kilometres per euro, not just lowest price. Real fares observed on 2026-09-14.",16,472,19,18,17,2,2026-09-14,0.7,3,INDEXABLE_OK,Valido
https://efficiency-life.com/from/bus/,airport_en,200,https://efficiency-life.com/from/bus/,True,"index, follow",none,"Best-value flights from Batumi Intl, Batumi | BUS","Best-value flights from Batumi Intl, Batumi","The 25 best destinations from Batumi Intl, Batumi: non-stop return flights ranked by real value and kilometres per euro, not just lowest price. Real fares observed on 2026-09-14.",25,460,10,9,17,2,2026-09-14,0.7,3,INDEXABLE_OK,Valido
https://efficiency-life.com/from/bva/,airport_en,200,https://efficiency-life.com/from/bva/,True,"index, follow",none,"Best-value flights from Beauvais, Parigi | BVA","Best-value flights from Beauvais, Parigi","The 61 best destinations from Beauvais, Parigi: non-stop return flights ranked by real value and kilometres per euro, not just lowest price. Real fares observed on 2026-09-14.",61,449,14,13,17,2,2026-09-14,0.7,3,INDEXABLE_OK,Valido
https://efficiency-life.com/from/bwi/,airport_en,200,https://efficiency-life.com/from/bwi/,True,"index, follow",none,"Best-value flights from Baltimore/Washington Intl Thurgood Marshall Airport, Baltimore | BWI","Best-value flights from Baltimore/Washington Intl Thurgood Marshall Airport, Baltimore","The 50 best destinations from Baltimore/Washington Intl Thurgood Marshall Airport, Baltimore: non-stop return flights ranked by real value and kilometres per euro, not just lowest price. Real fares observed on 2026-09-14.",50,489,17,16,17,2,2026-09-14,0.7,3,INDEXABLE_OK,Valido
https://efficiency-life.com/from/bwn/,airport_en,200,https://efficiency-life.com/from/bwn/,True,"index, follow",none,"Best-value flights from Brunei Intl, Bandar Seri Begawan | BWN","Best-value flights from Brunei Intl, Bandar Seri Begawan","The 8 best destinations from Brunei Intl, Bandar Seri Begawan: non-stop return flights ranked by real value and kilometres per euro, not just lowest price. Real fares observed on 2026-09-14.",8,392,10,9,17,2,2026-09-14,0.7,3,INDEXABLE_OK,Valido
https://efficiency-life.com/from/cag/,airport_en,200,https://efficiency-life.com/from/cag/,True,"index, follow",none,"Best-value flights from Cagliari / Elmas Airport, Cagliari | CAG","Best-value flights from Cagliari / Elmas Airport, Cagliari","The 26 best destinations from Cagliari / Elmas Airport, Cagliari: non-stop return flights ranked by real value and kilometres per euro, not just lowest price. Real fares observed on 2026-09-14.",26,464,10,9,17,2,2026-09-14,0.7,3,INDEXABLE_OK,Valido
https://efficiency-life.com/from/cai/,airport_en,200,https://efficiency-life.com/from/cai/,True,"index, follow",none,"Best-value flights from Cairo Intl, Cairo | CAI","Best-value flights from Cairo Intl, Cairo","The 81 best destinations from Cairo Intl, Cairo: non-stop return flights ranked by real value and kilometres per euro, not just lowest price. Real fares observed on 2026-09-14.",81,475,7,6,17,2,2026-09-14,0.7,3,INDEXABLE_OK,Valido
https://efficiency-life.com/from/can/,airport_en,200,https://efficiency-life.com/from/can/,True,"index, follow",none,"Best-value flights from Guangzhou Baiyun Intl, Guangzhou | CAN","Best-value flights from Guangzhou Baiyun Intl, Guangzhou","The 102 best destinations from Guangzhou Baiyun Intl, Guangzhou: non-stop return flights ranked by real value and kilometres per euro, not just lowest price. Real fares observed on 2026-09-14.",102,472,19,18,17,2,2026-09-14,0.7,3,INDEXABLE_OK,Valido
https://efficiency-life.com/from/ccj/,airport_en,200,https://efficiency-life.com/from/ccj/,True,"index, follow",none,"Best-value flights from Calicut International Airport, Calicut International Airport | CCJ","Best-value flights from Calicut International Airport, Calicut International Airport","The 12 best destinations from Calicut International Airport, Calicut International Airport: non-stop return flights ranked by real value and kilometres per euro, not just lowest price. Real fares observed on 2026-09-14.",12,477,15,14,19,2,2026-09-14,0.7,3,INDEXABLE_OK,Valido
https://efficiency-life.com/from/ccs/,airport_en,200,https://efficiency-life.com/from/ccs/,True,"index, follow",none,"Best-value flights from Maiquetia (Simon Bolivar Internacional) Airport, Caracas | CCS","Best-value flights from Maiquetia (Simon Bolivar Internacional) Airport, Caracas","The 10 best destinations from Maiquetia (Simon Bolivar Internacional) Airport, Caracas: non-stop return flights ranked by real value and kilometres per euro, not just lowest price. Real fares observed on 2026-09-14.",10,443,17,16,17,2,2026-09-14,0.7,3,INDEXABLE_OK,Valido
https://efficiency-life.com/from/ccu/,airport_en,200,https://efficiency-life.com/from/ccu/,True,"index, follow",none,"Best-value flights from Netaji Subhash Chandra Bose Intl, Kolkata | CCU","Best-value flights from Netaji Subhash Chandra Bose Intl, Kolkata","The 19 best destinations from Netaji Subhash Chandra Bose Intl, Kolkata: non-stop return flights ranked by real value and kilometres per euro, not just lowest price. Real fares observed on 2026-09-14.",19,479,10,9,18,2,2026-09-14,0.7,3,INDEXABLE_OK,Valido
https://efficiency-life.com/from/cdg/,airport_en,200,https://efficiency-life.com/from/cdg/,True,"index, follow",none,"Best-value flights from Charles de Gaulle, Parigi | CDG","Best-value flights from Charles de Gaulle, Parigi","The 198 best destinations from Charles de Gaulle, Parigi: non-stop return flights ranked by real value and kilometres per euro, not just lowest price. Real fares observed on 2026-09-14.",198,466,15,13,17,1,2026-09-14,0.7,3,INDEXABLE_OK,Valido
https://efficiency-life.com/from/ceb/,airport_en,200,https://efficiency-life.com/from/ceb/,True,"index, follow",none,"Best-value flights from Mactan Cebu Intl, Lapu-Lapu City | CEB","Best-value flights from Mactan Cebu Intl, Lapu-Lapu City","The 24 best destinations from Mactan Cebu Intl, Lapu-Lapu City: non-stop return flights ranked by real value and kilometres per euro, not just lowest price. Real fares observed on 2026-09-14.",24,499,9,8,17,2,2026-09-14,0.7,3,INDEXABLE_OK,Valido
https://efficiency-life.com/from/cee/,airport_en,200,https://efficiency-life.com/from/cee/,True,"index, follow",none,"Best-value flights from Cherepovets Airport, Cherepovets Airport | CEE","Best-value flights from Cherepovets Airport, Cherepovets Airport","The 11 best destinations from Cherepovets Airport, Cherepovets Airport: non-stop return flights ranked by real value and kilometres per euro, not just lowest price. Real fares observed on 2026-09-14.",11,446,16,15,17,2,2026-09-14,0.7,3,INDEXABLE_OK,Valido
https://efficiency-life.com/from/cek/,airport_en,200,https://efficiency-life.com/from/cek/,True,"index, follow",none,"Best-value flights from Chelyabinsk International Airport, Chelyabinsk International Airport | CEK","Best-value flights from Chelyabinsk International Airport, Chelyabinsk International Airport","The 21 best destinations from Chelyabinsk International Airport, Chelyabinsk International Airport: non-stop return flights ranked by real value and kilometres per euro, not just lowest price. Real fares observed on 2026-09-14.",21,488,12,11,17,2,2026-09-14,0.7,3,INDEXABLE_OK,Valido
https://efficiency-life.com/from/cfu/,airport_en,200,https://efficiency-life.com/from/cfu/,True,"index, follow",none,"Best-value flights from Ioannis Kapodistrias Intl, Kerkyra Island | CFU","Best-value flights from Ioannis Kapodistrias Intl, Kerkyra Island","The 16 best destinations from Ioannis Kapodistrias Intl, Kerkyra Island: non-stop return flights ranked by real value and kilometres per euro, not just lowest price. Real fares observed on 2026-09-14.",16,466,15,14,17,2,2026-09-14,0.7,3,INDEXABLE_OK,Valido
https://efficiency-life.com/from/cgh/,airport_en,200,https://efficiency-life.com/from/cgh/,True,"index, follow",none,"Best-value flights from Congonhas Airport, Sao Paulo | CGH","Best-value flights from Congonhas Airport, Sao Paulo","The 33 best destinations from Congonhas Airport, Sao Paulo: non-stop return flights ranked by real value and kilometres per euro, not just lowest price. Real fares observed on 2026-09-14.",33,474,21,20,17,2,2026-09-14,0.7,3,INDEXABLE_OK,Valido
https://efficiency-life.com/from/cgk/,airport_en,200,https://efficiency-life.com/from/cgk/,True,"index, follow",none,"Best-value flights from Soekarno-Hatta Intl, Jakarta | CGK","Best-value flights from Soekarno-Hatta Intl, Jakarta","The 56 best destinations from Soekarno-Hatta Intl, Jakarta: non-stop return flights ranked by real value and kilometres per euro, not just lowest price. Real fares observed on 2026-09-14.",56,459,8,7,17,2,2026-09-14,0.7,3,INDEXABLE_OK,Valido
https://efficiency-life.com/from/cgn/,airport_en,200,https://efficiency-life.com/from/cgn/,True,"index, follow",none,"Best-value flights from Cologne Bonn Airport, Cologne | CGN","Best-value flights from Cologne Bonn Airport, Cologne","The 74 best destinations from Cologne Bonn Airport, Cologne: non-stop return flights ranked by real value and kilometres per euro, not just lowest price. Real fares observed on 2026-09-14.",74,472,21,20,17,2,2026-09-14,0.7,3,INDEXABLE_OK,Valido
https://efficiency-life.com/from/cgo/,airport_en,200,https://efficiency-life.com/from/cgo/,True,"index, follow",none,"Best-value flights from Xinzheng Airport, Zhengzhou | CGO","Best-value flights from Xinzheng Airport, Zhengzhou","The 7 best destinations from Xinzheng Airport, Zhengzhou: non-stop return flights ranked by real value and kilometres per euro, not just lowest price. Real fares observed on 2026-09-14.",7,360,22,21,17,2,2026-09-14,0.7,3,INDEXABLE_OK,Valido
https://efficiency-life.com/from/cgq/,airport_en,200,https://efficiency-life.com/from/cgq/,True,"index, follow",none,"Best-value flights from Longjia Airport, Changchun | CGQ","Best-value flights from Longjia Airport, Changchun","The 15 best destinations from Longjia Airport, Changchun: non-stop return flights ranked by real value and kilometres per euro, not just lowest price. Real fares observed on 2026-09-14.",15,453,16,15,17,2,2026-09-14,0.7,3,INDEXABLE_OK,Valido
https://efficiency-life.com/from/chc/,airport_en,200,https://efficiency-life.com/from/chc/,True,"index, follow",none,"Best-value flights from Christchurch Intl, Christchurch | CHC","Best-value flights from Christchurch Intl, Christchurch","The 9 best destinations from Christchurch Intl, Christchurch: non-stop return flights ranked by real value and kilometres per euro, not just lowest price. Real fares observed on 2026-09-14.",9,403,12,11,17,2,2026-09-14,0.7,3,INDEXABLE_OK,Valido
https://efficiency-life.com/from/chq/,airport_en,200,https://efficiency-life.com/from/chq/,True,"index, follow",none,"Best-value flights from Chania Intl, Souda | CHQ","Best-value flights from Chania Intl, Souda","The 10 best destinations from Chania Intl, Souda: non-stop return flights ranked by real value and kilometres per euro, not just lowest price. Real fares observed on 2026-09-14.",10,419,8,7,17,2,2026-09-14,0.7,3,INDEXABLE_OK,Valido
https://efficiency-life.com/from/chs/,airport_en,200,https://efficiency-life.com/from/chs/,True,"index, follow",none,"Best-value flights from Charleston Afb/International Airport, Charleston | CHS","Best-value flights from Charleston Afb/International Airport, Charleston","The 10 best destinations from Charleston Afb/International Airport, Charleston: non-stop return flights ranked by real value and kilometres per euro, not just lowest price. Real fares observed on 2026-09-14.",10,431,19,18,17,2,2026-09-14,0.7,3,INDEXABLE_OK,Valido
https://efficiency-life.com/from/cia/,airport_en,200,https://efficiency-life.com/from/cia/,True,"index, follow",none,"Best-value flights from Ciampino, Roma | CIA","Best-value flights from Ciampino, Roma","The 23 best destinations from Ciampino, Roma: non-stop return flights ranked by real value and kilometres per euro, not just lowest price. Real fares observed on 2026-09-14.",23,457,17,16,17,2,2026-09-14,0.7,3,INDEXABLE_OK,Valido
https://efficiency-life.com/from/cid/,airport_en,200,https://efficiency-life.com/from/cid/,True,"index, follow",none,"Best-value flights from The Eastern Iowa Airport, The Eastern Iowa Airport | CID","Best-value flights from The Eastern Iowa Airport, The Eastern Iowa Airport","The 6 best destinations from The Eastern Iowa Airport, The Eastern Iowa Airport: non-stop return flights ranked by real value and kilometres per euro, not just lowest price. Real fares observed on 2026-09-14.",6,372,11,10,17,2,2026-09-14,0.7,3,INDEXABLE_OK,Valido
https://efficiency-life.com/from/cit/,airport_en,200,https://efficiency-life.com/from/cit/,True,"index, follow",none,"Best-value flights from Shymkent Airport, Shymkent | CIT","Best-value flights from Shymkent Airport, Shymkent","The 35 best destinations from Shymkent Airport, Shymkent: non-stop return flights ranked by real value and kilometres per euro, not just lowest price. Real fares observed on 2026-09-14.",35,466,22,21,17,2,2026-09-14,0.7,3,INDEXABLE_OK,Valido
https://efficiency-life.com/from/cjj/,airport_en,200,https://efficiency-life.com/from/cjj/,True,"index, follow",none,"Best-value flights from Cheongju Intl, Cheongju | CJJ","Best-value flights from Cheongju Intl, Cheongju","The 10 best destinations from Cheongju Intl, Cheongju: non-stop return flights ranked by real value and kilometres per euro, not just lowest price. Real fares observed on 2026-09-14.",10,421,13,12,17,2,2026-09-14,0.7,3,INDEXABLE_OK,Valido
https://efficiency-life.com/from/cju/,airport_en,200,https://efficiency-life.com/from/cju/,True,"index, follow",none,"Best-value flights from Jeju Intl, Jeju City | CJU","Best-value flights from Jeju Intl, Jeju City","The 13 best destinations from Jeju Intl, Jeju City: non-stop return flights ranked by real value and kilometres per euro, not just lowest price. Real fares observed on 2026-09-14.",13,459,9,8,17,2,2026-09-14,0.7,3,INDEXABLE_OK,Valido
https://efficiency-life.com/from/ckg/,airport_en,200,https://efficiency-life.com/from/ckg/,True,"index, follow",none,"Best-value flights from Chongqing Jiangbei Intl, Chongqing | CKG","Best-value flights from Chongqing Jiangbei Intl, Chongqing","The 30 best destinations from Chongqing Jiangbei Intl, Chongqing: non-stop return flights ranked by real value and kilometres per euro, not just lowest price. Real fares observed on 2026-09-14.",30,455,16,15,17,2,2026-09-14,0.7,3,INDEXABLE_OK,Valido
https://efficiency-life.com/from/cky/,airport_en,200,https://efficiency-life.com/from/cky/,True,"index, follow",none,"Best-value flights from Conakry Airport, Conakry | CKY","Best-value flights from Conakry Airport, Conakry","The 13 best destinations from Conakry Airport, Conakry: non-stop return flights ranked by real value and kilometres per euro, not just lowest price. Real fares observed on 2026-09-14.",13,450,12,11,17,2,2026-09-14,0.7,3,INDEXABLE_OK,Valido
https://efficiency-life.com/from/cle/,airport_en,200,https://efficiency-life.com/from/cle/,True,"index, follow",none,"Best-value flights from Cleveland-Hopkins Intl, Cleveland | CLE","Best-value flights from Cleveland-Hopkins Intl, Cleveland","The 22 best destinations from Cleveland-Hopkins Intl, Cleveland: non-stop return flights ranked by real value and kilometres per euro, not just lowest price. Real fares observed on 2026-09-14.",22,470,14,13,17,2,2026-09-14,0.7,3,INDEXABLE_OK,Valido
https://efficiency-life.com/from/clj/,airport_en,200,https://efficiency-life.com/from/clj/,True,"index, follow",none,"Best-value flights from Cluj-Napoca Intl, Cluj-Napoca | CLJ","Best-value flights from Cluj-Napoca Intl, Cluj-Napoca","The 22 best destinations from Cluj-Napoca Intl, Cluj-Napoca: non-stop return flights ranked by real value and kilometres per euro, not just lowest price. Real fares observed on 2026-09-14.",22,455,13,12,17,2,2026-09-14,0.7,3,INDEXABLE_OK,Valido
https://efficiency-life.com/from/clo/,airport_en,200,https://efficiency-life.com/from/clo/,True,"index, follow",none,"Best-value flights from Alfonso Bonilla Aragon Intl, Cali | CLO","Best-value flights from Alfonso Bonilla Aragon Intl, Cali","The 8 best destinations from Alfonso Bonilla Aragon Intl, Cali: non-stop return flights ranked by real value and kilometres per euro, not just lowest price. Real fares observed on 2026-09-14.",8,387,13,12,17,2,2026-09-14,0.7,3,INDEXABLE_OK,Valido
https://efficiency-life.com/from/clt/,airport_en,200,https://efficiency-life.com/from/clt/,True,"index, follow",none,"Best-value flights from Charlotte/Douglas Intl, Charlotte | CLT","Best-value flights from Charlotte/Douglas Intl, Charlotte","The 66 best destinations from Charlotte/Douglas Intl, Charlotte: non-stop return flights ranked by real value and kilometres per euro, not just lowest price. Real fares observed on 2026-09-14.",66,468,12,11,17,2,2026-09-14,0.7,3,INDEXABLE_OK,Valido
https://efficiency-life.com/from/cmb/,airport_en,200,https://efficiency-life.com/from/cmb/,True,"index, follow",none,"Best-value flights from Bandaranaike Intl Apt Colombo Airport, Colombo | CMB","Best-value flights from Bandaranaike Intl Apt Colombo Airport, Colombo","The 36 best destinations from Bandaranaike Intl Apt Colombo Airport, Colombo: non-stop return flights ranked by real value and kilometres per euro, not just lowest price. Real fares observed on 2026-09-14.",36,478,6,5,17,2,2026-09-14,0.7,3,INDEXABLE_OK,Valido
https://efficiency-life.com/from/cmh/,airport_en,200,https://efficiency-life.com/from/cmh/,True,"index, follow",none,"Best-value flights from John Glenn Columbus Intl, Columbus | CMH","Best-value flights from John Glenn Columbus Intl, Columbus","The 22 best destinations from John Glenn Columbus Intl, Columbus: non-stop return flights ranked by real value and kilometres per euro, not just lowest price. Real fares observed on 2026-09-14.",22,485,14,13,17,2,2026-09-14,0.7,3,INDEXABLE_OK,Valido
https://efficiency-life.com/from/cmn/,airport_en,200,https://efficiency-life.com/from/cmn/,True,"index, follow",none,"Best-value flights from Mohammed V Intl, Casablanca | CMN","Best-value flights from Mohammed V Intl, Casablanca","The 77 best destinations from Mohammed V Intl, Casablanca: non-stop return flights ranked by real value and kilometres per euro, not just lowest price. Real fares observed on 2026-09-14.",77,465,15,14,17,2,2026-09-14,0.7,3,INDEXABLE_OK,Valido
https://efficiency-life.com/from/cnf/,airport_en,200,https://efficiency-life.com/from/cnf/,True,"index, follow",none,"Best-value flights from Tancredo Neves Intl, Belo Horizonte | CNF","Best-value flights from Tancredo Neves Intl, Belo Horizonte","The 24 best destinations from Tancredo Neves Intl, Belo Horizonte: non-stop return flights ranked by real value and kilometres per euro, not just lowest price. Real fares observed on 2026-09-14.",24,475,22,21,17,2,2026-09-14,0.7,3,INDEXABLE_OK,Valido
https://efficiency-life.com/from/cns/,airport_en,200,https://efficiency-life.com/from/cns/,True,"index, follow",none,"Best-value flights from Cairns Intl, Cairns | CNS","Best-value flights from Cairns Intl, Cairns","The 7 best destinations from Cairns Intl, Cairns: non-stop return flights ranked by real value and kilometres per euro, not just lowest price. Real fares observed on 2026-09-14.",7,359,12,11,17,2,2026-09-14,0.7,3,INDEXABLE_OK,Valido
https://efficiency-life.com/from/cnx/,airport_en,200,https://efficiency-life.com/from/cnx/,True,"index, follow",none,"Best-value flights from Chiang Mai Intl, Chiang Mai | CNX","Best-value flights from Chiang Mai Intl, Chiang Mai","The 19 best destinations from Chiang Mai Intl, Chiang Mai: non-stop return flights ranked by real value and kilometres per euro, not just lowest price. Real fares observed on 2026-09-14.",19,467,12,11,17,2,2026-09-14,0.7,3,INDEXABLE_OK,Valido
https://efficiency-life.com/from/cok/,airport_en,200,https://efficiency-life.com/from/cok/,True,"index, follow",none,"Best-value flights from Cochin Intl, Cochin | COK","Best-value flights from Cochin Intl, Cochin","The 18 best destinations from Cochin Intl, Cochin: non-stop return flights ranked by real value and kilometres per euro, not just lowest price. Real fares observed on 2026-09-14.",18,466,14,13,19,2,2026-09-14,0.7,3,INDEXABLE_OK,Valido
https://efficiency-life.com/from/coo/,airport_en,200,https://efficiency-life.com/from/coo/,True,"index, follow",none,"Best-value flights from Cadjehoun Airport, Cotonou | COO","Best-value flights from Cadjehoun Airport, Cotonou","The 6 best destinations from Cadjehoun Airport, Cotonou: non-stop return flights ranked by real value and kilometres per euro, not just lowest price. Real fares observed on 2026-09-14.",6,338,16,15,17,2,2026-09-14,0.7,3,INDEXABLE_OK,Valido
https://efficiency-life.com/from/cor/,airport_en,200,https://efficiency-life.com/from/cor/,True,"index, follow",none,"Best-value flights from Ingeniero Ambrosio Taravella Airport, Cordoba | COR","Best-value flights from Ingeniero Ambrosio Taravella Airport, Cordoba","The 11 best destinations from Ingeniero Ambrosio Taravella Airport, Cordoba: non-stop return flights ranked by real value and kilometres per euro, not just lowest price. Real fares observed on 2026-09-14.",11,458,9,8,17,2,2026-09-14,0.7,3,INDEXABLE_OK,Valido
https://efficiency-life.com/from/cov/,airport_en,200,https://efficiency-life.com/from/cov/,True,"index, follow",none,"Best-value flights from Çukurova International Airport, Çukurova International Airport | COV","Best-value flights from Çukurova International Airport, Çukurova International Airport","The 14 best destinations from Çukurova International Airport, Çukurova International Airport: non-stop return flights ranked by real value and kilometres per euro, not just lowest price. Real fares observed on 2026-09-14.",14,468,15,14,17,2,2026-09-14,0.7,3,INDEXABLE_OK,Valido
https://efficiency-life.com/from/cph/,airport_en,200,https://efficiency-life.com/from/cph/,True,"index, follow",none,"Best-value flights from Copenhagen Kastrup Airport, Copenhagen | CPH","Best-value flights from Copenhagen Kastrup Airport, Copenhagen","The 111 best destinations from Copenhagen Kastrup Airport, Copenhagen: non-stop return flights ranked by real value and kilometres per euro, not just lowest price. Real fares observed on 2026-09-14.",111,469,15,14,17,2,2026-09-14,0.7,3,INDEXABLE_OK,Valido
https://efficiency-life.com/from/cpt/,airport_en,200,https://efficiency-life.com/from/cpt/,True,"index, follow",none,"Best-value flights from Cape Town Intl, Cape Town | CPT","Best-value flights from Cape Town Intl, Cape Town","The 36 best destinations from Cape Town Intl, Cape Town: non-stop return flights ranked by real value and kilometres per euro, not just lowest price. Real fares observed on 2026-09-14.",36,476,6,5,17,2,2026-09-14,0.7,3,INDEXABLE_OK,Valido
https://efficiency-life.com/from/crk/,airport_en,200,https://efficiency-life.com/from/crk/,True,"index, follow",none,"Best-value flights from Diosdado Macapagal Intl, Angeles City | CRK","Best-value flights from Diosdado Macapagal Intl, Angeles City","The 12 best destinations from Diosdado Macapagal Intl, Angeles City: non-stop return flights ranked by real value and kilometres per euro, not just lowest price. Real fares observed on 2026-09-14.",12,476,6,5,17,2,2026-09-14,0.7,3,INDEXABLE_OK,Valido
https://efficiency-life.com/from/crl/,airport_en,200,https://efficiency-life.com/from/crl/,True,"index, follow",none,"Best-value flights from Brussels South Charleroi Airport, Brussels | CRL","Best-value flights from Brussels South Charleroi Airport, Brussels","The 80 best destinations from Brussels South Charleroi Airport, Brussels: non-stop return flights ranked by real value and kilometres per euro, not just lowest price. Real fares observed on 2026-09-14.",80,471,15,14,17,2,2026-09-14,0.7,3,INDEXABLE_OK,Valido
https://efficiency-life.com/from/csx/,airport_en,200,https://efficiency-life.com/from/csx/,True,"index, follow",none,"Best-value flights from Changsha Huanghua Airport, Changsha | CSX","Best-value flights from Changsha Huanghua Airport, Changsha","The 11 best destinations from Changsha Huanghua Airport, Changsha: non-stop return flights ranked by real value and kilometres per euro, not just lowest price. Real fares observed on 2026-09-14.",11,437,26,25,17,2,2026-09-14,0.7,3,INDEXABLE_OK,Valido
https://efficiency-life.com/from/csy/,airport_en,200,https://efficiency-life.com/from/csy/,True,"index, follow",none,"Best-value flights from Cheboksary Airport, Cheboksary Airport | CSY","Best-value flights from Cheboksary Airport, Cheboksary Airport","The 8 best destinations from Cheboksary Airport, Cheboksary Airport: non-stop return flights ranked by real value and kilometres per euro, not just lowest price. Real fares observed on 2026-09-14.",8,398,22,21,17,2,2026-09-14,0.7,3,INDEXABLE_OK,Valido
https://efficiency-life.com/from/cta/,airport_en,200,https://efficiency-life.com/from/cta/,True,"index, follow",none,"Best-value flights from Catania / Fontanarossa Airport, Catania | CTA","Best-value flights from Catania / Fontanarossa Airport, Catania","The 54 best destinations from Catania / Fontanarossa Airport, Catania: non-stop return flights ranked by real value and kilometres per euro, not just lowest price. Real fares observed on 2026-09-14.",54,464,10,9,17,2,2026-09-14,0.7,3,INDEXABLE_OK,Valido
https://efficiency-life.com/from/ctg/,airport_en,200,https://efficiency-life.com/from/ctg/,True,"index, follow",none,"Best-value flights from Rafael Nunez Intl, Cartagena | CTG","Best-value flights from Rafael Nunez Intl, Cartagena","The 8 best destinations from Rafael Nunez Intl, Cartagena: non-stop return flights ranked by real value and kilometres per euro, not just lowest price. Real fares observed on 2026-09-14.",8,392,24,23,17,2,2026-09-14,0.7,3,INDEXABLE_OK,Valido
https://efficiency-life.com/from/cts/,airport_en,200,https://efficiency-life.com/from/cts/,True,"index, follow",none,"Best-value flights from New Chitose Airport, Sapporo | CTS","Best-value flights from New Chitose Airport, Sapporo","The 15 best destinations from New Chitose Airport, Sapporo: non-stop return flights ranked by real value and kilometres per euro, not just lowest price. Real fares observed on 2026-09-14.",15,457,11,10,17,2,2026-09-14,0.7,3,INDEXABLE_OK,Valido
https://efficiency-life.com/from/ctu/,airport_en,200,https://efficiency-life.com/from/ctu/,True,"index, follow",none,"Best-value flights from Chengdu Shuangliu Intl, Chengdu | CTU","Best-value flights from Chengdu Shuangliu Intl, Chengdu","The 40 best destinations from Chengdu Shuangliu Intl, Chengdu: non-stop return flights ranked by real value and kilometres per euro, not just lowest price. Real fares observed on 2026-09-14.",40,461,13,12,17,2,2026-09-14,0.7,3,INDEXABLE_OK,Valido
https://efficiency-life.com/from/cun/,airport_en,200,https://efficiency-life.com/from/cun/,True,"index, follow",none,"Best-value flights from Cancun Intl, Cancun | CUN","Best-value flights from Cancun Intl, Cancun","The 34 best destinations from Cancun Intl, Cancun: non-stop return flights ranked by real value and kilometres per euro, not just lowest price. Real fares observed on 2026-09-14.",34,486,11,10,17,2,2026-09-14,0.7,3,INDEXABLE_OK,Valido
https://efficiency-life.com/from/cvg/,airport_en,200,https://efficiency-life.com/from/cvg/,True,"index, follow",none,"Best-value flights from Cincinnati/Northern Kentucky Intl, Covington | CVG","Best-value flights from Cincinnati/Northern Kentucky Intl, Covington","The 25 best destinations from Cincinnati/Northern Kentucky Intl, Covington: non-stop return flights ranked by real value and kilometres per euro, not just lowest price. Real fares observed on 2026-09-14.",25,473,21,20,17,2,2026-09-14,0.7,3,INDEXABLE_OK,Valido
https://efficiency-life.com/from/cwb/,airport_en,200,https://efficiency-life.com/from/cwb/,True,"index, follow",none,"Best-value flights from Afonso Pena Airport, Curitiba | CWB","Best-value flights from Afonso Pena Airport, Curitiba","The 9 best destinations from Afonso Pena Airport, Curitiba: non-stop return flights ranked by real value and kilometres per euro, not just lowest price. Real fares observed on 2026-09-14.",9,418,21,20,17,2,2026-09-14,0.7,3,INDEXABLE_OK,Valido
https://efficiency-life.com/from/cxr/,airport_en,200,https://efficiency-life.com/from/cxr/,True,"index, follow",none,"Best-value flights from Cam Ranh, Cam Ranh | CXR","Best-value flights from Cam Ranh, Cam Ranh","The 30 best destinations from Cam Ranh, Cam Ranh: non-stop return flights ranked by real value and kilometres per euro, not just lowest price. Real fares observed on 2026-09-14.",30,474,11,10,17,2,2026-09-14,0.7,3,INDEXABLE_OK,Valido
https://efficiency-life.com/from/dac/,airport_en,200,https://efficiency-life.com/from/dac/,True,"index, follow",none,"Best-value flights from Dhaka / Hazrat Shahjalal Intl, Dhaka | DAC","Best-value flights from Dhaka / Hazrat Shahjalal Intl, Dhaka","The 36 best destinations from Dhaka / Hazrat Shahjalal Intl, Dhaka: non-stop return flights ranked by real value and kilometres per euro, not just lowest price. Real fares observed on 2026-09-14.",36,471,6,5,17,2,2026-09-14,0.7,3,INDEXABLE_OK,Valido
https://efficiency-life.com/from/dad/,airport_en,200,https://efficiency-life.com/from/dad/,True,"index, follow",none,"Best-value flights from Da Nang Intl, Da Nang | DAD","Best-value flights from Da Nang Intl, Da Nang","The 25 best destinations from Da Nang Intl, Da Nang: non-stop return flights ranked by real value and kilometres per euro, not just lowest price. Real fares observed on 2026-09-14.",25,481,14,13,17,2,2026-09-14,0.7,3,INDEXABLE_OK,Valido
https://efficiency-life.com/from/dal/,airport_en,200,https://efficiency-life.com/from/dal/,True,"index, follow",none,"Best-value flights from Dallas Love Field, Dallas | DAL","Best-value flights from Dallas Love Field, Dallas","The 41 best destinations from Dallas Love Field, Dallas: non-stop return flights ranked by real value and kilometres per euro, not just lowest price. Real fares observed on 2026-09-14.",41,475,11,10,17,2,2026-09-14,0.7,3,INDEXABLE_OK,Valido
https://efficiency-life.com/from/dar/,airport_en,200,https://efficiency-life.com/from/dar/,True,"index, follow",none,"Best-value flights from Mwalimu Julius K. Nyerere Intl, Dar es Salaam | DAR","Best-value flights from Mwalimu Julius K. Nyerere Intl, Dar es Salaam","The 22 best destinations from Mwalimu Julius K. Nyerere Intl, Dar es Salaam: non-stop return flights ranked by real value and kilometres per euro, not just lowest price. Real fares observed on 2026-09-14.",22,480,19,18,17,2,2026-09-14,0.7,3,INDEXABLE_OK,Valido
https://efficiency-life.com/from/dbv/,airport_en,200,https://efficiency-life.com/from/dbv/,True,"index, follow",none,"Best-value flights from Dubrovnik Airport, Dubrovnik | DBV","Best-value flights from Dubrovnik Airport, Dubrovnik","The 16 best destinations from Dubrovnik Airport, Dubrovnik: non-stop return flights ranked by real value and kilometres per euro, not just lowest price. Real fares observed on 2026-09-14.",16,453,14,13,17,2,2026-09-14,0.7,3,INDEXABLE_OK,Valido
https://efficiency-life.com/from/dca/,airport_en,200,https://efficiency-life.com/from/dca/,True,"index, follow",none,"Best-value flights from Ronald Reagan Washington Ntl Airport, Washington | DCA","Best-value flights from Ronald Reagan Washington Ntl Airport, Washington","The 57 best destinations from Ronald Reagan Washington Ntl Airport, Washington: non-stop return flights ranked by real value and kilometres per euro, not just lowest price. Real fares observed on 2026-09-14.",57,486,18,17,17,2,2026-09-14,0.7,3,INDEXABLE_OK,Valido
https://efficiency-life.com/from/del/,airport_en,200,https://efficiency-life.com/from/del/,True,"index, follow",none,"Best-value flights from Indira Gandhi Intl, New Delhi | DEL","Best-value flights from Indira Gandhi Intl, New Delhi","The 120 best destinations from Indira Gandhi Intl, New Delhi: non-stop return flights ranked by real value and kilometres per euro, not just lowest price. Real fares observed on 2026-09-14.",120,474,13,12,17,2,2026-09-14,0.7,3,INDEXABLE_OK,Valido
https://efficiency-life.com/from/den/,airport_en,200,https://efficiency-life.com/from/den/,True,"index, follow",none,"Best-value flights from Denver Intl, Denver | DEN","Best-value flights from Denver Intl, Denver","The 71 best destinations from Denver Intl, Denver: non-stop return flights ranked by real value and kilometres per euro, not just lowest price. Real fares observed on 2026-09-14.",71,481,8,7,17,2,2026-09-14,0.7,3,INDEXABLE_OK,Valido
https://efficiency-life.com/from/dfw/,airport_en,200,https://efficiency-life.com/from/dfw/,True,"index, follow",none,"Best-value flights from Dallas-Fort Worth Intl, Dallas-Fort Worth | DFW","Best-value flights from Dallas-Fort Worth Intl, Dallas-Fort Worth","The 111 best destinations from Dallas-Fort Worth Intl, Dallas-Fort Worth: non-stop return flights ranked by real value and kilometres per euro, not just lowest price. Real fares observed on 2026-09-14.",111,486,12,11,17,2,2026-09-14,0.7,3,INDEXABLE_OK,Valido
https://efficiency-life.com/from/djt/,airport_en,200,https://efficiency-life.com/from/djt/,True,"index, follow",none,"Best-value flights from President Donald J. Trump International Airport, President Donald J. Trump International Airport | DJT","Best-value flights from President Donald J. Trump International Airport, President Donald J. Trump International Airport","The 9 best destinations from President Donald J. Trump International Airport, President Donald J. Trump International Airport: non-stop return flights ranked by real value and kilometres per euro, not just lowest price. Real fares observed on 2026-09-14.",9,454,11,10,17,2,2026-09-14,0.7,3,INDEXABLE_OK,Valido
https://efficiency-life.com/from/dla/,airport_en,200,https://efficiency-life.com/from/dla/,True,"index, follow",none,"Best-value flights from Douala Intl, Douala | DLA","Best-value flights from Douala Intl, Douala","The 11 best destinations from Douala Intl, Douala: non-stop return flights ranked by real value and kilometres per euro, not just lowest price. Real fares observed on 2026-09-14.",11,439,13,12,17,2,2026-09-14,0.7,3,INDEXABLE_OK,Valido
https://efficiency-life.com/from/dlc/,airport_en,200,https://efficiency-life.com/from/dlc/,True,"index, follow",none,"Best-value flights from Zhoushuizi Airport, Dalian | DLC","Best-value flights from Zhoushuizi Airport, Dalian","The 18 best destinations from Zhoushuizi Airport, Dalian: non-stop return flights ranked by real value and kilometres per euro, not just lowest price. Real fares observed on 2026-09-14.",18,449,20,19,17,2,2026-09-14,0.7,3,INDEXABLE_OK,Valido
https://efficiency-life.com/from/dlm/,airport_en,200,https://efficiency-life.com/from/dlm/,True,"index, follow",none,"Best-value flights from Dalaman Intl, Dalaman | DLM","Best-value flights from Dalaman Intl, Dalaman","The 20 best destinations from Dalaman Intl, Dalaman: non-stop return flights ranked by real value and kilometres per euro, not just lowest price. Real fares observed on 2026-09-14.",20,464,20,19,17,2,2026-09-14,0.7,3,INDEXABLE_OK,Valido
https://efficiency-life.com/from/dme/,airport_en,200,https://efficiency-life.com/from/dme/,True,"index, follow",none,"Best-value flights from Domodedovo Intl, Mosca | DME","Best-value flights from Domodedovo Intl, Mosca","The 46 best destinations from Domodedovo Intl, Mosca: non-stop return flights ranked by real value and kilometres per euro, not just lowest price. Real fares observed on 2026-09-14.",46,477,14,13,17,2,2026-09-14,0.7,3,INDEXABLE_OK,Valido
https://efficiency-life.com/from/dmk/,airport_en,200,https://efficiency-life.com/from/dmk/,True,"index, follow",none,"Best-value flights from Don Mueang Intl, Bangkok | DMK","Best-value flights from Don Mueang Intl, Bangkok","The 75 best destinations from Don Mueang Intl, Bangkok: non-stop return flights ranked by real value and kilometres per euro, not just lowest price. Real fares observed on 2026-09-14.",75,478,15,14,17,2,2026-09-14,0.7,3,INDEXABLE_OK,Valido
https://efficiency-life.com/from/dmm/,airport_en,200,https://efficiency-life.com/from/dmm/,True,"index, follow",none,"Best-value flights from King Fahd Intl, Ad Dammam | DMM","Best-value flights from King Fahd Intl, Ad Dammam","The 31 best destinations from King Fahd Intl, Ad Dammam: non-stop return flights ranked by real value and kilometres per euro, not just lowest price. Real fares observed on 2026-09-14.",31,468,21,20,17,2,2026-09-14,0.7,3,INDEXABLE_OK,Valido
https://efficiency-life.com/from/doh/,airport_en,200,https://efficiency-life.com/from/doh/,True,"index, follow",none,"Best-value flights from Hamad Intl, Doha | DOH","Best-value flights from Hamad Intl, Doha","The 109 best destinations from Hamad Intl, Doha: non-stop return flights ranked by real value and kilometres per euro, not just lowest price. Real fares observed on 2026-09-14.",109,455,16,15,17,2,2026-09-14,0.7,3,INDEXABLE_OK,Valido
https://efficiency-life.com/from/dps/,airport_en,200,https://efficiency-life.com/from/dps/,True,"index, follow",none,"Best-value flights from Ngurah Rai (Bali) Intl, Denpasar-Bali Island | DPS","Best-value flights from Ngurah Rai (Bali) Intl, Denpasar-Bali Island","The 55 best destinations from Ngurah Rai (Bali) Intl, Denpasar-Bali Island: non-stop return flights ranked by real value and kilometres per euro, not just lowest price. Real fares observed on 2026-09-14.",55,490,15,14,17,2,2026-09-14,0.7,3,INDEXABLE_OK,Valido
https://efficiency-life.com/from/drs/,airport_en,200,https://efficiency-life.com/from/drs/,True,"index, follow",none,"Best-value flights from Dresden Airport, Dresden | DRS","Best-value flights from Dresden Airport, Dresden","The 9 best destinations from Dresden Airport, Dresden: non-stop return flights ranked by real value and kilometres per euro, not just lowest price. Real fares observed on 2026-09-14.",9,396,11,10,17,2,2026-09-14,0.7,3,INDEXABLE_OK,Valido
https://efficiency-life.com/from/dsm/,airport_en,200,https://efficiency-life.com/from/dsm/,True,"index, follow",none,"Best-value flights from Des Moines International Airport, Des Moines International Airport | DSM","Best-value flights from Des Moines International Airport, Des Moines International Airport","The 9 best destinations from Des Moines International Airport, Des Moines International Airport: non-stop return flights ranked by real value and kilometres per euro, not just lowest price. Real fares observed on 2026-09-14.",9,437,12,11,17,2,2026-09-14,0.7,3,INDEXABLE_OK,Valido
https://efficiency-life.com/from/dss/,airport_en,200,https://efficiency-life.com/from/dss/,True,"index, follow",none,"Best-value flights from Blaise Diagne, Dakar | DSS","Best-value flights from Blaise Diagne, Dakar","The 23 best destinations from Blaise Diagne, Dakar: non-stop return flights ranked by real value and kilometres per euro, not just lowest price. Real fares observed on 2026-09-14.",23,450,12,11,17,2,2026-09-14,0.7,3,INDEXABLE_OK,Valido
https://efficiency-life.com/from/dtm/,airport_en,200,https://efficiency-life.com/from/dtm/,True,"index, follow",none,"Best-value flights from Dortmund Airport, Dortmund | DTM","Best-value flights from Dortmund Airport, Dortmund","The 33 best destinations from Dortmund Airport, Dortmund: non-stop return flights ranked by real value and kilometres per euro, not just lowest price. Real fares observed on 2026-09-14.",33,466,17,16,17,2,2026-09-14,0.7,3,INDEXABLE_OK,Valido
https://efficiency-life.com/from/dtw/,airport_en,200,https://efficiency-life.com/from/dtw/,True,"index, follow",none,"Best-value flights from Detroit Metro Wayne County Airport, Detroit | DTW","Best-value flights from Detroit Metro Wayne County Airport, Detroit","The 27 best destinations from Detroit Metro Wayne County Airport, Detroit: non-stop return flights ranked by real value and kilometres per euro, not just lowest price. Real fares observed on 2026-09-14.",27,485,15,14,17,2,2026-09-14,0.7,3,INDEXABLE_OK,Valido
https://efficiency-life.com/from/dub/,airport_en,200,https://efficiency-life.com/from/dub/,True,"index, follow",none,"Best-value flights from Dublin Airport, Dublin | DUB","Best-value flights from Dublin Airport, Dublin","The 102 best destinations from Dublin Airport, Dublin: non-stop return flights ranked by real value and kilometres per euro, not just lowest price. Real fares observed on 2026-09-14.",102,462,10,9,17,2,2026-09-14,0.7,3,INDEXABLE_OK,Valido
https://efficiency-life.com/from/dur/,airport_en,200,https://efficiency-life.com/from/dur/,True,"index, follow",none,"Best-value flights from King Shaka Intl, Durban | DUR","Best-value flights from King Shaka Intl, Durban","The 7 best destinations from King Shaka Intl, Durban: non-stop return flights ranked by real value and kilometres per euro, not just lowest price. Real fares observed on 2026-09-14.",7,385,11,10,17,2,2026-09-14,0.7,3,INDEXABLE_OK,Valido
https://efficiency-life.com/from/dus/,airport_en,200,https://efficiency-life.com/from/dus/,True,"index, follow",none,"Best-value flights from Dusseldorf Intl, Dusseldorf | DUS","Best-value flights from Dusseldorf Intl, Dusseldorf","The 125 best destinations from Dusseldorf Intl, Dusseldorf: non-stop return flights ranked by real value and kilometres per euro, not just lowest price. Real fares observed on 2026-09-14.",125,472,18,17,17,2,2026-09-14,0.7,3,INDEXABLE_OK,Valido
https://efficiency-life.com/from/dwc/,airport_en,200,https://efficiency-life.com/from/dwc/,True,"index, follow",none,"Best-value flights from Al Maktoum Intl, Jebel Ali | DWC","Best-value flights from Al Maktoum Intl, Jebel Ali","The 16 best destinations from Al Maktoum Intl, Jebel Ali: non-stop return flights ranked by real value and kilometres per euro, not just lowest price. Real fares observed on 2026-09-14.",16,464,14,13,17,2,2026-09-14,0.7,3,INDEXABLE_OK,Valido
https://efficiency-life.com/from/dxb/,airport_en,200,https://efficiency-life.com/from/dxb/,True,"index, follow",none,"Best-value flights from Dubai Intl, Dubai | DXB","Best-value flights from Dubai Intl, Dubai","The 194 best destinations from Dubai Intl, Dubai: non-stop return flights ranked by real value and kilometres per euro, not just lowest price. Real fares observed on 2026-09-14.",194,465,16,14,17,1,2026-09-14,0.7,3,INDEXABLE_OK,Valido
https://efficiency-life.com/from/dyg/,airport_en,200,https://efficiency-life.com/from/dyg/,True,"index, follow",none,"Best-value flights from Zhangjiajie Hehua Airport, Zhangjiajie Hehua Airport | DYG","Best-value flights from Zhangjiajie Hehua Airport, Zhangjiajie Hehua Airport","The 8 best destinations from Zhangjiajie Hehua Airport, Zhangjiajie Hehua Airport: non-stop return flights ranked by real value and kilometres per euro, not just lowest price. Real fares observed on 2026-09-14.",8,385,19,18,17,2,2026-09-14,0.7,3,INDEXABLE_OK,Valido
https://efficiency-life.com/from/dyu/,airport_en,200,https://efficiency-life.com/from/dyu/,True,"index, follow",none,"Best-value flights from Dushanbe Airport, Dushanbe | DYU","Best-value flights from Dushanbe Airport, Dushanbe","The 28 best destinations from Dushanbe Airport, Dushanbe: non-stop return flights ranked by real value and kilometres per euro, not just lowest price. Real fares observed on 2026-09-14.",28,449,15,14,17,2,2026-09-14,0.7,3,INDEXABLE_OK,Valido
https://efficiency-life.com/from/eas/,airport_en,200,https://efficiency-life.com/from/eas/,True,"index, follow",none,"Best-value flights from San Sebastian Airport, San Sebastian Airport | EAS","Best-value flights from San Sebastian Airport, San Sebastian Airport","The 6 best destinations from San Sebastian Airport, San Sebastian Airport: non-stop return flights ranked by real value and kilometres per euro, not just lowest price. Real fares observed on 2026-09-14.",6,359,18,17,17,2,2026-09-14,0.7,3,INDEXABLE_OK,Valido
https://efficiency-life.com/from/ebb/,airport_en,200,https://efficiency-life.com/from/ebb/,True,"index, follow",none,"Best-value flights from Entebbe Intl, Kampala | EBB","Best-value flights from Entebbe Intl, Kampala","The 17 best destinations from Entebbe Intl, Kampala: non-stop return flights ranked by real value and kilometres per euro, not just lowest price. Real fares observed on 2026-09-14.",17,473,16,15,17,2,2026-09-14,0.7,3,INDEXABLE_OK,Valido
https://efficiency-life.com/from/ecn/,airport_en,200,https://efficiency-life.com/from/ecn/,True,"index, follow",none,"Best-value flights from Ercan Airport, Ercan Airport | ECN","Best-value flights from Ercan Airport, Ercan Airport","The 11 best destinations from Ercan Airport, Ercan Airport: non-stop return flights ranked by real value and kilometres per euro, not just lowest price. Real fares observed on 2026-09-14.",11,445,8,7,17,2,2026-09-14,0.7,3,INDEXABLE_OK,Valido
https://efficiency-life.com/from/edi/,airport_en,200,https://efficiency-life.com/from/edi/,True,"index, follow",none,"Best-value flights from Edinburgh Airport, Edinburgh | EDI","Best-value flights from Edinburgh Airport, Edinburgh","The 63 best destinations from Edinburgh Airport, Edinburgh: non-stop return flights ranked by real value and kilometres per euro, not just lowest price. Real fares observed on 2026-09-14.",63,471,13,12,18,2,2026-09-14,0.7,3,INDEXABLE_OK,Valido
https://efficiency-life.com/from/ein/,airport_en,200,https://efficiency-life.com/from/ein/,True,"index, follow",none,"Best-value flights from Eindhoven Airport, Eindhoven | EIN","Best-value flights from Eindhoven Airport, Eindhoven","The 50 best destinations from Eindhoven Airport, Eindhoven: non-stop return flights ranked by real value and kilometres per euro, not just lowest price. Real fares observed on 2026-09-14.",50,463,15,14,17,2,2026-09-14,0.7,3,INDEXABLE_OK,Valido
https://efficiency-life.com/from/elq/,airport_en,200,https://efficiency-life.com/from/elq/,True,"index, follow",none,"Best-value flights from Gassim Airport, ELQ | ELQ","Best-value flights from Gassim Airport, ELQ","The 8 best destinations from Gassim Airport, ELQ: non-stop return flights ranked by real value and kilometres per euro, not just lowest price. Real fares observed on 2026-09-14.",8,384,22,21,17,2,2026-09-14,0.7,3,INDEXABLE_OK,Valido
https://efficiency-life.com/from/ema/,airport_en,200,https://efficiency-life.com/from/ema/,True,"index, follow",none,"Best-value flights from East Midlands Airport, Nottingham | EMA","Best-value flights from East Midlands Airport, Nottingham","The 10 best destinations from East Midlands Airport, Nottingham: non-stop return flights ranked by real value and kilometres per euro, not just lowest price. Real fares observed on 2026-09-14.",10,423,23,22,17,2,2026-09-14,0.7,3,INDEXABLE_OK,Valido
https://efficiency-life.com/from/esb/,airport_en,200,https://efficiency-life.com/from/esb/,True,"index, follow",none,"Best-value flights from Esenboga, Ankara | ESB","Best-value flights from Esenboga, Ankara","The 57 best destinations from Esenboga, Ankara: non-stop return flights ranked by real value and kilometres per euro, not just lowest price. Real fares observed on 2026-09-14.",57,467,15,14,17,2,2026-09-14,0.7,3,INDEXABLE_OK,Valido
https://efficiency-life.com/from/evn/,airport_en,200,https://efficiency-life.com/from/evn/,True,"index, follow",none,"Best-value flights from Zvartnots Intl, Yerevan | EVN","Best-value flights from Zvartnots Intl, Yerevan","The 74 best destinations from Zvartnots Intl, Yerevan: non-stop return flights ranked by real value and kilometres per euro, not just lowest price. Real fares observed on 2026-09-14.",74,469,7,6,17,2,2026-09-14,0.7,3,INDEXABLE_OK,Valido
https://efficiency-life.com/from/ewr/,airport_en,200,https://efficiency-life.com/from/ewr/,True,"index, follow",none,"Best-value flights from Newark Liberty, New York | EWR","Best-value flights from Newark Liberty, New York","The 130 best destinations from Newark Liberty, New York: non-stop return flights ranked by real value and kilometres per euro, not just lowest price. Real fares observed on 2026-09-14.",130,473,16,15,17,2,2026-09-14,0.7,3,INDEXABLE_OK,Valido
https://efficiency-life.com/from/eyk/,airport_en,200,https://efficiency-life.com/from/eyk/,True,"index, follow",none,"Best-value flights from Beloyarsky Airport, Beloyarsky Airport | EYK","Best-value flights from Beloyarsky Airport, Beloyarsky Airport","The 8 best destinations from Beloyarsky Airport, Beloyarsky Airport: non-stop return flights ranked by real value and kilometres per euro, not just lowest price. Real fares observed on 2026-09-14.",8,392,14,13,17,2,2026-09-14,0.7,3,INDEXABLE_OK,Valido
https://efficiency-life.com/from/eze/,airport_en,200,https://efficiency-life.com/from/eze/,True,"index, follow",none,"Best-value flights from Ministro Pistarini Intl, Ezeiza | EZE","Best-value flights from Ministro Pistarini Intl, Ezeiza","The 44 best destinations from Ministro Pistarini Intl, Ezeiza: non-stop return flights ranked by real value and kilometres per euro, not just lowest price. Real fares observed on 2026-09-14.",44,475,7,6,17,2,2026-09-14,0.7,3,INDEXABLE_OK,Valido
https://efficiency-life.com/from/fao/,airport_en,200,https://efficiency-life.com/from/fao/,True,"index, follow",none,"Best-value flights from Faro Airport, Faro | FAO","Best-value flights from Faro Airport, Faro","The 31 best destinations from Faro Airport, Faro: non-stop return flights ranked by real value and kilometres per euro, not just lowest price. Real fares observed on 2026-09-14.",31,464,8,7,17,2,2026-09-14,0.7,3,INDEXABLE_OK,Valido
https://efficiency-life.com/from/fco/,airport_en,200,https://efficiency-life.com/from/fco/,True,"index, follow",none,"Best-value flights from Fiumicino, Roma | FCO","Best-value flights from Fiumicino, Roma","The 156 best destinations from Fiumicino, Roma: non-stop return flights ranked by real value and kilometres per euro, not just lowest price. Real fares observed on 2026-09-14.",156,464,19,17,17,1,2026-09-14,0.7,3,INDEXABLE_OK,Valido
https://efficiency-life.com/from/feg/,airport_en,200,https://efficiency-life.com/from/feg/,True,"index, follow",none,"Best-value flights from Fergana Airport, Fergana Airport | FEG","Best-value flights from Fergana Airport, Fergana Airport","The 10 best destinations from Fergana Airport, Fergana Airport: non-stop return flights ranked by real value and kilometres per euro, not just lowest price. Real fares observed on 2026-09-14.",10,431,16,15,17,2,2026-09-14,0.7,3,INDEXABLE_OK,Valido
https://efficiency-life.com/from/fez/,airport_en,200,https://efficiency-life.com/from/fez/,True,"index, follow",none,"Best-value flights from Saiss Airport, Fes | FEZ","Best-value flights from Saiss Airport, Fes","The 9 best destinations from Saiss Airport, Fes: non-stop return flights ranked by real value and kilometres per euro, not just lowest price. Real fares observed on 2026-09-14.",9,399,16,15,17,2,2026-09-14,0.7,3,INDEXABLE_OK,Valido
https://efficiency-life.com/from/fih/,airport_en,200,https://efficiency-life.com/from/fih/,True,"index, follow",none,"Best-value flights from Ndjili Intl, Kinshasa | FIH","Best-value flights from Ndjili Intl, Kinshasa","The 8 best destinations from Ndjili Intl, Kinshasa: non-stop return flights ranked by real value and kilometres per euro, not just lowest price. Real fares observed on 2026-09-14.",8,388,18,17,17,2,2026-09-14,0.7,3,INDEXABLE_OK,Valido
https://efficiency-life.com/from/fkb/,airport_en,200,https://efficiency-life.com/from/fkb/,True,"index, follow",none,"Best-value flights from Karlsruhe Baden-Baden Airport, Baden-Baden | FKB","Best-value flights from Karlsruhe Baden-Baden Airport, Baden-Baden","The 24 best destinations from Karlsruhe Baden-Baden Airport, Baden-Baden: non-stop return flights ranked by real value and kilometres per euro, not just lowest price. Real fares observed on 2026-09-14.",24,472,13,12,17,2,2026-09-14,0.7,3,INDEXABLE_OK,Valido
https://efficiency-life.com/from/fll/,airport_en,200,https://efficiency-life.com/from/fll/,True,"index, follow",none,"Best-value flights from Fort Lauderdale/Hollywood Intl, Fort Lauderdale | FLL","Best-value flights from Fort Lauderdale/Hollywood Intl, Fort Lauderdale","The 71 best destinations from Fort Lauderdale/Hollywood Intl, Fort Lauderdale: non-stop return flights ranked by real value and kilometres per euro, not just lowest price. Real fares observed on 2026-09-14.",71,498,11,10,17,2,2026-09-14,0.7,3,INDEXABLE_OK,Valido
https://efficiency-life.com/from/fln/,airport_en,200,https://efficiency-life.com/from/fln/,True,"index, follow",none,"Best-value flights from Hercilio Luz Intl, Florianopolis | FLN","Best-value flights from Hercilio Luz Intl, Florianopolis","The 9 best destinations from Hercilio Luz Intl, Florianopolis: non-stop return flights ranked by real value and kilometres per euro, not just lowest price. Real fares observed on 2026-09-14.",9,411,20,19,17,2,2026-09-14,0.7,3,INDEXABLE_OK,Valido
https://efficiency-life.com/from/flr/,airport_en,200,https://efficiency-life.com/from/flr/,True,"index, follow",none,"Best-value flights from Firenze / Peretola Airport, Firenze | FLR","Best-value flights from Firenze / Peretola Airport, Firenze","The 17 best destinations from Firenze / Peretola Airport, Firenze: non-stop return flights ranked by real value and kilometres per euro, not just lowest price. Real fares observed on 2026-09-14.",17,459,19,18,17,2,2026-09-14,0.7,3,INDEXABLE_OK,Valido
https://efficiency-life.com/from/fmm/,airport_en,200,https://efficiency-life.com/from/fmm/,True,"index, follow",none,"Best-value flights from Memmingen Allgau Airport, Memmingen | FMM","Best-value flights from Memmingen Allgau Airport, Memmingen","The 43 best destinations from Memmingen Allgau Airport, Memmingen: non-stop return flights ranked by real value and kilometres per euro, not just lowest price. Real fares observed on 2026-09-14.",43,464,12,11,17,2,2026-09-14,0.7,3,INDEXABLE_OK,Valido
https://efficiency-life.com/from/fmo/,airport_en,200,https://efficiency-life.com/from/fmo/,True,"index, follow",none,"Best-value flights from Munster Osnabruck International Airport, Munster Osnabruck International Airport | FMO","Best-value flights from Munster Osnabruck International Airport, Munster Osnabruck International Airport","The 9 best destinations from Munster Osnabruck International Airport, Munster Osnabruck International Airport: non-stop return flights ranked by real value and kilometres per euro, not just lowest price. Real fares observed on 2026-09-14.",9,426,17,16,17,2,2026-09-14,0.7,3,INDEXABLE_OK,Valido
https://efficiency-life.com/from/fnc/,airport_en,200,https://efficiency-life.com/from/fnc/,True,"index, follow",none,"Best-value flights from Madeira Airport, Funchal | FNC","Best-value flights from Madeira Airport, Funchal","The 20 best destinations from Madeira Airport, Funchal: non-stop return flights ranked by real value and kilometres per euro, not just lowest price. Real fares observed on 2026-09-14.",20,468,6,5,17,2,2026-09-14,0.7,3,INDEXABLE_OK,Valido
https://efficiency-life.com/from/foc/,airport_en,200,https://efficiency-life.com/from/foc/,True,"index, follow",none,"Best-value flights from Fuzhou Changle Intl, Fuzhou | FOC","Best-value flights from Fuzhou Changle Intl, Fuzhou","The 7 best destinations from Fuzhou Changle Intl, Fuzhou: non-stop return flights ranked by real value and kilometres per euro, not just lowest price. Real fares observed on 2026-09-14.",7,362,21,20,17,2,2026-09-14,0.7,3,INDEXABLE_OK,Valido
https://efficiency-life.com/from/for/,airport_en,200,https://efficiency-life.com/from/for/,True,"index, follow",none,"Best-value flights from Pinto Martins Intl, Fortaleza | FOR","Best-value flights from Pinto Martins Intl, Fortaleza","The 11 best destinations from Pinto Martins Intl, Fortaleza: non-stop return flights ranked by real value and kilometres per euro, not just lowest price. Real fares observed on 2026-09-14.",11,451,10,9,17,2,2026-09-14,0.7,3,INDEXABLE_OK,Valido
https://efficiency-life.com/from/fra/,airport_en,200,https://efficiency-life.com/from/fra/,True,"index, follow",none,"Best-value flights from Frankfurt am Main Intl, Frankfurt am Main | FRA","Best-value flights from Frankfurt am Main Intl, Frankfurt am Main","The 214 best destinations from Frankfurt am Main Intl, Frankfurt am Main: non-stop return flights ranked by real value and kilometres per euro, not just lowest price. Real fares observed on 2026-09-14.",214,478,20,18,17,1,2026-09-14,0.7,3,INDEXABLE_OK,Valido
https://efficiency-life.com/from/fuk/,airport_en,200,https://efficiency-life.com/from/fuk/,True,"index, follow",none,"Best-value flights from Fukuoka Airport, Fukuoka | FUK","Best-value flights from Fukuoka Airport, Fukuoka","The 22 best destinations from Fukuoka Airport, Fukuoka: non-stop return flights ranked by real value and kilometres per euro, not just lowest price. Real fares observed on 2026-09-14.",22,459,17,16,17,2,2026-09-14,0.7,3,INDEXABLE_OK,Valido
https://efficiency-life.com/from/gdl/,airport_en,200,https://efficiency-life.com/from/gdl/,True,"index, follow",none,"Best-value flights from Don Miguel Hidalgo Y Costilla Intl, Guadalajara | GDL","Best-value flights from Don Miguel Hidalgo Y Costilla Intl, Guadalajara","The 27 best destinations from Don Miguel Hidalgo Y Costilla Intl, Guadalajara: non-stop return flights ranked by real value and kilometres per euro, not just lowest price. Real fares observed on 2026-09-14.",27,488,12,11,17,2,2026-09-14,0.7,3,INDEXABLE_OK,Valido
https://efficiency-life.com/from/gdn/,airport_en,200,https://efficiency-life.com/from/gdn/,True,"index, follow",none,"Best-value flights from Gdańsk Lech Wałęsa Airport, Gdańsk | GDN","Best-value flights from Gdańsk Lech Wałęsa Airport, Gdańsk","The 66 best destinations from Gdańsk Lech Wałęsa Airport, Gdańsk: non-stop return flights ranked by real value and kilometres per euro, not just lowest price. Real fares observed on 2026-09-14.",66,466,20,19,17,2,2026-09-14,0.7,3,INDEXABLE_OK,Valido
https://efficiency-life.com/from/gdx/,airport_en,200,https://efficiency-life.com/from/gdx/,True,"index, follow",none,"Best-value flights from Magadan Airport, Magadan Airport | GDX","Best-value flights from Magadan Airport, Magadan Airport","The 11 best destinations from Magadan Airport, Magadan Airport: non-stop return flights ranked by real value and kilometres per euro, not just lowest price. Real fares observed on 2026-09-14.",11,453,9,8,17,2,2026-09-14,0.7,3,INDEXABLE_OK,Valido
https://efficiency-life.com/from/geg/,airport_en,200,https://efficiency-life.com/from/geg/,True,"index, follow",none,"Best-value flights from Spokane Intl, Spokane | GEG","Best-value flights from Spokane Intl, Spokane","The 7 best destinations from Spokane Intl, Spokane: non-stop return flights ranked by real value and kilometres per euro, not just lowest price. Real fares observed on 2026-09-14.",7,373,11,10,17,2,2026-09-14,0.7,3,INDEXABLE_OK,Valido
https://efficiency-life.com/from/gig/,airport_en,200,https://efficiency-life.com/from/gig/,True,"index, follow",none,"Best-value flights from Galeao - Antonio Carlos Jobim Intl, Rio De Janeiro | GIG","Best-value flights from Galeao - Antonio Carlos Jobim Intl, Rio De Janeiro","The 44 best destinations from Galeao - Antonio Carlos Jobim Intl, Rio De Janeiro: non-stop return flights ranked by real value and kilometres per euro, not just lowest price. Real fares observed on 2026-09-14.",44,485,19,18,17,2,2026-09-14,0.7,3,INDEXABLE_OK,Valido
https://efficiency-life.com/from/gla/,airport_en,200,https://efficiency-life.com/from/gla/,True,"index, follow",none,"Best-value flights from Glasgow Intl, Glasgow | GLA","Best-value flights from Glasgow Intl, Glasgow","The 22 best destinations from Glasgow Intl, Glasgow: non-stop return flights ranked by real value and kilometres per euro, not just lowest price. Real fares observed on 2026-09-14.",22,466,12,11,18,2,2026-09-14,0.7,3,INDEXABLE_OK,Valido
https://efficiency-life.com/from/gmp/,airport_en,200,https://efficiency-life.com/from/gmp/,True,"index, follow",none,"Best-value flights from Gimpo Intl, Seoul | GMP","Best-value flights from Gimpo Intl, Seoul","The 11 best destinations from Gimpo Intl, Seoul: non-stop return flights ranked by real value and kilometres per euro, not just lowest price. Real fares observed on 2026-09-14.",11,438,7,6,17,2,2026-09-14,0.7,3,INDEXABLE_OK,Valido
https://efficiency-life.com/from/goa/,airport_en,200,https://efficiency-life.com/from/goa/,True,"index, follow",none,"Best-value flights from Genova / Sestri Cristoforo Colombo Airport, Genova | GOA","Best-value flights from Genova / Sestri Cristoforo Colombo Airport, Genova","The 13 best destinations from Genova / Sestri Cristoforo Colombo Airport, Genova: non-stop return flights ranked by real value and kilometres per euro, not just lowest price. Real fares observed on 2026-09-14.",13,468,15,14,17,2,2026-09-14,0.7,3,INDEXABLE_OK,Valido
https://efficiency-life.com/from/goi/,airport_en,200,https://efficiency-life.com/from/goi/,True,"index, follow",none,"Best-value flights from Dabolim Airport, Dabolim | GOI","Best-value flights from Dabolim Airport, Dabolim","The 16 best destinations from Dabolim Airport, Dabolim: non-stop return flights ranked by real value and kilometres per euro, not just lowest price. Real fares observed on 2026-09-14.",16,454,19,18,17,2,2026-09-14,0.7,3,INDEXABLE_OK,Valido
https://efficiency-life.com/from/goj/,airport_en,200,https://efficiency-life.com/from/goj/,True,"index, follow",none,"Best-value flights from Nizhny Novgorod International Airport, Nizhny Novgorod International Airport | GOJ","Best-value flights from Nizhny Novgorod International Airport, Nizhny Novgorod International Airport","The 20 best destinations from Nizhny Novgorod International Airport, Nizhny Novgorod International Airport: non-stop return flights ranked by real value and kilometres per euro, not just lowest price. Real fares observed on 2026-09-14.",20,488,21,20,17,2,2026-09-14,0.7,3,INDEXABLE_OK,Valido
https://efficiency-life.com/from/got/,airport_en,200,https://efficiency-life.com/from/got/,True,"index, follow",none,"Best-value flights from Gothenburg-Landvetter Airport, Gothenburg | GOT","Best-value flights from Gothenburg-Landvetter Airport, Gothenburg","The 40 best destinations from Gothenburg-Landvetter Airport, Gothenburg: non-stop return flights ranked by real value and kilometres per euro, not just lowest price. Real fares observed on 2026-09-14.",40,463,12,11,17,2,2026-09-14,0.7,3,INDEXABLE_OK,Valido
https://efficiency-life.com/from/gox/,airport_en,200,https://efficiency-life.com/from/gox/,True,"index, follow",none,"Best-value flights from Manohar Intl, Mopa | GOX","Best-value flights from Manohar Intl, Mopa","The 11 best destinations from Manohar Intl, Mopa: non-stop return flights ranked by real value and kilometres per euro, not just lowest price. Real fares observed on 2026-09-14.",11,438,20,19,17,2,2026-09-14,0.7,3,INDEXABLE_OK,Valido
https://efficiency-life.com/from/gro/,airport_en,200,https://efficiency-life.com/from/gro/,True,"index, follow",none,"Best-value flights from Girona-Costa Brava Airport, Girona-Costa Brava Airport | GRO","Best-value flights from Girona-Costa Brava Airport, Girona-Costa Brava Airport","The 15 best destinations from Girona-Costa Brava Airport, Girona-Costa Brava Airport: non-stop return flights ranked by real value and kilometres per euro, not just lowest price. Real fares observed on 2026-09-14.",15,478,15,14,17,2,2026-09-14,0.7,3,INDEXABLE_OK,Valido
https://efficiency-life.com/from/grr/,airport_en,200,https://efficiency-life.com/from/grr/,True,"index, follow",none,"Best-value flights from Gerald R Ford Intl, Grand Rapids | GRR","Best-value flights from Gerald R Ford Intl, Grand Rapids","The 12 best destinations from Gerald R Ford Intl, Grand Rapids: non-stop return flights ranked by real value and kilometres per euro, not just lowest price. Real fares observed on 2026-09-14.",12,480,13,12,17,2,2026-09-14,0.7,3,INDEXABLE_OK,Valido
https://efficiency-life.com/from/gru/,airport_en,200,https://efficiency-life.com/from/gru/,True,"index, follow",none,"Best-value flights from Guarulhos - Governador Andre Franco Montoro Intl, Sao Paulo | GRU","Best-value flights from Guarulhos - Governador Andre Franco Montoro Intl, Sao Paulo","The 82 best destinations from Guarulhos - Governador Andre Franco Montoro Intl, Sao Paulo: non-stop return flights ranked by real value and kilometres per euro, not just lowest price. Real fares observed on 2026-09-14.",82,497,20,19,17,2,2026-09-14,0.7,3,INDEXABLE_OK,Valido
https://efficiency-life.com/from/grv/,airport_en,200,https://efficiency-life.com/from/grv/,True,"index, follow",none,"Best-value flights from Groznyy Airport, Groznyy Airport | GRV","Best-value flights from Groznyy Airport, Groznyy Airport","The 9 best destinations from Groznyy Airport, Groznyy Airport: non-stop return flights ranked by real value and kilometres per euro, not just lowest price. Real fares observed on 2026-09-14.",9,406,16,15,17,2,2026-09-14,0.7,3,INDEXABLE_OK,Valido
https://efficiency-life.com/from/grx/,airport_en,200,https://efficiency-life.com/from/grx/,True,"index, follow",none,"Best-value flights from Federico Garcia Lorca Airport, Granada | GRX","Best-value flights from Federico Garcia Lorca Airport, Granada","The 6 best destinations from Federico Garcia Lorca Airport, Granada: non-stop return flights ranked by real value and kilometres per euro, not just lowest price. Real fares observed on 2026-09-14.",6,354,21,20,17,2,2026-09-14,0.7,3,INDEXABLE_OK,Valido
https://efficiency-life.com/from/grz/,airport_en,200,https://efficiency-life.com/from/grz/,True,"index, follow",none,"Best-value flights from Graz Airport, Graz | GRZ","Best-value flights from Graz Airport, Graz","The 9 best destinations from Graz Airport, Graz: non-stop return flights ranked by real value and kilometres per euro, not just lowest price. Real fares observed on 2026-09-14.",9,393,10,9,17,2,2026-09-14,0.7,3,INDEXABLE_OK,Valido
https://efficiency-life.com/from/gsp/,airport_en,200,https://efficiency-life.com/from/gsp/,True,"index, follow",none,"Best-value flights from Greenville-Spartanburg International Airport, Greenville-Spartanburg International Airport | GSP","Best-value flights from Greenville-Spartanburg International Airport, Greenville-Spartanburg International Airport","The 6 best destinations from Greenville-Spartanburg International Airport, Greenville-Spartanburg International Airport: non-stop return flights ranked by real value and kilometres per euro, not just lowest price. Real fares observed on 2026-09-14.",6,364,12,11,17,2,2026-09-14,0.7,3,INDEXABLE_OK,Valido
https://efficiency-life.com/from/gsv/,airport_en,200,https://efficiency-life.com/from/gsv/,True,"index, follow",none,"Best-value flights from Gagarin, Saratov | GSV","Best-value flights from Gagarin, Saratov","The 12 best destinations from Gagarin, Saratov: non-stop return flights ranked by real value and kilometres per euro, not just lowest price. Real fares observed on 2026-09-14.",12,456,20,19,17,2,2026-09-14,0.7,3,INDEXABLE_OK,Valido
https://efficiency-life.com/from/gua/,airport_en,200,https://efficiency-life.com/from/gua/,True,"index, follow",none,"Best-value flights from La Aurora Airport, Guatemala City | GUA","Best-value flights from La Aurora Airport, Guatemala City","The 18 best destinations from La Aurora Airport, Guatemala City: non-stop return flights ranked by real value and kilometres per euro, not just lowest price. Real fares observed on 2026-09-14.",18,478,7,6,17,2,2026-09-14,0.7,3,INDEXABLE_OK,Valido
https://efficiency-life.com/from/guw/,airport_en,200,https://efficiency-life.com/from/guw/,True,"index, follow",none,"Best-value flights from Atyrau Airport, Atyrau Airport | GUW","Best-value flights from Atyrau Airport, Atyrau Airport","The 9 best destinations from Atyrau Airport, Atyrau Airport: non-stop return flights ranked by real value and kilometres per euro, not just lowest price. Real fares observed on 2026-09-14.",9,407,12,11,17,2,2026-09-14,0.7,3,INDEXABLE_OK,Valido
https://efficiency-life.com/from/gva/,airport_en,200,https://efficiency-life.com/from/gva/,True,"index, follow",none,"Best-value flights from Geneva Cointrin Intl, Geneva | GVA","Best-value flights from Geneva Cointrin Intl, Geneva","The 76 best destinations from Geneva Cointrin Intl, Geneva: non-stop return flights ranked by real value and kilometres per euro, not just lowest price. Real fares observed on 2026-09-14.",76,466,11,10,17,2,2026-09-14,0.7,3,INDEXABLE_OK,Valido
https://efficiency-life.com/from/gyd/,airport_en,200,https://efficiency-life.com/from/gyd/,True,"index, follow",none,"Best-value flights from Heydar Aliyev Intl, Baku | GYD","Best-value flights from Heydar Aliyev Intl, Baku","The 65 best destinations from Heydar Aliyev Intl, Baku: non-stop return flights ranked by real value and kilometres per euro, not just lowest price. Real fares observed on 2026-09-14.",65,479,6,5,17,2,2026-09-14,0.7,3,INDEXABLE_OK,Valido
https://efficiency-life.com/from/gye/,airport_en,200,https://efficiency-life.com/from/gye/,True,"index, follow",none,"Best-value flights from Simon Bolivar Intl, Guayaquil | GYE","Best-value flights from Simon Bolivar Intl, Guayaquil","The 11 best destinations from Simon Bolivar Intl, Guayaquil: non-stop return flights ranked by real value and kilometres per euro, not just lowest price. Real fares observed on 2026-09-14.",11,456,10,9,17,2,2026-09-14,0.7,3,INDEXABLE_OK,Valido
https://efficiency-life.com/from/gyn/,airport_en,200,https://efficiency-life.com/from/gyn/,True,"index, follow",none,"Best-value flights from Santa Genoveva Airport, Goiania | GYN","Best-value flights from Santa Genoveva Airport, Goiania","The 9 best destinations from Santa Genoveva Airport, Goiania: non-stop return flights ranked by real value and kilometres per euro, not just lowest price. Real fares observed on 2026-09-14.",9,417,24,23,17,2,2026-09-14,0.7,3,INDEXABLE_OK,Valido
https://efficiency-life.com/from/gzp/,airport_en,200,https://efficiency-life.com/from/gzp/,True,"index, follow",none,"Best-value flights from Gazipasa Airport, Gazipasa Airport | GZP","Best-value flights from Gazipasa Airport, Gazipasa Airport","The 7 best destinations from Gazipasa Airport, Gazipasa Airport: non-stop return flights ranked by real value and kilometres per euro, not just lowest price. Real fares observed on 2026-09-14.",7,359,18,17,17,2,2026-09-14,0.7,3,INDEXABLE_OK,Valido
https://efficiency-life.com/from/gzt/,airport_en,200,https://efficiency-life.com/from/gzt/,True,"index, follow",none,"Best-value flights from Gaziantep Intl, Gaziantep | GZT","Best-value flights from Gaziantep Intl, Gaziantep","The 6 best destinations from Gaziantep Intl, Gaziantep: non-stop return flights ranked by real value and kilometres per euro, not just lowest price. Real fares observed on 2026-09-14.",6,341,15,14,17,2,2026-09-14,0.7,3,INDEXABLE_OK,Valido
https://efficiency-life.com/from/haj/,airport_en,200,https://efficiency-life.com/from/haj/,True,"index, follow",none,"Best-value flights from Hannover Airport, Hannover | HAJ","Best-value flights from Hannover Airport, Hannover","The 40 best destinations from Hannover Airport, Hannover: non-stop return flights ranked by real value and kilometres per euro, not just lowest price. Real fares observed on 2026-09-14.",40,462,13,12,17,2,2026-09-14,0.7,3,INDEXABLE_OK,Valido
https://efficiency-life.com/from/hak/,airport_en,200,https://efficiency-life.com/from/hak/,True,"index, follow",none,"Best-value flights from Haikou Meilan Intl, Haikou | HAK","Best-value flights from Haikou Meilan Intl, Haikou","The 22 best destinations from Haikou Meilan Intl, Haikou: non-stop return flights ranked by real value and kilometres per euro, not just lowest price. Real fares observed on 2026-09-14.",22,454,13,12,17,2,2026-09-14,0.7,3,INDEXABLE_OK,Valido
https://efficiency-life.com/from/ham/,airport_en,200,https://efficiency-life.com/from/ham/,True,"index, follow",none,"Best-value flights from Hamburg Airport, Hamburg | HAM","Best-value flights from Hamburg Airport, Hamburg","The 81 best destinations from Hamburg Airport, Hamburg: non-stop return flights ranked by real value and kilometres per euro, not just lowest price. Real fares observed on 2026-09-14.",81,462,16,15,17,2,2026-09-14,0.7,3,INDEXABLE_OK,Valido
https://efficiency-life.com/from/han/,airport_en,200,https://efficiency-life.com/from/han/,True,"index, follow",none,"Best-value flights from Noi Bai Intl, Hanoi | HAN","Best-value flights from Noi Bai Intl, Hanoi","The 54 best destinations from Noi Bai Intl, Hanoi: non-stop return flights ranked by real value and kilometres per euro, not just lowest price. Real fares observed on 2026-09-14.",54,482,9,8,17,2,2026-09-14,0.7,3,INDEXABLE_OK,Valido
https://efficiency-life.com/from/hav/,airport_en,200,https://efficiency-life.com/from/hav/,True,"index, follow",none,"Best-value flights from Jose Marti Intl, Havana | HAV","Best-value flights from Jose Marti Intl, Havana","The 9 best destinations from Jose Marti Intl, Havana: non-stop return flights ranked by real value and kilometres per euro, not just lowest price. Real fares observed on 2026-09-14.",9,417,10,9,17,2,2026-09-14,0.7,3,INDEXABLE_OK,Valido
https://efficiency-life.com/from/hel/,airport_en,200,https://efficiency-life.com/from/hel/,True,"index, follow",none,"Best-value flights from Helsinki Vantaa Airport, Helsinki | HEL","Best-value flights from Helsinki Vantaa Airport, Helsinki","The 92 best destinations from Helsinki Vantaa Airport, Helsinki: non-stop return flights ranked by real value and kilometres per euro, not just lowest price. Real fares observed on 2026-09-14.",92,470,9,8,17,2,2026-09-14,0.7,3,INDEXABLE_OK,Valido
https://efficiency-life.com/from/her/,airport_en,200,https://efficiency-life.com/from/her/,True,"index, follow",none,"Best-value flights from Heraklion Intl Nikos Kazantzakis Airport, Heraklion | HER","Best-value flights from Heraklion Intl Nikos Kazantzakis Airport, Heraklion","The 25 best destinations from Heraklion Intl Nikos Kazantzakis Airport, Heraklion: non-stop return flights ranked by real value and kilometres per euro, not just lowest price. Real fares observed on 2026-09-14.",25,468,8,7,17,2,2026-09-14,0.7,3,INDEXABLE_OK,Valido
https://efficiency-life.com/from/het/,airport_en,200,https://efficiency-life.com/from/het/,True,"index, follow",none,"Best-value flights from Hohhot Baita International Airport, Hohhot Baita International Airport | HET","Best-value flights from Hohhot Baita International Airport, Hohhot Baita International Airport","The 8 best destinations from Hohhot Baita International Airport, Hohhot Baita International Airport: non-stop return flights ranked by real value and kilometres per euro, not just lowest price. Real fares observed on 2026-09-14.",8,395,15,14,17,2,2026-09-14,0.7,3,INDEXABLE_OK,Valido
https://efficiency-life.com/from/hgh/,airport_en,200,https://efficiency-life.com/from/hgh/,True,"index, follow",none,"Best-value flights from Hangzhou Xiaoshan Intl, Hangzhou | HGH","Best-value flights from Hangzhou Xiaoshan Intl, Hangzhou","The 38 best destinations from Hangzhou Xiaoshan Intl, Hangzhou: non-stop return flights ranked by real value and kilometres per euro, not just lowest price. Real fares observed on 2026-09-14.",38,456,17,16,17,2,2026-09-14,0.7,3,INDEXABLE_OK,Valido
https://efficiency-life.com/from/hhn/,airport_en,200,https://efficiency-life.com/from/hhn/,True,"index, follow",none,"Best-value flights from Frankfurt - Hahn Airport, Frankfurt - Hahn Airport | HHN","Best-value flights from Frankfurt - Hahn Airport, Frankfurt - Hahn Airport","The 38 best destinations from Frankfurt - Hahn Airport, Frankfurt - Hahn Airport: non-stop return flights ranked by real value and kilometres per euro, not just lowest price. Real fares observed on 2026-09-14.",38,479,19,18,17,2,2026-09-14,0.7,3,INDEXABLE_OK,Valido
https://efficiency-life.com/from/hkg/,airport_en,200,https://efficiency-life.com/from/hkg/,True,"index, follow",none,"Best-value flights from Chek Lap Kok Intl, Hong Kong | HKG","Best-value flights from Chek Lap Kok Intl, Hong Kong","The 85 best destinations from Chek Lap Kok Intl, Hong Kong: non-stop return flights ranked by real value and kilometres per euro, not just lowest price. Real fares observed on 2026-09-14.",85,479,10,9,17,2,2026-09-14,0.7,3,INDEXABLE_OK,Valido
https://efficiency-life.com/from/hkt/,airport_en,200,https://efficiency-life.com/from/hkt/,True,"index, follow",none,"Best-value flights from Phuket Intl, Phuket | HKT","Best-value flights from Phuket Intl, Phuket","The 52 best destinations from Phuket Intl, Phuket: non-stop return flights ranked by real value and kilometres per euro, not just lowest price. Real fares observed on 2026-09-14.",52,472,16,15,17,2,2026-09-14,0.7,3,INDEXABLE_OK,Valido
https://efficiency-life.com/from/hld/,airport_en,200,https://efficiency-life.com/from/hld/,True,"index, follow",none,"Best-value flights from Hulunbuir Hailar Airport, Hulunbuir Hailar Airport | HLD","Best-value flights from Hulunbuir Hailar Airport, Hulunbuir Hailar Airport","The 8 best destinations from Hulunbuir Hailar Airport, Hulunbuir Hailar Airport: non-stop return flights ranked by real value and kilometres per euro, not just lowest price. Real fares observed on 2026-09-14.",8,393,9,8,17,2,2026-09-14,0.7,3,INDEXABLE_OK,Valido
https://efficiency-life.com/from/hlp/,airport_en,200,https://efficiency-life.com/from/hlp/,True,"index, follow",none,"Best-value flights from Halim Perdanakusuma Airport, Halim Perdanakusuma Airport | HLP","Best-value flights from Halim Perdanakusuma Airport, Halim Perdanakusuma Airport","The 6 best destinations from Halim Perdanakusuma Airport, Halim Perdanakusuma Airport: non-stop return flights ranked by real value and kilometres per euro, not just lowest price. Real fares observed on 2026-09-14.",6,362,8,7,17,2,2026-09-14,0.7,3,INDEXABLE_OK,Valido
https://efficiency-life.com/from/hma/,airport_en,200,https://efficiency-life.com/from/hma/,True,"index, follow",none,"Best-value flights from Khanty-Mansiysk Airport, Khanty-Mansiysk Airport | HMA","Best-value flights from Khanty-Mansiysk Airport, Khanty-Mansiysk Airport","The 19 best destinations from Khanty-Mansiysk Airport, Khanty-Mansiysk Airport: non-stop return flights ranked by real value and kilometres per euro, not just lowest price. Real fares observed on 2026-09-14.",19,475,16,15,17,2,2026-09-14,0.7,3,INDEXABLE_OK,Valido
https://efficiency-life.com/from/hnd/,airport_en,200,https://efficiency-life.com/from/hnd/,True,"index, follow",none,"Best-value flights from Haneda, Tokyo | HND","Best-value flights from Haneda, Tokyo","The 75 best destinations from Haneda, Tokyo: non-stop return flights ranked by real value and kilometres per euro, not just lowest price. Real fares observed on 2026-09-14.",75,459,11,10,17,2,2026-09-14,0.7,3,INDEXABLE_OK,Valido
https://efficiency-life.com/from/hnl/,airport_en,200,https://efficiency-life.com/from/hnl/,True,"index, follow",none,"Best-value flights from Daniel K Inouye Intl, Honolulu | HNL","Best-value flights from Daniel K Inouye Intl, Honolulu","The 24 best destinations from Daniel K Inouye Intl, Honolulu: non-stop return flights ranked by real value and kilometres per euro, not just lowest price. Real fares observed on 2026-09-14.",24,492,6,5,17,2,2026-09-14,0.7,3,INDEXABLE_OK,Valido
https://efficiency-life.com/from/hou/,airport_en,200,https://efficiency-life.com/from/hou/,True,"index, follow",none,"Best-value flights from William P Hobby Airport, Houston | HOU","Best-value flights from William P Hobby Airport, Houston","The 43 best destinations from William P Hobby Airport, Houston: non-stop return flights ranked by real value and kilometres per euro, not just lowest price. Real fares observed on 2026-09-14.",43,481,11,10,17,2,2026-09-14,0.7,3,INDEXABLE_OK,Valido
https://efficiency-life.com/from/hrb/,airport_en,200,https://efficiency-life.com/from/hrb/,True,"index, follow",none,"Best-value flights from Taiping Airport, Harbin | HRB","Best-value flights from Taiping Airport, Harbin","The 46 best destinations from Taiping Airport, Harbin: non-stop return flights ranked by real value and kilometres per euro, not just lowest price. Real fares observed on 2026-09-14.",46,452,11,10,17,2,2026-09-14,0.7,3,INDEXABLE_OK,Valido
https://efficiency-life.com/from/hre/,airport_en,200,https://efficiency-life.com/from/hre/,True,"index, follow",none,"Best-value flights from Harare Intl, Harare | HRE","Best-value flights from Harare Intl, Harare","The 10 best destinations from Harare Intl, Harare: non-stop return flights ranked by real value and kilometres per euro, not just lowest price. Real fares observed on 2026-09-14.",10,422,19,18,17,2,2026-09-14,0.7,3,INDEXABLE_OK,Valido
https://efficiency-life.com/from/hrg/,airport_en,200,https://efficiency-life.com/from/hrg/,True,"index, follow",none,"Best-value flights from Hurghada Intl, Hurghada | HRG","Best-value flights from Hurghada Intl, Hurghada","The 47 best destinations from Hurghada Intl, Hurghada: non-stop return flights ranked by real value and kilometres per euro, not just lowest price. Real fares observed on 2026-09-14.",47,462,6,5,17,2,2026-09-14,0.7,3,INDEXABLE_OK,Valido
https://efficiency-life.com/from/hta/,airport_en,200,https://efficiency-life.com/from/hta/,True,"index, follow",none,"Best-value flights from Chita Airport, Chita Airport | HTA","Best-value flights from Chita Airport, Chita Airport","The 21 best destinations from Chita Airport, Chita Airport: non-stop return flights ranked by real value and kilometres per euro, not just lowest price. Real fares observed on 2026-09-14.",21,473,14,13,18,2,2026-09-14,0.7,3,INDEXABLE_OK,Valido
https://efficiency-life.com/from/hyd/,airport_en,200,https://efficiency-life.com/from/hyd/,True,"index, follow",none,"Best-value flights from Rajiv Gandhi Intl Shamshabad, Hyderabad | HYD","Best-value flights from Rajiv Gandhi Intl Shamshabad, Hyderabad","The 30 best destinations from Rajiv Gandhi Intl Shamshabad, Hyderabad: non-stop return flights ranked by real value and kilometres per euro, not just lowest price. Real fares observed on 2026-09-14.",30,471,21,20,17,2,2026-09-14,0.7,3,INDEXABLE_OK,Valido
https://efficiency-life.com/from/iad/,airport_en,200,https://efficiency-life.com/from/iad/,True,"index, follow",none,"Best-value flights from Washington Dulles Intl, Washington | IAD","Best-value flights from Washington Dulles Intl, Washington","The 85 best destinations from Washington Dulles Intl, Washington: non-stop return flights ranked by real value and kilometres per euro, not just lowest price. Real fares observed on 2026-09-14.",85,473,20,19,17,2,2026-09-14,0.7,3,INDEXABLE_OK,Valido
https://efficiency-life.com/from/iah/,airport_en,200,https://efficiency-life.com/from/iah/,True,"index, follow",none,"Best-value flights from George Bush Intcntl/Houston Airport, Houston | IAH","Best-value flights from George Bush Intcntl/Houston Airport, Houston","The 95 best destinations from George Bush Intcntl/Houston Airport, Houston: non-stop return flights ranked by real value and kilometres per euro, not just lowest price. Real fares observed on 2026-09-14.",95,483,9,8,17,2,2026-09-14,0.7,3,INDEXABLE_OK,Valido
https://efficiency-life.com/from/ias/,airport_en,200,https://efficiency-life.com/from/ias/,True,"index, follow",none,"Best-value flights from Iasi Airport, Iasi | IAS","Best-value flights from Iasi Airport, Iasi","The 21 best destinations from Iasi Airport, Iasi: non-stop return flights ranked by real value and kilometres per euro, not just lowest price. Real fares observed on 2026-09-14.",21,460,10,9,17,2,2026-09-14,0.7,3,INDEXABLE_OK,Valido
https://efficiency-life.com/from/ibz/,airport_en,200,https://efficiency-life.com/from/ibz/,True,"index, follow",none,"Best-value flights from Ibiza Airport, Ibiza | IBZ","Best-value flights from Ibiza Airport, Ibiza","The 19 best destinations from Ibiza Airport, Ibiza: non-stop return flights ranked by real value and kilometres per euro, not just lowest price. Real fares observed on 2026-09-14.",19,458,20,19,17,2,2026-09-14,0.7,3,INDEXABLE_OK,Valido
https://efficiency-life.com/from/icn/,airport_en,200,https://efficiency-life.com/from/icn/,True,"index, follow",none,"Best-value flights from Incheon Intl, Seoul | ICN","Best-value flights from Incheon Intl, Seoul","The 103 best destinations from Incheon Intl, Seoul: non-stop return flights ranked by real value and kilometres per euro, not just lowest price. Real fares observed on 2026-09-14.",103,467,7,6,17,2,2026-09-14,0.7,3,INDEXABLE_OK,Valido
https://efficiency-life.com/from/ijk/,airport_en,200,https://efficiency-life.com/from/ijk/,True,"index, follow",none,"Best-value flights from Izhevsk Airport, Izhevsk Airport | IJK","Best-value flights from Izhevsk Airport, Izhevsk Airport","The 7 best destinations from Izhevsk Airport, Izhevsk Airport: non-stop return flights ranked by real value and kilometres per euro, not just lowest price. Real fares observed on 2026-09-14.",7,373,16,15,17,2,2026-09-14,0.7,3,INDEXABLE_OK,Valido
https://efficiency-life.com/from/ika/,airport_en,200,https://efficiency-life.com/from/ika/,True,"index, follow",none,"Best-value flights from Imam Khomeini Intl, Tehran | IKA","Best-value flights from Imam Khomeini Intl, Tehran","The 14 best destinations from Imam Khomeini Intl, Tehran: non-stop return flights ranked by real value and kilometres per euro, not just lowest price. Real fares observed on 2026-09-14.",14,456,15,14,17,2,2026-09-14,0.7,3,INDEXABLE_OK,Valido
https://efficiency-life.com/from/ikt/,airport_en,200,https://efficiency-life.com/from/ikt/,True,"index, follow",none,"Best-value flights from Irkutsk International Airport, Irkutsk International Airport | IKT","Best-value flights from Irkutsk International Airport, Irkutsk International Airport","The 49 best destinations from Irkutsk International Airport, Irkutsk International Airport: non-stop return flights ranked by real value and kilometres per euro, not just lowest price. Real fares observed on 2026-09-14.",49,482,19,18,18,2,2026-09-14,0.7,3,INDEXABLE_OK,Valido
https://efficiency-life.com/from/ind/,airport_en,200,https://efficiency-life.com/from/ind/,True,"index, follow",none,"Best-value flights from Indianapolis Intl, Indianapolis | IND","Best-value flights from Indianapolis Intl, Indianapolis","The 24 best destinations from Indianapolis Intl, Indianapolis: non-stop return flights ranked by real value and kilometres per euro, not just lowest price. Real fares observed on 2026-09-14.",24,471,20,19,17,2,2026-09-14,0.7,3,INDEXABLE_OK,Valido
https://efficiency-life.com/from/ini/,airport_en,200,https://efficiency-life.com/from/ini/,True,"index, follow",none,"Best-value flights from Nis Airport, Nis | INI","Best-value flights from Nis Airport, Nis","The 6 best destinations from Nis Airport, Nis: non-stop return flights ranked by real value and kilometres per euro, not just lowest price. Real fares observed on 2026-09-14.",6,338,19,18,17,2,2026-09-14,0.7,3,INDEXABLE_OK,Valido
https://efficiency-life.com/from/isb/,airport_en,200,https://efficiency-life.com/from/isb/,True,"index, follow",none,"Best-value flights from Islamabad Intl, Islamabad | ISB","Best-value flights from Islamabad Intl, Islamabad","The 20 best destinations from Islamabad Intl, Islamabad: non-stop return flights ranked by real value and kilometres per euro, not just lowest price. Real fares observed on 2026-09-14.",20,460,7,6,17,2,2026-09-14,0.7,3,INDEXABLE_OK,Valido
https://efficiency-life.com/from/ist/,airport_en,200,https://efficiency-life.com/from/ist/,True,"index, follow",none,"Best-value flights from Istanbul, Istanbul | IST","Best-value flights from Istanbul, Istanbul","The 265 best destinations from Istanbul, Istanbul: non-stop return flights ranked by real value and kilometres per euro, not just lowest price. Real fares observed on 2026-09-14.",265,462,20,18,17,1,2026-09-14,0.7,3,INDEXABLE_OK,Valido
https://efficiency-life.com/from/itm/,airport_en,200,https://efficiency-life.com/from/itm/,True,"index, follow",none,"Best-value flights from Osaka Intl, Osaka | ITM","Best-value flights from Osaka Intl, Osaka","The 13 best destinations from Osaka Intl, Osaka: non-stop return flights ranked by real value and kilometres per euro, not just lowest price. Real fares observed on 2026-09-14.",13,447,13,12,17,2,2026-09-14,0.7,3,INDEXABLE_OK,Valido
https://efficiency-life.com/from/jai/,airport_en,200,https://efficiency-life.com/from/jai/,True,"index, follow",none,"Best-value flights from Jaipur Intl, Jaipur | JAI","Best-value flights from Jaipur Intl, Jaipur","The 6 best destinations from Jaipur Intl, Jaipur: non-stop return flights ranked by real value and kilometres per euro, not just lowest price. Real fares observed on 2026-09-14.",6,343,19,18,17,2,2026-09-14,0.7,3,INDEXABLE_OK,Valido
https://efficiency-life.com/from/jax/,airport_en,200,https://efficiency-life.com/from/jax/,True,"index, follow",none,"Best-value flights from Jacksonville Intl, Jacksonville | JAX","Best-value flights from Jacksonville Intl, Jacksonville","The 16 best destinations from Jacksonville Intl, Jacksonville: non-stop return flights ranked by real value and kilometres per euro, not just lowest price. Real fares observed on 2026-09-14.",16,475,17,16,17,2,2026-09-14,0.7,3,INDEXABLE_OK,Valido
https://efficiency-life.com/from/jed/,airport_en,200,https://efficiency-life.com/from/jed/,True,"index, follow",none,"Best-value flights from King Abdulaziz Intl, Jeddah | JED","Best-value flights from King Abdulaziz Intl, Jeddah","The 81 best destinations from King Abdulaziz Intl, Jeddah: non-stop return flights ranked by real value and kilometres per euro, not just lowest price. Real fares observed on 2026-09-14.",81,464,11,10,17,2,2026-09-14,0.7,3,INDEXABLE_OK,Valido
https://efficiency-life.com/from/jfk/,airport_en,200,https://efficiency-life.com/from/jfk/,True,"index, follow",none,"Best-value flights from John F. Kennedy, New York | JFK","Best-value flights from John F. Kennedy, New York","The 144 best destinations from John F. Kennedy, New York: non-stop return flights ranked by real value and kilometres per euro, not just lowest price. Real fares observed on 2026-09-14.",144,482,15,14,17,2,2026-09-14,0.7,3,INDEXABLE_OK,Valido
https://efficiency-life.com/from/jhb/,airport_en,200,https://efficiency-life.com/from/jhb/,True,"index, follow",none,"Best-value flights from Senai Intl, Senai | JHB","Best-value flights from Senai Intl, Senai","The 13 best destinations from Senai Intl, Senai: non-stop return flights ranked by real value and kilometres per euro, not just lowest price. Real fares observed on 2026-09-14.",13,474,13,12,17,2,2026-09-14,0.7,3,INDEXABLE_OK,Valido
https://efficiency-life.com/from/jmk/,airport_en,200,https://efficiency-life.com/from/jmk/,True,"index, follow",none,"Best-value flights from Mikonos Airport, Mykonos Island | JMK","Best-value flights from Mikonos Airport, Mykonos Island","The 6 best destinations from Mikonos Airport, Mykonos Island: non-stop return flights ranked by real value and kilometres per euro, not just lowest price. Real fares observed on 2026-09-14.",6,341,11,10,17,2,2026-09-14,0.7,3,INDEXABLE_OK,Valido
https://efficiency-life.com/from/jmu/,airport_en,200,https://efficiency-life.com/from/jmu/,True,"index, follow",none,"Best-value flights from Jiamusi Airport, Jiamusi Airport | JMU","Best-value flights from Jiamusi Airport, Jiamusi Airport","The 6 best destinations from Jiamusi Airport, Jiamusi Airport: non-stop return flights ranked by real value and kilometres per euro, not just lowest price. Real fares observed on 2026-09-14.",6,345,9,8,17,2,2026-09-14,0.7,3,INDEXABLE_OK,Valido
https://efficiency-life.com/from/jnb/,airport_en,200,https://efficiency-life.com/from/jnb/,True,"index, follow",none,"Best-value flights from O. R. Tambo Intl, Johannesburg | JNB","Best-value flights from O. R. Tambo Intl, Johannesburg","The 50 best destinations from O. R. Tambo Intl, Johannesburg: non-stop return flights ranked by real value and kilometres per euro, not just lowest price. Real fares observed on 2026-09-14.",50,485,11,10,17,2,2026-09-14,0.7,3,INDEXABLE_OK,Valido
https://efficiency-life.com/from/jpa/,airport_en,200,https://efficiency-life.com/from/jpa/,True,"index, follow",none,"Best-value flights from Presidente Castro Pinto Airport, Joao Pessoa | JPA","Best-value flights from Presidente Castro Pinto Airport, Joao Pessoa","The 6 best destinations from Presidente Castro Pinto Airport, Joao Pessoa: non-stop return flights ranked by real value and kilometres per euro, not just lowest price. Real fares observed on 2026-09-14.",6,363,9,8,17,2,2026-09-14,0.7,3,INDEXABLE_OK,Valido
https://efficiency-life.com/from/kbl/,airport_en,200,https://efficiency-life.com/from/kbl/,True,"index, follow",none,"Best-value flights from Kabul Intl, Kabul | KBL","Best-value flights from Kabul Intl, Kabul","The 7 best destinations from Kabul Intl, Kabul: non-stop return flights ranked by real value and kilometres per euro, not just lowest price. Real fares observed on 2026-09-14.",7,367,11,10,17,2,2026-09-14,0.7,3,INDEXABLE_OK,Valido
https://efficiency-life.com/from/kbv/,airport_en,200,https://efficiency-life.com/from/kbv/,True,"index, follow",none,"Best-value flights from Krabi Airport, Krabi | KBV","Best-value flights from Krabi Airport, Krabi","The 9 best destinations from Krabi Airport, Krabi: non-stop return flights ranked by real value and kilometres per euro, not just lowest price. Real fares observed on 2026-09-14.",9,417,20,19,17,2,2026-09-14,0.7,3,INDEXABLE_OK,Valido
https://efficiency-life.com/from/kcy/,airport_en,200,https://efficiency-life.com/from/kcy/,True,"index, follow",none,"Best-value flights from Cheremshanka, Cheremshanka | KCY","Best-value flights from Cheremshanka, Cheremshanka","The 16 best destinations from Cheremshanka, Cheremshanka: non-stop return flights ranked by real value and kilometres per euro, not just lowest price. Real fares observed on 2026-09-14.",16,454,16,15,17,2,2026-09-14,0.7,3,INDEXABLE_OK,Valido
https://efficiency-life.com/from/kef/,airport_en,200,https://efficiency-life.com/from/kef/,True,"index, follow",none,"Best-value flights from Keflavik Intl, Reykjavik | KEF","Best-value flights from Keflavik Intl, Reykjavik","The 34 best destinations from Keflavik Intl, Reykjavik: non-stop return flights ranked by real value and kilometres per euro, not just lowest price. Real fares observed on 2026-09-14.",34,459,6,5,17,2,2026-09-14,0.7,3,INDEXABLE_OK,Valido
https://efficiency-life.com/from/kej/,airport_en,200,https://efficiency-life.com/from/kej/,True,"index, follow",none,"Best-value flights from Kemerovo Airport, Kemerovo Airport | KEJ","Best-value flights from Kemerovo Airport, Kemerovo Airport","The 7 best destinations from Kemerovo Airport, Kemerovo Airport: non-stop return flights ranked by real value and kilometres per euro, not just lowest price. Real fares observed on 2026-09-14.",7,370,14,13,17,2,2026-09-14,0.7,3,INDEXABLE_OK,Valido
https://efficiency-life.com/from/kgd/,airport_en,200,https://efficiency-life.com/from/kgd/,True,"index, follow",none,"Best-value flights from Khrabrovo Airport, Khrabrovo Airport | KGD","Best-value flights from Khrabrovo Airport, Khrabrovo Airport","The 24 best destinations from Khrabrovo Airport, Khrabrovo Airport: non-stop return flights ranked by real value and kilometres per euro, not just lowest price. Real fares observed on 2026-09-14.",24,488,15,14,17,2,2026-09-14,0.7,3,INDEXABLE_OK,Valido
https://efficiency-life.com/from/kgf/,airport_en,200,https://efficiency-life.com/from/kgf/,True,"index, follow",none,"Best-value flights from Sary-Arka Intl, Karaganda | KGF","Best-value flights from Sary-Arka Intl, Karaganda","The 7 best destinations from Sary-Arka Intl, Karaganda: non-stop return flights ranked by real value and kilometres per euro, not just lowest price. Real fares observed on 2026-09-14.",7,366,11,10,17,2,2026-09-14,0.7,3,INDEXABLE_OK,Valido
https://efficiency-life.com/from/kgl/,airport_en,200,https://efficiency-life.com/from/kgl/,True,"index, follow",none,"Best-value flights from Kigali Intl, Kigali | KGL","Best-value flights from Kigali Intl, Kigali","The 10 best destinations from Kigali Intl, Kigali: non-stop return flights ranked by real value and kilometres per euro, not just lowest price. Real fares observed on 2026-09-14.",10,426,21,20,17,2,2026-09-14,0.7,3,INDEXABLE_OK,Valido
https://efficiency-life.com/from/khg/,airport_en,200,https://efficiency-life.com/from/khg/,True,"index, follow",none,"Best-value flights from Kashi Airport, Kashi Airport | KHG","Best-value flights from Kashi Airport, Kashi Airport","The 6 best destinations from Kashi Airport, Kashi Airport: non-stop return flights ranked by real value and kilometres per euro, not just lowest price. Real fares observed on 2026-09-14.",6,346,17,16,17,2,2026-09-14,0.7,3,INDEXABLE_OK,Valido
https://efficiency-life.com/from/khh/,airport_en,200,https://efficiency-life.com/from/khh/,True,"index, follow",none,"Best-value flights from Kaohsiung Intl, Kaohsiung City | KHH","Best-value flights from Kaohsiung Intl, Kaohsiung City","The 23 best destinations from Kaohsiung Intl, Kaohsiung City: non-stop return flights ranked by real value and kilometres per euro, not just lowest price. Real fares observed on 2026-09-14.",23,465,10,9,17,2,2026-09-14,0.7,3,INDEXABLE_OK,Valido
https://efficiency-life.com/from/khi/,airport_en,200,https://efficiency-life.com/from/khi/,True,"index, follow",none,"Best-value flights from Jinnah Intl, Karachi | KHI","Best-value flights from Jinnah Intl, Karachi","The 16 best destinations from Jinnah Intl, Karachi: non-stop return flights ranked by real value and kilometres per euro, not just lowest price. Real fares observed on 2026-09-14.",16,458,6,5,17,2,2026-09-14,0.7,3,INDEXABLE_OK,Valido
https://efficiency-life.com/from/khn/,airport_en,200,https://efficiency-life.com/from/khn/,True,"index, follow",none,"Best-value flights from Nanchang Changbei Intl, Nanchang | KHN","Best-value flights from Nanchang Changbei Intl, Nanchang","The 6 best destinations from Nanchang Changbei Intl, Nanchang: non-stop return flights ranked by real value and kilometres per euro, not just lowest price. Real fares observed on 2026-09-14.",6,344,28,27,17,2,2026-09-14,0.7,3,INDEXABLE_OK,Valido
https://efficiency-life.com/from/khv/,airport_en,200,https://efficiency-life.com/from/khv/,True,"index, follow",none,"Best-value flights from Khabarovsk Airport, Khabarovsk Airport | KHV","Best-value flights from Khabarovsk Airport, Khabarovsk Airport","The 34 best destinations from Khabarovsk Airport, Khabarovsk Airport: non-stop return flights ranked by real value and kilometres per euro, not just lowest price. Real fares observed on 2026-09-14.",34,470,10,9,17,2,2026-09-14,0.7,3,INDEXABLE_OK,Valido
https://efficiency-life.com/from/kin/,airport_en,200,https://efficiency-life.com/from/kin/,True,"index, follow",none,"Best-value flights from Norman Manley Intl, Kingston | KIN","Best-value flights from Norman Manley Intl, Kingston","The 8 best destinations from Norman Manley Intl, Kingston: non-stop return flights ranked by real value and kilometres per euro, not just lowest price. Real fares observed on 2026-09-14.",8,388,19,18,17,2,2026-09-14,0.7,3,INDEXABLE_OK,Valido
https://efficiency-life.com/from/kix/,airport_en,200,https://efficiency-life.com/from/kix/,True,"index, follow",none,"Best-value flights from Kansai Intl, Osaka | KIX","Best-value flights from Kansai Intl, Osaka","The 38 best destinations from Kansai Intl, Osaka: non-stop return flights ranked by real value and kilometres per euro, not just lowest price. Real fares observed on 2026-09-14.",38,462,13,12,17,2,2026-09-14,0.7,3,INDEXABLE_OK,Valido
https://efficiency-life.com/from/kja/,airport_en,200,https://efficiency-life.com/from/kja/,True,"index, follow",none,"Best-value flights from Yemelyanovo Airport, Krasnoyarsk | KJA","Best-value flights from Yemelyanovo Airport, Krasnoyarsk","The 70 best destinations from Yemelyanovo Airport, Krasnoyarsk: non-stop return flights ranked by real value and kilometres per euro, not just lowest price. Real fares observed on 2026-09-14.",70,470,16,15,17,2,2026-09-14,0.7,3,INDEXABLE_OK,Valido
https://efficiency-life.com/from/kmg/,airport_en,200,https://efficiency-life.com/from/kmg/,True,"index, follow",none,"Best-value flights from Kunming Wujiaba Intl, Kunming | KMG","Best-value flights from Kunming Wujiaba Intl, Kunming","The 22 best destinations from Kunming Wujiaba Intl, Kunming: non-stop return flights ranked by real value and kilometres per euro, not just lowest price. Real fares observed on 2026-09-14.",22,465,15,14,17,2,2026-09-14,0.7,3,INDEXABLE_OK,Valido
https://efficiency-life.com/from/kno/,airport_en,200,https://efficiency-life.com/from/kno/,True,"index, follow",none,"Best-value flights from Kualanamu, Medan | KNO","Best-value flights from Kualanamu, Medan","The 6 best destinations from Kualanamu, Medan: non-stop return flights ranked by real value and kilometres per euro, not just lowest price. Real fares observed on 2026-09-14.",6,341,14,13,17,2,2026-09-14,0.7,3,INDEXABLE_OK,Valido
https://efficiency-life.com/from/koj/,airport_en,200,https://efficiency-life.com/from/koj/,True,"index, follow",none,"Best-value flights from Kagoshima Airport, Kagoshima | KOJ","Best-value flights from Kagoshima Airport, Kagoshima","The 8 best destinations from Kagoshima Airport, Kagoshima: non-stop return flights ranked by real value and kilometres per euro, not just lowest price. Real fares observed on 2026-09-14.",8,375,15,14,17,2,2026-09-14,0.7,3,INDEXABLE_OK,Valido
https://efficiency-life.com/from/krk/,airport_en,200,https://efficiency-life.com/from/krk/,True,"index, follow",none,"Best-value flights from John Paul II Intl Kraków-Balice Airport, Kraków | KRK","Best-value flights from John Paul II Intl Kraków-Balice Airport, Kraków","The 107 best destinations from John Paul II Intl Kraków-Balice Airport, Kraków: non-stop return flights ranked by real value and kilometres per euro, not just lowest price. Real fares observed on 2026-09-14.",107,474,15,14,17,2,2026-09-14,0.7,3,INDEXABLE_OK,Valido
https://efficiency-life.com/from/krr/,airport_en,200,https://efficiency-life.com/from/krr/,True,"index, follow",none,"Best-value flights from Krasnodar Intl, Krasnodar | KRR","Best-value flights from Krasnodar Intl, Krasnodar","The 25 best destinations from Krasnodar Intl, Krasnodar: non-stop return flights ranked by real value and kilometres per euro, not just lowest price. Real fares observed on 2026-09-14.",25,472,13,12,17,2,2026-09-14,0.7,3,INDEXABLE_OK,Valido
https://efficiency-life.com/from/ksc/,airport_en,200,https://efficiency-life.com/from/ksc/,True,"index, follow",none,"Best-value flights from Kosice Airport, Kosice | KSC","Best-value flights from Kosice Airport, Kosice","The 10 best destinations from Kosice Airport, Kosice: non-stop return flights ranked by real value and kilometres per euro, not just lowest price. Real fares observed on 2026-09-14.",10,414,15,14,17,2,2026-09-14,0.7,3,INDEXABLE_OK,Valido
https://efficiency-life.com/from/ksn/,airport_en,200,https://efficiency-life.com/from/ksn/,True,"index, follow",none,"Best-value flights from Kostanay Airport, Kostanay Airport | KSN","Best-value flights from Kostanay Airport, Kostanay Airport","The 6 best destinations from Kostanay Airport, Kostanay Airport: non-stop return flights ranked by real value and kilometres per euro, not just lowest price. Real fares observed on 2026-09-14.",6,355,12,11,17,2,2026-09-14,0.7,3,INDEXABLE_OK,Valido
https://efficiency-life.com/from/kti/,airport_en,200,https://efficiency-life.com/from/kti/,True,"index, follow",none,"Best-value flights from Techo Intl, Krong Ta Khmau | KTI","Best-value flights from Techo Intl, Krong Ta Khmau","The 8 best destinations from Techo Intl, Krong Ta Khmau: non-stop return flights ranked by real value and kilometres per euro, not just lowest price. Real fares observed on 2026-09-14.",8,392,20,19,17,2,2026-09-14,0.7,3,INDEXABLE_OK,Valido
https://efficiency-life.com/from/ktm/,airport_en,200,https://efficiency-life.com/from/ktm/,True,"index, follow",none,"Best-value flights from Tribhuvan Intl, Kathmandu | KTM","Best-value flights from Tribhuvan Intl, Kathmandu","The 23 best destinations from Tribhuvan Intl, Kathmandu: non-stop return flights ranked by real value and kilometres per euro, not just lowest price. Real fares observed on 2026-09-14.",23,463,6,5,17,2,2026-09-14,0.7,3,INDEXABLE_OK,Valido
https://efficiency-life.com/from/ktw/,airport_en,200,https://efficiency-life.com/from/ktw/,True,"index, follow",none,"Best-value flights from Katowice Intl, Katowice | KTW","Best-value flights from Katowice Intl, Katowice","The 46 best destinations from Katowice Intl, Katowice: non-stop return flights ranked by real value and kilometres per euro, not just lowest price. Real fares observed on 2026-09-14.",46,466,16,15,17,2,2026-09-14,0.7,3,INDEXABLE_OK,Valido
https://efficiency-life.com/from/kuf/,airport_en,200,https://efficiency-life.com/from/kuf/,True,"index, follow",none,"Best-value flights from Kurumoch Intl, Samara | KUF","Best-value flights from Kurumoch Intl, Samara","The 38 best destinations from Kurumoch Intl, Samara: non-stop return flights ranked by real value and kilometres per euro, not just lowest price. Real fares observed on 2026-09-14.",38,482,19,18,17,2,2026-09-14,0.7,3,INDEXABLE_OK,Valido
https://efficiency-life.com/from/kul/,airport_en,200,https://efficiency-life.com/from/kul/,True,"index, follow",none,"Best-value flights from Kuala Lumpur Intl, Kuala Lumpur | KUL","Best-value flights from Kuala Lumpur Intl, Kuala Lumpur","The 109 best destinations from Kuala Lumpur Intl, Kuala Lumpur: non-stop return flights ranked by real value and kilometres per euro, not just lowest price. Real fares observed on 2026-09-14.",109,482,15,14,17,2,2026-09-14,0.7,3,INDEXABLE_OK,Valido
https://efficiency-life.com/from/kun/,airport_en,200,https://efficiency-life.com/from/kun/,True,"index, follow",none,"Best-value flights from Kaunas Intl, Kaunas | KUN","Best-value flights from Kaunas Intl, Kaunas","The 21 best destinations from Kaunas Intl, Kaunas: non-stop return flights ranked by real value and kilometres per euro, not just lowest price. Real fares observed on 2026-09-14.",21,460,11,10,17,2,2026-09-14,0.7,3,INDEXABLE_OK,Valido
https://efficiency-life.com/from/kut/,airport_en,200,https://efficiency-life.com/from/kut/,True,"index, follow",none,"Best-value flights from Kopitnari Airport, Kutaisi | KUT","Best-value flights from Kopitnari Airport, Kutaisi","The 33 best destinations from Kopitnari Airport, Kutaisi: non-stop return flights ranked by real value and kilometres per euro, not just lowest price. Real fares observed on 2026-09-14.",33,472,13,12,17,2,2026-09-14,0.7,3,INDEXABLE_OK,Valido
https://efficiency-life.com/from/kvx/,airport_en,200,https://efficiency-life.com/from/kvx/,True,"index, follow",none,"Best-value flights from Kirov Airport, Kirov Airport | KVX","Best-value flights from Kirov Airport, Kirov Airport","The 7 best destinations from Kirov Airport, Kirov Airport: non-stop return flights ranked by real value and kilometres per euro, not just lowest price. Real fares observed on 2026-09-14.",7,376,22,21,17,2,2026-09-14,0.7,3,INDEXABLE_OK,Valido
https://efficiency-life.com/from/kwi/,airport_en,200,https://efficiency-life.com/from/kwi/,True,"index, follow",none,"Best-value flights from Kuwait Intl, Kuwait City | KWI","Best-value flights from Kuwait Intl, Kuwait City","The 48 best destinations from Kuwait Intl, Kuwait City: non-stop return flights ranked by real value and kilometres per euro, not just lowest price. Real fares observed on 2026-09-14.",48,465,22,21,17,2,2026-09-14,0.7,3,INDEXABLE_OK,Valido
https://efficiency-life.com/from/kwl/,airport_en,200,https://efficiency-life.com/from/kwl/,True,"index, follow",none,"Best-value flights from Guilin Liangjiang International Airport, Guilin Liangjiang International Airport | KWL","Best-value flights from Guilin Liangjiang International Airport, Guilin Liangjiang International Airport","The 8 best destinations from Guilin Liangjiang International Airport, Guilin Liangjiang International Airport: non-stop return flights ranked by real value and kilometres per euro, not just lowest price. Real fares observed on 2026-09-14.",8,393,17,16,17,2,2026-09-14,0.7,3,INDEXABLE_OK,Valido
https://efficiency-life.com/from/kyz/,airport_en,200,https://efficiency-life.com/from/kyz/,True,"index, follow",none,"Best-value flights from Kyzyl Airport, Kyzyl Airport | KYZ","Best-value flights from Kyzyl Airport, Kyzyl Airport","The 6 best destinations from Kyzyl Airport, Kyzyl Airport: non-stop return flights ranked by real value and kilometres per euro, not just lowest price. Real fares observed on 2026-09-14.",6,352,18,17,17,2,2026-09-14,0.7,3,INDEXABLE_OK,Valido
https://efficiency-life.com/from/kzn/,airport_en,200,https://efficiency-life.com/from/kzn/,True,"index, follow",none,"Best-value flights from Kazan Intl, Kazan | KZN","Best-value flights from Kazan Intl, Kazan","The 68 best destinations from Kazan Intl, Kazan: non-stop return flights ranked by real value and kilometres per euro, not just lowest price. Real fares observed on 2026-09-14.",68,486,20,19,17,2,2026-09-14,0.7,3,INDEXABLE_OK,Valido
https://efficiency-life.com/from/las/,airport_en,200,https://efficiency-life.com/from/las/,True,"index, follow",none,"Best-value flights from Harry Reid Intl, Las Vegas | LAS","Best-value flights from Harry Reid Intl, Las Vegas","The 54 best destinations from Harry Reid Intl, Las Vegas: non-stop return flights ranked by real value and kilometres per euro, not just lowest price. Real fares observed on 2026-09-14.",54,488,23,22,17,2,2026-09-14,0.7,3,INDEXABLE_OK,Valido
https://efficiency-life.com/from/lax/,airport_en,200,https://efficiency-life.com/from/lax/,True,"index, follow",none,"Best-value flights from Los Angeles Intl, Los Angeles | LAX","Best-value flights from Los Angeles Intl, Los Angeles","The 110 best destinations from Los Angeles Intl, Los Angeles: non-stop return flights ranked by real value and kilometres per euro, not just lowest price. Real fares observed on 2026-09-14.",110,496,17,16,17,2,2026-09-14,0.7,3,INDEXABLE_OK,Valido
https://efficiency-life.com/from/lba/,airport_en,200,https://efficiency-life.com/from/lba/,True,"index, follow",none,"Best-value flights from Leeds Bradford Airport, Leeds | LBA","Best-value flights from Leeds Bradford Airport, Leeds","The 16 best destinations from Leeds Bradford Airport, Leeds: non-stop return flights ranked by real value and kilometres per euro, not just lowest price. Real fares observed on 2026-09-14.",16,461,20,19,17,2,2026-09-14,0.7,3,INDEXABLE_OK,Valido
https://efficiency-life.com/from/lbc/,airport_en,200,https://efficiency-life.com/from/lbc/,True,"index, follow",none,"Best-value flights from Lubeck Blankensee, Lubeck Blankensee | LBC","Best-value flights from Lubeck Blankensee, Lubeck Blankensee","The 8 best destinations from Lubeck Blankensee, Lubeck Blankensee: non-stop return flights ranked by real value and kilometres per euro, not just lowest price. Real fares observed on 2026-09-14.",8,388,14,13,17,2,2026-09-14,0.7,3,INDEXABLE_OK,Valido
https://efficiency-life.com/from/lbd/,airport_en,200,https://efficiency-life.com/from/lbd/,True,"index, follow",none,"Best-value flights from Khujand Airport, Khujand Airport | LBD","Best-value flights from Khujand Airport, Khujand Airport","The 13 best destinations from Khujand Airport, Khujand Airport: non-stop return flights ranked by real value and kilometres per euro, not just lowest price. Real fares observed on 2026-09-14.",13,462,16,15,17,2,2026-09-14,0.7,3,INDEXABLE_OK,Valido
https://efficiency-life.com/from/lbv/,airport_en,200,https://efficiency-life.com/from/lbv/,True,"index, follow",none,"Best-value flights from Leon M Ba Airport, Libreville | LBV","Best-value flights from Leon M Ba Airport, Libreville","The 12 best destinations from Leon M Ba Airport, Libreville: non-stop return flights ranked by real value and kilometres per euro, not just lowest price. Real fares observed on 2026-09-14.",12,461,15,14,17,2,2026-09-14,0.7,3,INDEXABLE_OK,Valido
https://efficiency-life.com/from/lca/,airport_en,200,https://efficiency-life.com/from/lca/,True,"index, follow",none,"Best-value flights from Larnaca Intl, Larnaca | LCA","Best-value flights from Larnaca Intl, Larnaca","The 51 best destinations from Larnaca Intl, Larnaca: non-stop return flights ranked by real value and kilometres per euro, not just lowest price. Real fares observed on 2026-09-14.",51,470,8,7,17,2,2026-09-14,0.7,3,INDEXABLE_OK,Valido
https://efficiency-life.com/from/lcy/,airport_en,200,https://efficiency-life.com/from/lcy/,True,"index, follow",none,"Best-value flights from London City, Londra | LCY","Best-value flights from London City, Londra","The 21 best destinations from London City, Londra: non-stop return flights ranked by real value and kilometres per euro, not just lowest price. Real fares observed on 2026-09-14.",21,454,14,13,17,2,2026-09-14,0.7,3,INDEXABLE_OK,Valido
https://efficiency-life.com/from/led/,airport_en,200,https://efficiency-life.com/from/led/,True,"index, follow",none,"Best-value flights from Pulkovo Airport, St. Petersburg | LED","Best-value flights from Pulkovo Airport, St. Petersburg","The 95 best destinations from Pulkovo Airport, St. Petersburg: non-stop return flights ranked by real value and kilometres per euro, not just lowest price. Real fares observed on 2026-09-14.",95,484,14,13,17,2,2026-09-14,0.7,3,INDEXABLE_OK,Valido
https://efficiency-life.com/from/lej/,airport_en,200,https://efficiency-life.com/from/lej/,True,"index, follow",none,"Best-value flights from Leipzig Halle Airport, Leipzig | LEJ","Best-value flights from Leipzig Halle Airport, Leipzig","The 14 best destinations from Leipzig Halle Airport, Leipzig: non-stop return flights ranked by real value and kilometres per euro, not just lowest price. Real fares observed on 2026-09-14.",14,462,13,12,17,2,2026-09-14,0.7,3,INDEXABLE_OK,Valido
https://efficiency-life.com/from/lfw/,airport_en,200,https://efficiency-life.com/from/lfw/,True,"index, follow",none,"Best-value flights from Lome-Tokoin Airport, Lome | LFW","Best-value flights from Lome-Tokoin Airport, Lome","The 9 best destinations from Lome-Tokoin Airport, Lome: non-stop return flights ranked by real value and kilometres per euro, not just lowest price. Real fares observed on 2026-09-14.",9,392,16,15,17,2,2026-09-14,0.7,3,INDEXABLE_OK,Valido
https://efficiency-life.com/from/lga/,airport_en,200,https://efficiency-life.com/from/lga/,True,"index, follow",none,"Best-value flights from LaGuardia, New York | LGA","Best-value flights from LaGuardia, New York","The 46 best destinations from LaGuardia, New York: non-stop return flights ranked by real value and kilometres per euro, not just lowest price. Real fares observed on 2026-09-14.",46,474,15,14,17,2,2026-09-14,0.7,3,INDEXABLE_OK,Valido
https://efficiency-life.com/from/lgb/,airport_en,200,https://efficiency-life.com/from/lgb/,True,"index, follow",none,"Best-value flights from Long Beach Airport, Long Beach Airport | LGB","Best-value flights from Long Beach Airport, Long Beach Airport","The 19 best destinations from Long Beach Airport, Long Beach Airport: non-stop return flights ranked by real value and kilometres per euro, not just lowest price. Real fares observed on 2026-09-14.",19,478,17,16,17,2,2026-09-14,0.7,3,INDEXABLE_OK,Valido
https://efficiency-life.com/from/lgw/,airport_en,200,https://efficiency-life.com/from/lgw/,True,"index, follow",none,"Best-value flights from Gatwick, Londra | LGW","Best-value flights from Gatwick, Londra","The 156 best destinations from Gatwick, Londra: non-stop return flights ranked by real value and kilometres per euro, not just lowest price. Real fares observed on 2026-09-14.",156,455,15,13,17,1,2026-09-14,0.7,3,INDEXABLE_OK,Valido
https://efficiency-life.com/from/lhe/,airport_en,200,https://efficiency-life.com/from/lhe/,True,"index, follow",none,"Best-value flights from Alama Iqbal Intl, Lahore | LHE","Best-value flights from Alama Iqbal Intl, Lahore","The 16 best destinations from Alama Iqbal Intl, Lahore: non-stop return flights ranked by real value and kilometres per euro, not just lowest price. Real fares observed on 2026-09-14.",16,464,6,5,17,2,2026-09-14,0.7,3,INDEXABLE_OK,Valido
https://efficiency-life.com/from/lhr/,airport_en,200,https://efficiency-life.com/from/lhr/,True,"index, follow",none,"Best-value flights from Heathrow, Londra | LHR","Best-value flights from Heathrow, Londra","The 168 best destinations from Heathrow, Londra: non-stop return flights ranked by real value and kilometres per euro, not just lowest price. Real fares observed on 2026-09-14.",168,458,17,15,17,1,2026-09-14,0.7,3,INDEXABLE_OK,Valido
https://efficiency-life.com/from/lhw/,airport_en,200,https://efficiency-life.com/from/lhw/,True,"index, follow",none,"Best-value flights from Lanzhou Zhongchuan Airport, Lanzhou | LHW","Best-value flights from Lanzhou Zhongchuan Airport, Lanzhou","The 6 best destinations from Lanzhou Zhongchuan Airport, Lanzhou: non-stop return flights ranked by real value and kilometres per euro, not just lowest price. Real fares observed on 2026-09-14.",6,349,12,11,17,2,2026-09-14,0.7,3,INDEXABLE_OK,Valido
https://efficiency-life.com/from/lil/,airport_en,200,https://efficiency-life.com/from/lil/,True,"index, follow",none,"Best-value flights from Lille-Lesquin Airport, Lille/Lesquin | LIL","Best-value flights from Lille-Lesquin Airport, Lille/Lesquin","The 19 best destinations from Lille-Lesquin Airport, Lille/Lesquin: non-stop return flights ranked by real value and kilometres per euro, not just lowest price. Real fares observed on 2026-09-14.",19,461,16,15,17,2,2026-09-14,0.7,3,INDEXABLE_OK,Valido
https://efficiency-life.com/from/lim/,airport_en,200,https://efficiency-life.com/from/lim/,True,"index, follow",none,"Best-value flights from Jorge Chavez Intl, Lima | LIM","Best-value flights from Jorge Chavez Intl, Lima","The 41 best destinations from Jorge Chavez Intl, Lima: non-stop return flights ranked by real value and kilometres per euro, not just lowest price. Real fares observed on 2026-09-14.",41,471,7,6,17,2,2026-09-14,0.7,3,INDEXABLE_OK,Valido
https://efficiency-life.com/from/lin/,airport_en,200,https://efficiency-life.com/from/lin/,True,"index, follow",none,"Best-value flights from Linate, Milano | LIN","Best-value flights from Linate, Milano","The 42 best destinations from Linate, Milano: non-stop return flights ranked by real value and kilometres per euro, not just lowest price. Real fares observed on 2026-09-14.",42,457,16,15,17,2,2026-09-14,0.7,3,INDEXABLE_OK,Valido
https://efficiency-life.com/from/lis/,airport_en,200,https://efficiency-life.com/from/lis/,True,"index, follow",none,"Best-value flights from Lisbon Portela Airport, Lisbon | LIS","Best-value flights from Lisbon Portela Airport, Lisbon","The 117 best destinations from Lisbon Portela Airport, Lisbon: non-stop return flights ranked by real value and kilometres per euro, not just lowest price. Real fares observed on 2026-09-14.",117,463,6,5,17,2,2026-09-14,0.7,3,INDEXABLE_OK,Valido
https://efficiency-life.com/from/lju/,airport_en,200,https://efficiency-life.com/from/lju/,True,"index, follow",none,"Best-value flights from Ljubljana Joze Pucnik Airport, Ljubljana | LJU","Best-value flights from Ljubljana Joze Pucnik Airport, Ljubljana","The 19 best destinations from Ljubljana Joze Pucnik Airport, Ljubljana: non-stop return flights ranked by real value and kilometres per euro, not just lowest price. Real fares observed on 2026-09-14.",19,463,13,12,17,2,2026-09-14,0.7,3,INDEXABLE_OK,Valido
https://efficiency-life.com/from/lko/,airport_en,200,https://efficiency-life.com/from/lko/,True,"index, follow",none,"Best-value flights from Chaudhary Charan Singh Intl, Lucknow | LKO","Best-value flights from Chaudhary Charan Singh Intl, Lucknow","The 6 best destinations from Chaudhary Charan Singh Intl, Lucknow: non-stop return flights ranked by real value and kilometres per euro, not just lowest price. Real fares observed on 2026-09-14.",6,357,12,11,18,2,2026-09-14,0.7,3,INDEXABLE_OK,Valido
https://efficiency-life.com/from/lop/,airport_en,200,https://efficiency-life.com/from/lop/,True,"index, follow",none,"Best-value flights from Bandara Intl Lombok Airport, Mataram | LOP","Best-value flights from Bandara Intl Lombok Airport, Mataram","The 6 best destinations from Bandara Intl Lombok Airport, Mataram: non-stop return flights ranked by real value and kilometres per euro, not just lowest price. Real fares observed on 2026-09-14.",6,359,15,14,17,2,2026-09-14,0.7,3,INDEXABLE_OK,Valido
https://efficiency-life.com/from/los/,airport_en,200,https://efficiency-life.com/from/los/,True,"index, follow",none,"Best-value flights from Murtala Muhammed Intl, Lagos | LOS","Best-value flights from Murtala Muhammed Intl, Lagos","The 26 best destinations from Murtala Muhammed Intl, Lagos: non-stop return flights ranked by real value and kilometres per euro, not just lowest price. Real fares observed on 2026-09-14.",26,452,15,14,17,2,2026-09-14,0.7,3,INDEXABLE_OK,Valido
https://efficiency-life.com/from/lpa/,airport_en,200,https://efficiency-life.com/from/lpa/,True,"index, follow",none,"Best-value flights from Gran Canaria Airport, Gran Canaria Island | LPA","Best-value flights from Gran Canaria Airport, Gran Canaria Island","The 33 best destinations from Gran Canaria Airport, Gran Canaria Island: non-stop return flights ranked by real value and kilometres per euro, not just lowest price. Real fares observed on 2026-09-14.",33,473,7,6,17,2,2026-09-14,0.7,3,INDEXABLE_OK,Valido
https://efficiency-life.com/from/lpl/,airport_en,200,https://efficiency-life.com/from/lpl/,True,"index, follow",none,"Best-value flights from Liverpool John Lennon Airport, Liverpool | LPL","Best-value flights from Liverpool John Lennon Airport, Liverpool","The 16 best destinations from Liverpool John Lennon Airport, Liverpool: non-stop return flights ranked by real value and kilometres per euro, not just lowest price. Real fares observed on 2026-09-14.",16,466,19,18,17,2,2026-09-14,0.7,3,INDEXABLE_OK,Valido
https://efficiency-life.com/from/ltn/,airport_en,200,https://efficiency-life.com/from/ltn/,True,"index, follow",none,"Best-value flights from Luton, Londra | LTN","Best-value flights from Luton, Londra","The 100 best destinations from Luton, Londra: non-stop return flights ranked by real value and kilometres per euro, not just lowest price. Real fares observed on 2026-09-14.",100,456,17,16,17,2,2026-09-14,0.7,3,INDEXABLE_OK,Valido
https://efficiency-life.com/from/lun/,airport_en,200,https://efficiency-life.com/from/lun/,True,"index, follow",none,"Best-value flights from Kenneth Kaunda Intl, Lusaka | LUN","Best-value flights from Kenneth Kaunda Intl, Lusaka","The 9 best destinations from Kenneth Kaunda Intl, Lusaka: non-stop return flights ranked by real value and kilometres per euro, not just lowest price. Real fares observed on 2026-09-14.",9,409,21,20,17,2,2026-09-14,0.7,3,INDEXABLE_OK,Valido
https://efficiency-life.com/from/lux/,airport_en,200,https://efficiency-life.com/from/lux/,True,"index, follow",none,"Best-value flights from Luxembourg-Findel Intl, Luxembourg | LUX","Best-value flights from Luxembourg-Findel Intl, Luxembourg","The 43 best destinations from Luxembourg-Findel Intl, Luxembourg: non-stop return flights ranked by real value and kilometres per euro, not just lowest price. Real fares observed on 2026-09-14.",43,461,17,16,17,2,2026-09-14,0.7,3,INDEXABLE_OK,Valido
https://efficiency-life.com/from/lxa/,airport_en,200,https://efficiency-life.com/from/lxa/,True,"index, follow",none,"Best-value flights from Lhasa Gonggar Airport, Lhasa Gonggar Airport | LXA","Best-value flights from Lhasa Gonggar Airport, Lhasa Gonggar Airport","The 6 best destinations from Lhasa Gonggar Airport, Lhasa Gonggar Airport: non-stop return flights ranked by real value and kilometres per euro, not just lowest price. Real fares observed on 2026-09-14.",6,360,8,7,19,2,2026-09-14,0.7,3,INDEXABLE_OK,Valido
https://efficiency-life.com/from/lys/,airport_en,200,https://efficiency-life.com/from/lys/,True,"index, follow",none,"Best-value flights from Lyon Saint-Exupery Airport, Lyon | LYS","Best-value flights from Lyon Saint-Exupery Airport, Lyon","The 70 best destinations from Lyon Saint-Exupery Airport, Lyon: non-stop return flights ranked by real value and kilometres per euro, not just lowest price. Real fares observed on 2026-09-14.",70,469,12,11,17,2,2026-09-14,0.7,3,INDEXABLE_OK,Valido
https://efficiency-life.com/from/maa/,airport_en,200,https://efficiency-life.com/from/maa/,True,"index, follow",none,"Best-value flights from Chennai Intl, Chennai | MAA","Best-value flights from Chennai Intl, Chennai","The 24 best destinations from Chennai Intl, Chennai: non-stop return flights ranked by real value and kilometres per euro, not just lowest price. Real fares observed on 2026-09-14.",24,465,19,18,17,2,2026-09-14,0.7,3,INDEXABLE_OK,Valido
https://efficiency-life.com/from/mad/,airport_en,200,https://efficiency-life.com/from/mad/,True,"index, follow",none,"Best-value flights from Madrid Barajas Intl, Madrid | MAD","Best-value flights from Madrid Barajas Intl, Madrid","The 168 best destinations from Madrid Barajas Intl, Madrid: non-stop return flights ranked by real value and kilometres per euro, not just lowest price. Real fares observed on 2026-09-14.",168,466,26,24,17,1,2026-09-14,0.7,3,INDEXABLE_OK,Valido
https://efficiency-life.com/from/man/,airport_en,200,https://efficiency-life.com/from/man/,True,"index, follow",none,"Best-value flights from Manchester Airport, Manchester | MAN","Best-value flights from Manchester Airport, Manchester","The 93 best destinations from Manchester Airport, Manchester: non-stop return flights ranked by real value and kilometres per euro, not just lowest price. Real fares observed on 2026-09-14.",93,459,22,21,17,2,2026-09-14,0.7,3,INDEXABLE_OK,Valido
https://efficiency-life.com/from/mao/,airport_en,200,https://efficiency-life.com/from/mao/,True,"index, follow",none,"Best-value flights from Eduardo Gomes Intl, Manaus | MAO","Best-value flights from Eduardo Gomes Intl, Manaus","The 12 best destinations from Eduardo Gomes Intl, Manaus: non-stop return flights ranked by real value and kilometres per euro, not just lowest price. Real fares observed on 2026-09-14.",12,472,8,7,17,2,2026-09-14,0.7,3,INDEXABLE_OK,Valido
https://efficiency-life.com/from/mbj/,airport_en,200,https://efficiency-life.com/from/mbj/,True,"index, follow",none,"Best-value flights from Sangster Intl, Montego Bay | MBJ","Best-value flights from Sangster Intl, Montego Bay","The 7 best destinations from Sangster Intl, Montego Bay: non-stop return flights ranked by real value and kilometres per euro, not just lowest price. Real fares observed on 2026-09-14.",7,373,18,17,17,2,2026-09-14,0.7,3,INDEXABLE_OK,Valido
https://efficiency-life.com/from/mci/,airport_en,200,https://efficiency-life.com/from/mci/,True,"index, follow",none,"Best-value flights from Kansas City Intl, Kansas City | MCI","Best-value flights from Kansas City Intl, Kansas City","The 22 best destinations from Kansas City Intl, Kansas City: non-stop return flights ranked by real value and kilometres per euro, not just lowest price. Real fares observed on 2026-09-14.",22,485,16,15,17,2,2026-09-14,0.7,3,INDEXABLE_OK,Valido
https://efficiency-life.com/from/mco/,airport_en,200,https://efficiency-life.com/from/mco/,True,"index, follow",none,"Best-value flights from Orlando International, Orlando | MCO","Best-value flights from Orlando International, Orlando","The 75 best destinations from Orlando International, Orlando: non-stop return flights ranked by real value and kilometres per euro, not just lowest price. Real fares observed on 2026-09-14.",75,484,13,12,17,2,2026-09-14,0.7,3,INDEXABLE_OK,Valido
https://efficiency-life.com/from/mct/,airport_en,200,https://efficiency-life.com/from/mct/,True,"index, follow",none,"Best-value flights from Muscat Intl, Muscat | MCT","Best-value flights from Muscat Intl, Muscat","The 55 best destinations from Muscat Intl, Muscat: non-stop return flights ranked by real value and kilometres per euro, not just lowest price. Real fares observed on 2026-09-14.",55,460,8,7,17,2,2026-09-14,0.7,3,INDEXABLE_OK,Valido
https://efficiency-life.com/from/mcx/,airport_en,200,https://efficiency-life.com/from/mcx/,True,"index, follow",none,"Best-value flights from Makhachkala Airport, Makhachkala Airport | MCX","Best-value flights from Makhachkala Airport, Makhachkala Airport","The 26 best destinations from Makhachkala Airport, Makhachkala Airport: non-stop return flights ranked by real value and kilometres per euro, not just lowest price. Real fares observed on 2026-09-14.",26,485,16,15,18,2,2026-09-14,0.7,3,INDEXABLE_OK,Valido
https://efficiency-life.com/from/mcz/,airport_en,200,https://efficiency-life.com/from/mcz/,True,"index, follow",none,"Best-value flights from Zumbi dos Palmares Airport, Maceio | MCZ","Best-value flights from Zumbi dos Palmares Airport, Maceio","The 6 best destinations from Zumbi dos Palmares Airport, Maceio: non-stop return flights ranked by real value and kilometres per euro, not just lowest price. Real fares observed on 2026-09-14.",6,359,11,10,17,2,2026-09-14,0.7,3,INDEXABLE_OK,Valido
https://efficiency-life.com/from/mde/,airport_en,200,https://efficiency-life.com/from/mde/,True,"index, follow",none,"Best-value flights from Jose Maria Cordova Intl, Rionegro | MDE","Best-value flights from Jose Maria Cordova Intl, Rionegro","The 24 best destinations from Jose Maria Cordova Intl, Rionegro: non-stop return flights ranked by real value and kilometres per euro, not just lowest price. Real fares observed on 2026-09-14.",24,477,20,19,17,2,2026-09-14,0.7,3,INDEXABLE_OK,Valido
https://efficiency-life.com/from/mdw/,airport_en,200,https://efficiency-life.com/from/mdw/,True,"index, follow",none,"Best-value flights from Midway, Chicago | MDW","Best-value flights from Midway, Chicago","The 52 best destinations from Midway, Chicago: non-stop return flights ranked by real value and kilometres per euro, not just lowest price. Real fares observed on 2026-09-14.",52,472,18,17,17,2,2026-09-14,0.7,3,INDEXABLE_OK,Valido
https://efficiency-life.com/from/med/,airport_en,200,https://efficiency-life.com/from/med/,True,"index, follow",none,"Best-value flights from Prince Mohammad Bin Abdulaziz Airport, Medina | MED","Best-value flights from Prince Mohammad Bin Abdulaziz Airport, Medina","The 22 best destinations from Prince Mohammad Bin Abdulaziz Airport, Medina: non-stop return flights ranked by real value and kilometres per euro, not just lowest price. Real fares observed on 2026-09-14.",22,471,12,11,17,2,2026-09-14,0.7,3,INDEXABLE_OK,Valido
https://efficiency-life.com/from/mel/,airport_en,200,https://efficiency-life.com/from/mel/,True,"index, follow",none,"Best-value flights from Melbourne Intl, Melbourne | MEL","Best-value flights from Melbourne Intl, Melbourne","The 40 best destinations from Melbourne Intl, Melbourne: non-stop return flights ranked by real value and kilometres per euro, not just lowest price. Real fares observed on 2026-09-14.",40,466,12,11,17,2,2026-09-14,0.7,3,INDEXABLE_OK,Valido
https://efficiency-life.com/from/mem/,airport_en,200,https://efficiency-life.com/from/mem/,True,"index, follow",none,"Best-value flights from Frederick W Smith Intl/Memphis Airport, Memphis | MEM","Best-value flights from Frederick W Smith Intl/Memphis Airport, Memphis","The 13 best destinations from Frederick W Smith Intl/Memphis Airport, Memphis: non-stop return flights ranked by real value and kilometres per euro, not just lowest price. Real fares observed on 2026-09-14.",13,481,17,16,17,2,2026-09-14,0.7,3,INDEXABLE_OK,Valido
https://efficiency-life.com/from/mex/,airport_en,200,https://efficiency-life.com/from/mex/,True,"index, follow",none,"Best-value flights from Licenciado Benito Juarez Intl, Città del Messico | MEX","Best-value flights from Licenciado Benito Juarez Intl, Città del Messico","The 73 best destinations from Licenciado Benito Juarez Intl, Città del Messico: non-stop return flights ranked by real value and kilometres per euro, not just lowest price. Real fares observed on 2026-09-14.",73,491,11,10,17,2,2026-09-14,0.7,3,INDEXABLE_OK,Valido
https://efficiency-life.com/from/mfm/,airport_en,200,https://efficiency-life.com/from/mfm/,True,"index, follow",none,"Best-value flights from Macau Intl, Taipa | MFM","Best-value flights from Macau Intl, Taipa","The 13 best destinations from Macau Intl, Taipa: non-stop return flights ranked by real value and kilometres per euro, not just lowest price. Real fares observed on 2026-09-14.",13,459,11,10,17,2,2026-09-14,0.7,3,INDEXABLE_OK,Valido
https://efficiency-life.com/from/mia/,airport_en,200,https://efficiency-life.com/from/mia/,True,"index, follow",none,"Best-value flights from Miami Intl, Miami | MIA","Best-value flights from Miami Intl, Miami","The 115 best destinations from Miami Intl, Miami: non-stop return flights ranked by real value and kilometres per euro, not just lowest price. Real fares observed on 2026-09-14.",115,473,10,9,17,2,2026-09-14,0.7,3,INDEXABLE_OK,Valido
https://efficiency-life.com/from/mid/,airport_en,200,https://efficiency-life.com/from/mid/,True,"index, follow",none,"Best-value flights from Licenciado Manuel Crescencio Rejon Int Airport, Merida | MID","Best-value flights from Licenciado Manuel Crescencio Rejon Int Airport, Merida","The 9 best destinations from Licenciado Manuel Crescencio Rejon Int Airport, Merida: non-stop return flights ranked by real value and kilometres per euro, not just lowest price. Real fares observed on 2026-09-14.",9,431,11,10,17,2,2026-09-14,0.7,3,INDEXABLE_OK,Valido
https://efficiency-life.com/from/mir/,airport_en,200,https://efficiency-life.com/from/mir/,True,"index, follow",none,"Best-value flights from Monastir Habib Bourguiba Intl, Monastir | MIR","Best-value flights from Monastir Habib Bourguiba Intl, Monastir","The 7 best destinations from Monastir Habib Bourguiba Intl, Monastir: non-stop return flights ranked by real value and kilometres per euro, not just lowest price. Real fares observed on 2026-09-14.",7,366,15,14,18,2,2026-09-14,0.7,3,INDEXABLE_OK,Valido
https://efficiency-life.com/from/mjz/,airport_en,200,https://efficiency-life.com/from/mjz/,True,"index, follow",none,"Best-value flights from Mirnyj Airport, Mirnyj Airport | MJZ","Best-value flights from Mirnyj Airport, Mirnyj Airport","The 7 best destinations from Mirnyj Airport, Mirnyj Airport: non-stop return flights ranked by real value and kilometres per euro, not just lowest price. Real fares observed on 2026-09-14.",7,371,14,13,17,2,2026-09-14,0.7,3,INDEXABLE_OK,Valido
https://efficiency-life.com/from/mke/,airport_en,200,https://efficiency-life.com/from/mke/,True,"index, follow",none,"Best-value flights from General Mitchell Intl, Milwaukee | MKE","Best-value flights from General Mitchell Intl, Milwaukee","The 10 best destinations from General Mitchell Intl, Milwaukee: non-stop return flights ranked by real value and kilometres per euro, not just lowest price. Real fares observed on 2026-09-14.",10,435,13,12,17,2,2026-09-14,0.7,3,INDEXABLE_OK,Valido
https://efficiency-life.com/from/mla/,airport_en,200,https://efficiency-life.com/from/mla/,True,"index, follow",none,"Best-value flights from Luqa Airport, Luqa | MLA","Best-value flights from Luqa Airport, Luqa","The 51 best destinations from Luqa Airport, Luqa: non-stop return flights ranked by real value and kilometres per euro, not just lowest price. Real fares observed on 2026-09-14.",51,460,6,5,17,2,2026-09-14,0.7,3,INDEXABLE_OK,Valido
https://efficiency-life.com/from/mle/,airport_en,200,https://efficiency-life.com/from/mle/,True,"index, follow",none,"Best-value flights from Velana Intl, Malé | MLE","Best-value flights from Velana Intl, Malé","The 36 best destinations from Velana Intl, Malé: non-stop return flights ranked by real value and kilometres per euro, not just lowest price. Real fares observed on 2026-09-14.",36,465,6,5,17,2,2026-09-14,0.7,3,INDEXABLE_OK,Valido
https://efficiency-life.com/from/mlh/,airport_en,200,https://efficiency-life.com/from/mlh/,True,"index, follow",none,"Best-value flights from EuroAirport Basel-Mulhouse-Freiburg, EuroAirport Basel-Mulhouse-Freiburg | MLH","Best-value flights from EuroAirport Basel-Mulhouse-Freiburg, EuroAirport Basel-Mulhouse-Freiburg","The 9 best destinations from EuroAirport Basel-Mulhouse-Freiburg, EuroAirport Basel-Mulhouse-Freiburg: non-stop return flights ranked by real value and kilometres per euro, not just lowest price. Real fares observed on 2026-09-14.",9,407,13,12,17,2,2026-09-14,0.7,3,INDEXABLE_OK,Valido
https://efficiency-life.com/from/mmk/,airport_en,200,https://efficiency-life.com/from/mmk/,True,"index, follow",none,"Best-value flights from Murmansk Airport, Murmansk Airport | MMK","Best-value flights from Murmansk Airport, Murmansk Airport","The 8 best destinations from Murmansk Airport, Murmansk Airport: non-stop return flights ranked by real value and kilometres per euro, not just lowest price. Real fares observed on 2026-09-14.",8,393,6,5,17,2,2026-09-14,0.7,3,INDEXABLE_OK,Valido
https://efficiency-life.com/from/mmx/,airport_en,200,https://efficiency-life.com/from/mmx/,True,"index, follow",none,"Best-value flights from Malmo Sturup Airport, Malmo | MMX","Best-value flights from Malmo Sturup Airport, Malmo","The 7 best destinations from Malmo Sturup Airport, Malmo: non-stop return flights ranked by real value and kilometres per euro, not just lowest price. Real fares observed on 2026-09-14.",7,368,13,12,17,2,2026-09-14,0.7,3,INDEXABLE_OK,Valido
https://efficiency-life.com/from/mnl/,airport_en,200,https://efficiency-life.com/from/mnl/,True,"index, follow",none,"Best-value flights from Ninoy Aquino Intl, Manila | MNL","Best-value flights from Ninoy Aquino Intl, Manila","The 67 best destinations from Ninoy Aquino Intl, Manila: non-stop return flights ranked by real value and kilometres per euro, not just lowest price. Real fares observed on 2026-09-14.",67,488,6,5,17,2,2026-09-14,0.7,3,INDEXABLE_OK,Valido
https://efficiency-life.com/from/mpl/,airport_en,200,https://efficiency-life.com/from/mpl/,True,"index, follow",none,"Best-value flights from Montpellier-Mediterranee Airport, Montpellier/Mediterranee | MPL","Best-value flights from Montpellier-Mediterranee Airport, Montpellier/Mediterranee","The 12 best destinations from Montpellier-Mediterranee Airport, Montpellier/Mediterranee: non-stop return flights ranked by real value and kilometres per euro, not just lowest price. Real fares observed on 2026-09-14.",12,447,12,11,17,2,2026-09-14,0.7,3,INDEXABLE_OK,Valido
https://efficiency-life.com/from/mpm/,airport_en,200,https://efficiency-life.com/from/mpm/,True,"index, follow",none,"Best-value flights from Maputo Airport, Maputo | MPM","Best-value flights from Maputo Airport, Maputo","The 6 best destinations from Maputo Airport, Maputo: non-stop return flights ranked by real value and kilometres per euro, not just lowest price. Real fares observed on 2026-09-14.",6,347,13,12,17,2,2026-09-14,0.7,3,INDEXABLE_OK,Valido
https://efficiency-life.com/from/mqf/,airport_en,200,https://efficiency-life.com/from/mqf/,True,"index, follow",none,"Best-value flights from Magnitogorsk Airport, Magnitogorsk Airport | MQF","Best-value flights from Magnitogorsk Airport, Magnitogorsk Airport","The 7 best destinations from Magnitogorsk Airport, Magnitogorsk Airport: non-stop return flights ranked by real value and kilometres per euro, not just lowest price. Real fares observed on 2026-09-14.",7,372,13,12,17,2,2026-09-14,0.7,3,INDEXABLE_OK,Valido
https://efficiency-life.com/from/mrs/,airport_en,200,https://efficiency-life.com/from/mrs/,True,"index, follow",none,"Best-value flights from Marseille Provence Airport, Marseille | MRS","Best-value flights from Marseille Provence Airport, Marseille","The 72 best destinations from Marseille Provence Airport, Marseille: non-stop return flights ranked by real value and kilometres per euro, not just lowest price. Real fares observed on 2026-09-14.",72,462,10,9,17,2,2026-09-14,0.7,3,INDEXABLE_OK,Valido
https://efficiency-life.com/from/mru/,airport_en,200,https://efficiency-life.com/from/mru/,True,"index, follow",none,"Best-value flights from Sir Seewoosagur Ramgoolam Intl, Port Louis | MRU","Best-value flights from Sir Seewoosagur Ramgoolam Intl, Port Louis","The 17 best destinations from Sir Seewoosagur Ramgoolam Intl, Port Louis: non-stop return flights ranked by real value and kilometres per euro, not just lowest price. Real fares observed on 2026-09-14.",17,478,7,6,17,2,2026-09-14,0.7,3,INDEXABLE_OK,Valido
https://efficiency-life.com/from/mrv/,airport_en,200,https://efficiency-life.com/from/mrv/,True,"index, follow",none,"Best-value flights from Mineralnye Vody Airport, Mineralnye Vody Airport | MRV","Best-value flights from Mineralnye Vody Airport, Mineralnye Vody Airport","The 57 best destinations from Mineralnye Vody Airport, Mineralnye Vody Airport: non-stop return flights ranked by real value and kilometres per euro, not just lowest price. Real fares observed on 2026-09-14.",57,494,16,15,17,2,2026-09-14,0.7,3,INDEXABLE_OK,Valido
https://efficiency-life.com/from/msp/,airport_en,200,https://efficiency-life.com/from/msp/,True,"index, follow",none,"Best-value flights from Minneapolis-St Paul Intl/Wold-Chamberlain Airport, Minneapolis | MSP","Best-value flights from Minneapolis-St Paul Intl/Wold-Chamberlain Airport, Minneapolis","The 32 best destinations from Minneapolis-St Paul Intl/Wold-Chamberlain Airport, Minneapolis: non-stop return flights ranked by real value and kilometres per euro, not just lowest price. Real fares observed on 2026-09-14.",32,485,9,8,17,2,2026-09-14,0.7,3,INDEXABLE_OK,Valido
https://efficiency-life.com/from/msq/,airport_en,200,https://efficiency-life.com/from/msq/,True,"index, follow",none,"Best-value flights from Minsk Intl, Minsk | MSQ","Best-value flights from Minsk Intl, Minsk","The 38 best destinations from Minsk Intl, Minsk: non-stop return flights ranked by real value and kilometres per euro, not just lowest price. Real fares observed on 2026-09-14.",38,466,7,6,17,2,2026-09-14,0.7,3,INDEXABLE_OK,Valido
https://efficiency-life.com/from/msy/,airport_en,200,https://efficiency-life.com/from/msy/,True,"index, follow",none,"Best-value flights from Louis Armstrong New Orleans Intl, New Orleans | MSY","Best-value flights from Louis Armstrong New Orleans Intl, New Orleans","The 21 best destinations from Louis Armstrong New Orleans Intl, New Orleans: non-stop return flights ranked by real value and kilometres per euro, not just lowest price. Real fares observed on 2026-09-14.",21,491,11,10,17,2,2026-09-14,0.7,3,INDEXABLE_OK,Valido
https://efficiency-life.com/from/mty/,airport_en,200,https://efficiency-life.com/from/mty/,True,"index, follow",none,"Best-value flights from General Mariano Escobedo Intl, Monterrey | MTY","Best-value flights from General Mariano Escobedo Intl, Monterrey","The 19 best destinations from General Mariano Escobedo Intl, Monterrey: non-stop return flights ranked by real value and kilometres per euro, not just lowest price. Real fares observed on 2026-09-14.",19,486,12,11,17,2,2026-09-14,0.7,3,INDEXABLE_OK,Valido
https://efficiency-life.com/from/muc/,airport_en,200,https://efficiency-life.com/from/muc/,True,"index, follow",none,"Best-value flights from Munich Intl, Munich | MUC","Best-value flights from Munich Intl, Munich","The 156 best destinations from Munich Intl, Munich: non-stop return flights ranked by real value and kilometres per euro, not just lowest price. Real fares observed on 2026-09-14.",156,465,13,12,17,2,2026-09-14,0.7,3,INDEXABLE_OK,Valido
https://efficiency-life.com/from/mvd/,airport_en,200,https://efficiency-life.com/from/mvd/,True,"index, follow",none,"Best-value flights from Carrasco Intl /General C L Berisso Airport, Montevideo | MVD","Best-value flights from Carrasco Intl /General C L Berisso Airport, Montevideo","The 12 best destinations from Carrasco Intl /General C L Berisso Airport, Montevideo: non-stop return flights ranked by real value and kilometres per euro, not just lowest price. Real fares observed on 2026-09-14.",12,494,7,6,17,2,2026-09-14,0.7,3,INDEXABLE_OK,Valido
https://efficiency-life.com/from/mxp/,airport_en,200,https://efficiency-life.com/from/mxp/,True,"index, follow",none,"Best-value flights from Malpensa, Milano | MXP","Best-value flights from Malpensa, Milano","The 141 best destinations from Malpensa, Milano: non-stop return flights ranked by real value and kilometres per euro, not just lowest price. Real fares observed on 2026-09-14.",141,460,17,16,17,2,2026-09-14,0.7,3,INDEXABLE_OK,Valido
https://efficiency-life.com/from/nal/,airport_en,200,https://efficiency-life.com/from/nal/,True,"index, follow",none,"Best-value flights from Nalchik Airport, Nalchik Airport | NAL","Best-value flights from Nalchik Airport, Nalchik Airport","The 6 best destinations from Nalchik Airport, Nalchik Airport: non-stop return flights ranked by real value and kilometres per euro, not just lowest price. Real fares observed on 2026-09-14.",6,355,16,15,17,2,2026-09-14,0.7,3,INDEXABLE_OK,Valido
https://efficiency-life.com/from/nan/,airport_en,200,https://efficiency-life.com/from/nan/,True,"index, follow",none,"Best-value flights from Nadi Intl, Nadi | NAN","Best-value flights from Nadi Intl, Nadi","The 12 best destinations from Nadi Intl, Nadi: non-stop return flights ranked by real value and kilometres per euro, not just lowest price. Real fares observed on 2026-09-14.",12,458,12,11,17,2,2026-09-14,0.7,3,INDEXABLE_OK,Valido
https://efficiency-life.com/from/nap/,airport_en,200,https://efficiency-life.com/from/nap/,True,"index, follow",none,"Best-value flights from Napoli / Capodichino Intl, Napoli | NAP","Best-value flights from Napoli / Capodichino Intl, Napoli","The 79 best destinations from Napoli / Capodichino Intl, Napoli: non-stop return flights ranked by real value and kilometres per euro, not just lowest price. Real fares observed on 2026-09-14.",79,469,17,16,17,2,2026-09-14,0.7,3,INDEXABLE_OK,Valido
https://efficiency-life.com/from/nat/,airport_en,200,https://efficiency-life.com/from/nat/,True,"index, follow",none,"Best-value flights from Greater Natal Intl, São Gonçalo do Amarante | NAT","Best-value flights from Greater Natal Intl, São Gonçalo do Amarante","The 7 best destinations from Greater Natal Intl, São Gonçalo do Amarante: non-stop return flights ranked by real value and kilometres per euro, not just lowest price. Real fares observed on 2026-09-14.",7,384,10,9,17,2,2026-09-14,0.7,3,INDEXABLE_OK,Valido
https://efficiency-life.com/from/nbc/,airport_en,200,https://efficiency-life.com/from/nbc/,True,"index, follow",none,"Best-value flights from Begishevo Airport, Begishevo Airport | NBC","Best-value flights from Begishevo Airport, Begishevo Airport","The 7 best destinations from Begishevo Airport, Begishevo Airport: non-stop return flights ranked by real value and kilometres per euro, not just lowest price. Real fares observed on 2026-09-14.",7,378,18,17,17,2,2026-09-14,0.7,3,INDEXABLE_OK,Valido
https://efficiency-life.com/from/nbj/,airport_en,200,https://efficiency-life.com/from/nbj/,True,"index, follow",none,"Best-value flights from Dr. Antonio Agostinho Neto International Airport, Dr. Antonio Agostinho Neto International Airport | NBJ","Best-value flights from Dr. Antonio Agostinho Neto International Airport, Dr. Antonio Agostinho Neto International Airport","The 13 best destinations from Dr. Antonio Agostinho Neto International Airport, Dr. Antonio Agostinho Neto International Airport: non-stop return flights ranked by real value and kilometres per euro, not just lowest price. Real fares observed on 2026-09-14.",13,493,16,15,17,2,2026-09-14,0.7,3,INDEXABLE_OK,Valido
https://efficiency-life.com/from/nbo/,airport_en,200,https://efficiency-life.com/from/nbo/,True,"index, follow",none,"Best-value flights from Jomo Kenyatta Intl, Nairobi | NBO","Best-value flights from Jomo Kenyatta Intl, Nairobi","The 43 best destinations from Jomo Kenyatta Intl, Nairobi: non-stop return flights ranked by real value and kilometres per euro, not just lowest price. Real fares observed on 2026-09-14.",43,468,16,15,17,2,2026-09-14,0.7,3,INDEXABLE_OK,Valido
https://efficiency-life.com/from/nce/,airport_en,200,https://efficiency-life.com/from/nce/,True,"index, follow",none,"Best-value flights from Nice-Cote d'Azur Airport, Nice | NCE","Best-value flights from Nice-Cote d'Azur Airport, Nice","The 71 best destinations from Nice-Cote d'Azur Airport, Nice: non-stop return flights ranked by real value and kilometres per euro, not just lowest price. Real fares observed on 2026-09-14.",71,461,13,12,17,2,2026-09-14,0.7,3,INDEXABLE_OK,Valido
https://efficiency-life.com/from/ncl/,airport_en,200,https://efficiency-life.com/from/ncl/,True,"index, follow",none,"Best-value flights from Newcastle Airport, Newcastle | NCL","Best-value flights from Newcastle Airport, Newcastle","The 20 best destinations from Newcastle Airport, Newcastle: non-stop return flights ranked by real value and kilometres per euro, not just lowest price. Real fares observed on 2026-09-14.",20,465,13,12,17,2,2026-09-14,0.7,3,INDEXABLE_OK,Valido
https://efficiency-life.com/from/ner/,airport_en,200,https://efficiency-life.com/from/ner/,True,"index, follow",none,"Best-value flights from Neryungri Airport, Neryungri Airport | NER","Best-value flights from Neryungri Airport, Neryungri Airport","The 6 best destinations from Neryungri Airport, Neryungri Airport: non-stop return flights ranked by real value and kilometres per euro, not just lowest price. Real fares observed on 2026-09-14.",6,355,13,12,17,2,2026-09-14,0.7,3,INDEXABLE_OK,Valido
https://efficiency-life.com/from/ngb/,airport_en,200,https://efficiency-life.com/from/ngb/,True,"index, follow",none,"Best-value flights from Ningbo Lishe Intl, Ningbo | NGB","Best-value flights from Ningbo Lishe Intl, Ningbo","The 15 best destinations from Ningbo Lishe Intl, Ningbo: non-stop return flights ranked by real value and kilometres per euro, not just lowest price. Real fares observed on 2026-09-14.",15,454,17,16,17,2,2026-09-14,0.7,3,INDEXABLE_OK,Valido
https://efficiency-life.com/from/ngo/,airport_en,200,https://efficiency-life.com/from/ngo/,True,"index, follow",none,"Best-value flights from Chubu Centrair Intl, Tokoname | NGO","Best-value flights from Chubu Centrair Intl, Tokoname","The 22 best destinations from Chubu Centrair Intl, Tokoname: non-stop return flights ranked by real value and kilometres per euro, not just lowest price. Real fares observed on 2026-09-14.",22,456,12,11,17,2,2026-09-14,0.7,3,INDEXABLE_OK,Valido
https://efficiency-life.com/from/njc/,airport_en,200,https://efficiency-life.com/from/njc/,True,"index, follow",none,"Best-value flights from Nizhnevartovsk Airport, Nizhnevartovsk Airport | NJC","Best-value flights from Nizhnevartovsk Airport, Nizhnevartovsk Airport","The 20 best destinations from Nizhnevartovsk Airport, Nizhnevartovsk Airport: non-stop return flights ranked by real value and kilometres per euro, not just lowest price. Real fares observed on 2026-09-14.",20,470,21,20,17,2,2026-09-14,0.7,3,INDEXABLE_OK,Valido
https://efficiency-life.com/from/nkc/,airport_en,200,https://efficiency-life.com/from/nkc/,True,"index, follow",none,"Best-value flights from Nouakchott Intl, Nouakchott | NKC","Best-value flights from Nouakchott Intl, Nouakchott","The 6 best destinations from Nouakchott Intl, Nouakchott: non-stop return flights ranked by real value and kilometres per euro, not just lowest price. Real fares observed on 2026-09-14.",6,337,14,13,17,2,2026-09-14,0.7,3,INDEXABLE_OK,Valido
https://efficiency-life.com/from/nkg/,airport_en,200,https://efficiency-life.com/from/nkg/,True,"index, follow",none,"Best-value flights from Nanjing Lukou Airport, Nanjing | NKG","Best-value flights from Nanjing Lukou Airport, Nanjing","The 22 best destinations from Nanjing Lukou Airport, Nanjing: non-stop return flights ranked by real value and kilometres per euro, not just lowest price. Real fares observed on 2026-09-14.",22,461,20,19,17,2,2026-09-14,0.7,3,INDEXABLE_OK,Valido
https://efficiency-life.com/from/nlu/,airport_en,200,https://efficiency-life.com/from/nlu/,True,"index, follow",none,"Best-value flights from Santa Lucia Air Force Base, Città del Messico | NLU","Best-value flights from Santa Lucia Air Force Base, Città del Messico","The 25 best destinations from Santa Lucia Air Force Base, Città del Messico: non-stop return flights ranked by real value and kilometres per euro, not just lowest price. Real fares observed on 2026-09-14.",25,495,11,10,17,2,2026-09-14,0.7,3,INDEXABLE_OK,Valido
https://efficiency-life.com/from/nma/,airport_en,200,https://efficiency-life.com/from/nma/,True,"index, follow",none,"Best-value flights from Namangan Airport, Namangan Airport | NMA","Best-value flights from Namangan Airport, Namangan Airport","The 17 best destinations from Namangan Airport, Namangan Airport: non-stop return flights ranked by real value and kilometres per euro, not just lowest price. Real fares observed on 2026-09-14.",17,468,17,16,17,2,2026-09-14,0.7,3,INDEXABLE_OK,Valido
https://efficiency-life.com/from/nmi/,airport_en,200,https://efficiency-life.com/from/nmi/,True,"index, follow",none,"Best-value flights from Navi Mumbai International Airport, Navi Mumbai International Airport | NMI","Best-value flights from Navi Mumbai International Airport, Navi Mumbai International Airport","The 23 best destinations from Navi Mumbai International Airport, Navi Mumbai International Airport: non-stop return flights ranked by real value and kilometres per euro, not just lowest price. Real fares observed on 2026-09-14.",23,472,20,19,17,2,2026-09-14,0.7,3,INDEXABLE_OK,Valido
https://efficiency-life.com/from/nnm/,airport_en,200,https://efficiency-life.com/from/nnm/,True,"index, follow",none,"Best-value flights from Naryan-Mar Airport, Naryan-Mar Airport | NNM","Best-value flights from Naryan-Mar Airport, Naryan-Mar Airport","The 12 best destinations from Naryan-Mar Airport, Naryan-Mar Airport: non-stop return flights ranked by real value and kilometres per euro, not just lowest price. Real fares observed on 2026-09-14.",12,476,10,9,17,2,2026-09-14,0.7,3,INDEXABLE_OK,Valido
https://efficiency-life.com/from/noj/,airport_en,200,https://efficiency-life.com/from/noj/,True,"index, follow",none,"Best-value flights from Nojabrxsk Airport, Nojabrxsk Airport | NOJ","Best-value flights from Nojabrxsk Airport, Nojabrxsk Airport","The 12 best destinations from Nojabrxsk Airport, Nojabrxsk Airport: non-stop return flights ranked by real value and kilometres per euro, not just lowest price. Real fares observed on 2026-09-14.",12,469,12,11,17,2,2026-09-14,0.7,3,INDEXABLE_OK,Valido
https://efficiency-life.com/from/noz/,airport_en,200,https://efficiency-life.com/from/noz/,True,"index, follow",none,"Best-value flights from Novokuznetsk Airport, Novokuznetsk Airport | NOZ","Best-value flights from Novokuznetsk Airport, Novokuznetsk Airport","The 15 best destinations from Novokuznetsk Airport, Novokuznetsk Airport: non-stop return flights ranked by real value and kilometres per euro, not just lowest price. Real fares observed on 2026-09-14.",15,467,13,12,17,2,2026-09-14,0.7,3,INDEXABLE_OK,Valido
https://efficiency-life.com/from/nqt/,airport_en,200,https://efficiency-life.com/from/nqt/,True,"index, follow",none,"Best-value flights from Nottingham Airport, Nottingham Airport | NQT","Best-value flights from Nottingham Airport, Nottingham Airport","The 7 best destinations from Nottingham Airport, Nottingham Airport: non-stop return flights ranked by real value and kilometres per euro, not just lowest price. Real fares observed on 2026-09-14.",7,367,21,20,17,2,2026-09-14,0.7,3,INDEXABLE_OK,Valido
https://efficiency-life.com/from/nqz/,airport_en,200,https://efficiency-life.com/from/nqz/,True,"index, follow",none,"Best-value flights from Nursultan Nazarbayev Intl, Astana | NQZ","Best-value flights from Nursultan Nazarbayev Intl, Astana","The 60 best destinations from Nursultan Nazarbayev Intl, Astana: non-stop return flights ranked by real value and kilometres per euro, not just lowest price. Real fares observed on 2026-09-14.",60,471,10,9,17,2,2026-09-14,0.7,3,INDEXABLE_OK,Valido
https://efficiency-life.com/from/nrn/,airport_en,200,https://efficiency-life.com/from/nrn/,True,"index, follow",none,"Best-value flights from Weeze Airport, Weeze Airport | NRN","Best-value flights from Weeze Airport, Weeze Airport","The 40 best destinations from Weeze Airport, Weeze Airport: non-stop return flights ranked by real value and kilometres per euro, not just lowest price. Real fares observed on 2026-09-14.",40,471,17,16,17,2,2026-09-14,0.7,3,INDEXABLE_OK,Valido
https://efficiency-life.com/from/nrt/,airport_en,200,https://efficiency-life.com/from/nrt/,True,"index, follow",none,"Best-value flights from Narita, Tokyo | NRT","Best-value flights from Narita, Tokyo","The 84 best destinations from Narita, Tokyo: non-stop return flights ranked by real value and kilometres per euro, not just lowest price. Real fares observed on 2026-09-14.",84,463,11,10,17,2,2026-09-14,0.7,3,INDEXABLE_OK,Valido
https://efficiency-life.com/from/nsi/,airport_en,200,https://efficiency-life.com/from/nsi/,True,"index, follow",none,"Best-value flights from Yaounde Nsimalen Intl, Yaounde | NSI","Best-value flights from Yaounde Nsimalen Intl, Yaounde","The 6 best destinations from Yaounde Nsimalen Intl, Yaounde: non-stop return flights ranked by real value and kilometres per euro, not just lowest price. Real fares observed on 2026-09-14.",6,344,15,14,17,2,2026-09-14,0.7,3,INDEXABLE_OK,Valido
https://efficiency-life.com/from/nsk/,airport_en,200,https://efficiency-life.com/from/nsk/,True,"index, follow",none,"Best-value flights from Noril'sk Airport, Noril'sk Airport | NSK","Best-value flights from Noril'sk Airport, Noril'sk Airport","The 14 best destinations from Noril'sk Airport, Noril'sk Airport: non-stop return flights ranked by real value and kilometres per euro, not just lowest price. Real fares observed on 2026-09-14.",14,469,10,9,17,2,2026-09-14,0.7,3,INDEXABLE_OK,Valido
https://efficiency-life.com/from/nte/,airport_en,200,https://efficiency-life.com/from/nte/,True,"index, follow",none,"Best-value flights from Nantes Atlantique Airport, Nantes | NTE","Best-value flights from Nantes Atlantique Airport, Nantes","The 50 best destinations from Nantes Atlantique Airport, Nantes: non-stop return flights ranked by real value and kilometres per euro, not just lowest price. Real fares observed on 2026-09-14.",50,466,9,8,17,2,2026-09-14,0.7,3,INDEXABLE_OK,Valido
https://efficiency-life.com/from/nue/,airport_en,200,https://efficiency-life.com/from/nue/,True,"index, follow",none,"Best-value flights from Nuremberg Airport, Nuremberg | NUE","Best-value flights from Nuremberg Airport, Nuremberg","The 40 best destinations from Nuremberg Airport, Nuremberg: non-stop return flights ranked by real value and kilometres per euro, not just lowest price. Real fares observed on 2026-09-14.",40,463,13,12,17,2,2026-09-14,0.7,3,INDEXABLE_OK,Valido
https://efficiency-life.com/from/nux/,airport_en,200,https://efficiency-life.com/from/nux/,True,"index, follow",none,"Best-value flights from Novy Urengoy Airport, Novy Urengoy Airport | NUX","Best-value flights from Novy Urengoy Airport, Novy Urengoy Airport","The 17 best destinations from Novy Urengoy Airport, Novy Urengoy Airport: non-stop return flights ranked by real value and kilometres per euro, not just lowest price. Real fares observed on 2026-09-14.",17,474,12,11,17,2,2026-09-14,0.7,3,INDEXABLE_OK,Valido
https://efficiency-life.com/from/nya/,airport_en,200,https://efficiency-life.com/from/nya/,True,"index, follow",none,"Best-value flights from Nyagan Airport, Nyagan Airport | NYA","Best-value flights from Nyagan Airport, Nyagan Airport","The 6 best destinations from Nyagan Airport, Nyagan Airport: non-stop return flights ranked by real value and kilometres per euro, not just lowest price. Real fares observed on 2026-09-14.",6,357,16,15,17,2,2026-09-14,0.7,3,INDEXABLE_OK,Valido
https://efficiency-life.com/from/nym/,airport_en,200,https://efficiency-life.com/from/nym/,True,"index, follow",none,"Best-value flights from Nadym Airport, Nadym Airport | NYM","Best-value flights from Nadym Airport, Nadym Airport","The 9 best destinations from Nadym Airport, Nadym Airport: non-stop return flights ranked by real value and kilometres per euro, not just lowest price. Real fares observed on 2026-09-14.",9,409,12,11,17,2,2026-09-14,0.7,3,INDEXABLE_OK,Valido
https://efficiency-life.com/from/nyo/,airport_en,200,https://efficiency-life.com/from/nyo/,True,"index, follow",none,"Best-value flights from Stockholm Skavsta Airport, Stockholm / Nykoping | NYO","Best-value flights from Stockholm Skavsta Airport, Stockholm / Nykoping","The 7 best destinations from Stockholm Skavsta Airport, Stockholm / Nykoping: non-stop return flights ranked by real value and kilometres per euro, not just lowest price. Real fares observed on 2026-09-14.",7,375,13,12,17,2,2026-09-14,0.7,3,INDEXABLE_OK,Valido
https://efficiency-life.com/from/nzh/,airport_en,200,https://efficiency-life.com/from/nzh/,True,"index, follow",none,"Best-value flights from Manzhouli Airport, Manzhouli Airport | NZH","Best-value flights from Manzhouli Airport, Manzhouli Airport","The 7 best destinations from Manzhouli Airport, Manzhouli Airport: non-stop return flights ranked by real value and kilometres per euro, not just lowest price. Real fares observed on 2026-09-14.",7,371,10,9,18,2,2026-09-14,0.7,3,INDEXABLE_OK,Valido
https://efficiency-life.com/from/oak/,airport_en,200,https://efficiency-life.com/from/oak/,True,"index, follow",none,"Best-value flights from Oakland San Francisco Bay Airport, Oakland | OAK","Best-value flights from Oakland San Francisco Bay Airport, Oakland","The 22 best destinations from Oakland San Francisco Bay Airport, Oakland: non-stop return flights ranked by real value and kilometres per euro, not just lowest price. Real fares observed on 2026-09-14.",22,488,20,19,18,2,2026-09-14,0.7,3,INDEXABLE_OK,Valido
https://efficiency-life.com/from/ogz/,airport_en,200,https://efficiency-life.com/from/ogz/,True,"index, follow",none,"Best-value flights from Vladikavkaz Airport, Vladikavkaz Airport | OGZ","Best-value flights from Vladikavkaz Airport, Vladikavkaz Airport","The 9 best destinations from Vladikavkaz Airport, Vladikavkaz Airport: non-stop return flights ranked by real value and kilometres per euro, not just lowest price. Real fares observed on 2026-09-14.",9,418,16,15,17,2,2026-09-14,0.7,3,INDEXABLE_OK,Valido
https://efficiency-life.com/from/oka/,airport_en,200,https://efficiency-life.com/from/oka/,True,"index, follow",none,"Best-value flights from Naha Airport, Naha | OKA","Best-value flights from Naha Airport, Naha","The 20 best destinations from Naha Airport, Naha: non-stop return flights ranked by real value and kilometres per euro, not just lowest price. Real fares observed on 2026-09-14.",20,460,13,12,17,2,2026-09-14,0.7,3,INDEXABLE_OK,Valido
https://efficiency-life.com/from/okc/,airport_en,200,https://efficiency-life.com/from/okc/,True,"index, follow",none,"Best-value flights from Okc Will Rogers Intl, Oklahoma City | OKC","Best-value flights from Okc Will Rogers Intl, Oklahoma City","The 8 best destinations from Okc Will Rogers Intl, Oklahoma City: non-stop return flights ranked by real value and kilometres per euro, not just lowest price. Real fares observed on 2026-09-14.",8,403,12,11,17,2,2026-09-14,0.7,3,INDEXABLE_OK,Valido
https://efficiency-life.com/from/olb/,airport_en,200,https://efficiency-life.com/from/olb/,True,"index, follow",none,"Best-value flights from Olbia / Costa Smeralda Airport, Olbia | OLB","Best-value flights from Olbia / Costa Smeralda Airport, Olbia","The 16 best destinations from Olbia / Costa Smeralda Airport, Olbia: non-stop return flights ranked by real value and kilometres per euro, not just lowest price. Real fares observed on 2026-09-14.",16,459,10,9,17,2,2026-09-14,0.7,3,INDEXABLE_OK,Valido
https://efficiency-life.com/from/oma/,airport_en,200,https://efficiency-life.com/from/oma/,True,"index, follow",none,"Best-value flights from Eppley Airfield, Omaha | OMA","Best-value flights from Eppley Airfield, Omaha","The 13 best destinations from Eppley Airfield, Omaha: non-stop return flights ranked by real value and kilometres per euro, not just lowest price. Real fares observed on 2026-09-14.",13,478,11,10,17,2,2026-09-14,0.7,3,INDEXABLE_OK,Valido
https://efficiency-life.com/from/oms/,airport_en,200,https://efficiency-life.com/from/oms/,True,"index, follow",none,"Best-value flights from Omsk Airport, Omsk Airport | OMS","Best-value flights from Omsk Airport, Omsk Airport","The 27 best destinations from Omsk Airport, Omsk Airport: non-stop return flights ranked by real value and kilometres per euro, not just lowest price. Real fares observed on 2026-09-14.",27,480,15,14,17,2,2026-09-14,0.7,3,INDEXABLE_OK,Valido
https://efficiency-life.com/from/ont/,airport_en,200,https://efficiency-life.com/from/ont/,True,"index, follow",none,"Best-value flights from Ontario Intl, Ontario | ONT","Best-value flights from Ontario Intl, Ontario","The 27 best destinations from Ontario Intl, Ontario: non-stop return flights ranked by real value and kilometres per euro, not just lowest price. Real fares observed on 2026-09-14.",27,482,18,17,17,2,2026-09-14,0.7,3,INDEXABLE_OK,Valido
https://efficiency-life.com/from/opo/,airport_en,200,https://efficiency-life.com/from/opo/,True,"index, follow",none,"Best-value flights from Francisco de Sá Carneiro Airport, Porto | OPO","Best-value flights from Francisco de Sá Carneiro Airport, Porto","The 84 best destinations from Francisco de Sá Carneiro Airport, Porto: non-stop return flights ranked by real value and kilometres per euro, not just lowest price. Real fares observed on 2026-09-14.",84,472,7,6,17,2,2026-09-14,0.7,3,INDEXABLE_OK,Valido
https://efficiency-life.com/from/ord/,airport_en,200,https://efficiency-life.com/from/ord/,True,"index, follow",none,"Best-value flights from O'Hare, Chicago | ORD","Best-value flights from O'Hare, Chicago","The 118 best destinations from O'Hare, Chicago: non-stop return flights ranked by real value and kilometres per euro, not just lowest price. Real fares observed on 2026-09-14.",118,472,16,15,17,2,2026-09-14,0.7,3,INDEXABLE_OK,Valido
https://efficiency-life.com/from/orf/,airport_en,200,https://efficiency-life.com/from/orf/,True,"index, follow",none,"Best-value flights from Norfolk Intl, Norfolk | ORF","Best-value flights from Norfolk Intl, Norfolk","The 13 best destinations from Norfolk Intl, Norfolk: non-stop return flights ranked by real value and kilometres per euro, not just lowest price. Real fares observed on 2026-09-14.",13,466,10,9,17,2,2026-09-14,0.7,3,INDEXABLE_OK,Valido
https://efficiency-life.com/from/ork/,airport_en,200,https://efficiency-life.com/from/ork/,True,"index, follow",none,"Best-value flights from Cork Airport, Cork | ORK","Best-value flights from Cork Airport, Cork","The 18 best destinations from Cork Airport, Cork: non-stop return flights ranked by real value and kilometres per euro, not just lowest price. Real fares observed on 2026-09-14.",18,468,6,5,17,2,2026-09-14,0.7,3,INDEXABLE_OK,Valido
https://efficiency-life.com/from/orn/,airport_en,200,https://efficiency-life.com/from/orn/,True,"index, follow",none,"Best-value flights from Es Senia Airport, Oran | ORN","Best-value flights from Es Senia Airport, Oran","The 11 best destinations from Es Senia Airport, Oran: non-stop return flights ranked by real value and kilometres per euro, not just lowest price. Real fares observed on 2026-09-14.",11,436,16,15,17,2,2026-09-14,0.7,3,INDEXABLE_OK,Valido
https://efficiency-life.com/from/ory/,airport_en,200,https://efficiency-life.com/from/ory/,True,"index, follow",none,"Best-value flights from Orly, Parigi | ORY","Best-value flights from Orly, Parigi","The 117 best destinations from Orly, Parigi: non-stop return flights ranked by real value and kilometres per euro, not just lowest price. Real fares observed on 2026-09-14.",117,464,12,11,17,2,2026-09-14,0.7,3,INDEXABLE_OK,Valido
https://efficiency-life.com/from/osl/,airport_en,200,https://efficiency-life.com/from/osl/,True,"index, follow",none,"Best-value flights from Oslo Gardermoen Airport, Oslo | OSL","Best-value flights from Oslo Gardermoen Airport, Oslo","The 67 best destinations from Oslo Gardermoen Airport, Oslo: non-stop return flights ranked by real value and kilometres per euro, not just lowest price. Real fares observed on 2026-09-14.",67,461,10,9,17,2,2026-09-14,0.7,3,INDEXABLE_OK,Valido
https://efficiency-life.com/from/oss/,airport_en,200,https://efficiency-life.com/from/oss/,True,"index, follow",none,"Best-value flights from Osh Airport, Osh | OSS","Best-value flights from Osh Airport, Osh","The 18 best destinations from Osh Airport, Osh: non-stop return flights ranked by real value and kilometres per euro, not just lowest price. Real fares observed on 2026-09-14.",18,461,15,14,17,2,2026-09-14,0.7,3,INDEXABLE_OK,Valido
https://efficiency-life.com/from/otp/,airport_en,200,https://efficiency-life.com/from/otp/,True,"index, follow",none,"Best-value flights from Henri Coanda Intl, Bucharest | OTP","Best-value flights from Henri Coanda Intl, Bucharest","The 92 best destinations from Henri Coanda Intl, Bucharest: non-stop return flights ranked by real value and kilometres per euro, not just lowest price. Real fares observed on 2026-09-14.",92,461,11,10,17,2,2026-09-14,0.7,3,INDEXABLE_OK,Valido
https://efficiency-life.com/from/oua/,airport_en,200,https://efficiency-life.com/from/oua/,True,"index, follow",none,"Best-value flights from Ouagadougou Airport, Ouagadougou | OUA","Best-value flights from Ouagadougou Airport, Ouagadougou","The 8 best destinations from Ouagadougou Airport, Ouagadougou: non-stop return flights ranked by real value and kilometres per euro, not just lowest price. Real fares observed on 2026-09-14.",8,372,17,16,17,2,2026-09-14,0.7,3,INDEXABLE_OK,Valido
https://efficiency-life.com/from/oud/,airport_en,200,https://efficiency-life.com/from/oud/,True,"index, follow",none,"Best-value flights from Les Angades Airport, Les Angades Airport | OUD","Best-value flights from Les Angades Airport, Les Angades Airport","The 7 best destinations from Les Angades Airport, Les Angades Airport: non-stop return flights ranked by real value and kilometres per euro, not just lowest price. Real fares observed on 2026-09-14.",7,368,14,13,17,2,2026-09-14,0.7,3,INDEXABLE_OK,Valido
https://efficiency-life.com/from/ovb/,airport_en,200,https://efficiency-life.com/from/ovb/,True,"index, follow",none,"Best-value flights from Tolmachevo Airport, Novosibirsk | OVB","Best-value flights from Tolmachevo Airport, Novosibirsk","The 69 best destinations from Tolmachevo Airport, Novosibirsk: non-stop return flights ranked by real value and kilometres per euro, not just lowest price. Real fares observed on 2026-09-14.",69,476,13,12,17,2,2026-09-14,0.7,3,INDEXABLE_OK,Valido
https://efficiency-life.com/from/ovd/,airport_en,200,https://efficiency-life.com/from/ovd/,True,"index, follow",none,"Best-value flights from Asturias Airport, Ranon | OVD","Best-value flights from Asturias Airport, Ranon","The 15 best destinations from Asturias Airport, Ranon: non-stop return flights ranked by real value and kilometres per euro, not just lowest price. Real fares observed on 2026-09-14.",15,461,15,14,17,2,2026-09-14,0.7,3,INDEXABLE_OK,Valido
https://efficiency-life.com/from/pae/,airport_en,200,https://efficiency-life.com/from/pae/,True,"index, follow",none,"Best-value flights from Snohomish County - Paine Field, Snohomish County - Paine Field | PAE","Best-value flights from Snohomish County - Paine Field, Snohomish County - Paine Field","The 7 best destinations from Snohomish County - Paine Field, Snohomish County - Paine Field: non-stop return flights ranked by real value and kilometres per euro, not just lowest price. Real fares observed on 2026-09-14.",7,408,8,7,18,2,2026-09-14,0.7,3,INDEXABLE_OK,Valido
https://efficiency-life.com/from/pdl/,airport_en,200,https://efficiency-life.com/from/pdl/,True,"index, follow",none,"Best-value flights from João Paulo II Airport, Ponta Delgada | PDL","Best-value flights from João Paulo II Airport, Ponta Delgada","The 7 best destinations from João Paulo II Airport, Ponta Delgada: non-stop return flights ranked by real value and kilometres per euro, not just lowest price. Real fares observed on 2026-09-14.",7,380,6,5,17,2,2026-09-14,0.7,3,INDEXABLE_OK,Valido
https://efficiency-life.com/from/pdx/,airport_en,200,https://efficiency-life.com/from/pdx/,True,"index, follow",none,"Best-value flights from Portland Intl, Portland | PDX","Best-value flights from Portland Intl, Portland","The 31 best destinations from Portland Intl, Portland: non-stop return flights ranked by real value and kilometres per euro, not just lowest price. Real fares observed on 2026-09-14.",31,472,9,8,17,2,2026-09-14,0.7,3,INDEXABLE_OK,Valido
https://efficiency-life.com/from/pee/,airport_en,200,https://efficiency-life.com/from/pee/,True,"index, follow",none,"Best-value flights from Perm International Airport, Perm International Airport | PEE","Best-value flights from Perm International Airport, Perm International Airport","The 27 best destinations from Perm International Airport, Perm International Airport: non-stop return flights ranked by real value and kilometres per euro, not just lowest price. Real fares observed on 2026-09-14.",27,485,17,16,17,2,2026-09-14,0.7,3,INDEXABLE_OK,Valido
https://efficiency-life.com/from/pek/,airport_en,200,https://efficiency-life.com/from/pek/,True,"index, follow",none,"Best-value flights from Beijing Capital Intl, Pechino | PEK","Best-value flights from Beijing Capital Intl, Pechino","The 124 best destinations from Beijing Capital Intl, Pechino: non-stop return flights ranked by real value and kilometres per euro, not just lowest price. Real fares observed on 2026-09-14.",124,469,21,20,17,2,2026-09-14,0.7,3,INDEXABLE_OK,Valido
https://efficiency-life.com/from/pen/,airport_en,200,https://efficiency-life.com/from/pen/,True,"index, follow",none,"Best-value flights from Penang Intl, Penang | PEN","Best-value flights from Penang Intl, Penang","The 18 best destinations from Penang Intl, Penang: non-stop return flights ranked by real value and kilometres per euro, not just lowest price. Real fares observed on 2026-09-14.",18,476,17,16,17,2,2026-09-14,0.7,3,INDEXABLE_OK,Valido
https://efficiency-life.com/from/per/,airport_en,200,https://efficiency-life.com/from/per/,True,"index, follow",none,"Best-value flights from Perth Intl, Perth | PER","Best-value flights from Perth Intl, Perth","The 24 best destinations from Perth Intl, Perth: non-stop return flights ranked by real value and kilometres per euro, not just lowest price. Real fares observed on 2026-09-14.",24,469,12,11,17,2,2026-09-14,0.7,3,INDEXABLE_OK,Valido
https://efficiency-life.com/from/pes/,airport_en,200,https://efficiency-life.com/from/pes/,True,"index, follow",none,"Best-value flights from Petrozavodsk Airport, Petrozavodsk Airport | PES","Best-value flights from Petrozavodsk Airport, Petrozavodsk Airport","The 7 best destinations from Petrozavodsk Airport, Petrozavodsk Airport: non-stop return flights ranked by real value and kilometres per euro, not just lowest price. Real fares observed on 2026-09-14.",7,368,14,13,17,2,2026-09-14,0.7,3,INDEXABLE_OK,Valido
https://efficiency-life.com/from/pfo/,airport_en,200,https://efficiency-life.com/from/pfo/,True,"index, follow",none,"Best-value flights from Paphos Intl, Paphos | PFO","Best-value flights from Paphos Intl, Paphos","The 30 best destinations from Paphos Intl, Paphos: non-stop return flights ranked by real value and kilometres per euro, not just lowest price. Real fares observed on 2026-09-14.",30,465,9,8,17,2,2026-09-14,0.7,3,INDEXABLE_OK,Valido
https://efficiency-life.com/from/phl/,airport_en,200,https://efficiency-life.com/from/phl/,True,"index, follow",none,"Best-value flights from Philadelphia Intl, Philadelphia | PHL","Best-value flights from Philadelphia Intl, Philadelphia","The 68 best destinations from Philadelphia Intl, Philadelphia: non-stop return flights ranked by real value and kilometres per euro, not just lowest price. Real fares observed on 2026-09-14.",68,479,18,17,17,2,2026-09-14,0.7,3,INDEXABLE_OK,Valido
https://efficiency-life.com/from/phx/,airport_en,200,https://efficiency-life.com/from/phx/,True,"index, follow",none,"Best-value flights from Phoenix Sky Harbor Intl, Phoenix | PHX","Best-value flights from Phoenix Sky Harbor Intl, Phoenix","The 65 best destinations from Phoenix Sky Harbor Intl, Phoenix: non-stop return flights ranked by real value and kilometres per euro, not just lowest price. Real fares observed on 2026-09-14.",65,491,13,12,17,2,2026-09-14,0.7,3,INDEXABLE_OK,Valido
https://efficiency-life.com/from/pie/,airport_en,200,https://efficiency-life.com/from/pie/,True,"index, follow",none,"Best-value flights from St. Petersburg-Clearwater International Airport, St. Petersburg-Clearwater International Airport | PIE","Best-value flights from St. Petersburg-Clearwater International Airport, St. Petersburg-Clearwater International Airport","The 6 best destinations from St. Petersburg-Clearwater International Airport, St. Petersburg-Clearwater International Airport: non-stop return flights ranked by real value and kilometres per euro, not just lowest price. Real fares observed on 2026-09-14.",6,380,13,12,17,2,2026-09-14,0.7,3,INDEXABLE_OK,Valido
https://efficiency-life.com/from/pit/,airport_en,200,https://efficiency-life.com/from/pit/,True,"index, follow",none,"Best-value flights from Pittsburgh Intl, Pittsburgh | PIT","Best-value flights from Pittsburgh Intl, Pittsburgh","The 26 best destinations from Pittsburgh Intl, Pittsburgh: non-stop return flights ranked by real value and kilometres per euro, not just lowest price. Real fares observed on 2026-09-14.",26,465,15,14,17,2,2026-09-14,0.7,3,INDEXABLE_OK,Valido
https://efficiency-life.com/from/pkc/,airport_en,200,https://efficiency-life.com/from/pkc/,True,"index, follow",none,"Best-value flights from Petropavlovsk-Kamchatsky Airport, Petropavlovsk-Kamchatsky Airport | PKC","Best-value flights from Petropavlovsk-Kamchatsky Airport, Petropavlovsk-Kamchatsky Airport","The 11 best destinations from Petropavlovsk-Kamchatsky Airport, Petropavlovsk-Kamchatsky Airport: non-stop return flights ranked by real value and kilometres per euro, not just lowest price. Real fares observed on 2026-09-14.",11,456,8,7,17,2,2026-09-14,0.7,3,INDEXABLE_OK,Valido
https://efficiency-life.com/from/pkx/,airport_en,200,https://efficiency-life.com/from/pkx/,True,"index, follow",none,"Best-value flights from Beijing Daxing Intl, Pechino | PKX","Best-value flights from Beijing Daxing Intl, Pechino","The 88 best destinations from Beijing Daxing Intl, Pechino: non-stop return flights ranked by real value and kilometres per euro, not just lowest price. Real fares observed on 2026-09-14.",88,468,21,20,17,2,2026-09-14,0.7,3,INDEXABLE_OK,Valido
https://efficiency-life.com/from/pmf/,airport_en,200,https://efficiency-life.com/from/pmf/,True,"index, follow",none,"Best-value flights from Parma Airport, Parma Airport | PMF","Best-value flights from Parma Airport, Parma Airport","The 6 best destinations from Parma Airport, Parma Airport: non-stop return flights ranked by real value and kilometres per euro, not just lowest price. Real fares observed on 2026-09-14.",6,346,19,18,17,2,2026-09-14,0.7,3,INDEXABLE_OK,Valido
https://efficiency-life.com/from/pmi/,airport_en,200,https://efficiency-life.com/from/pmi/,True,"index, follow",none,"Best-value flights from Palma De Mallorca Airport, Palma De Mallorca | PMI","Best-value flights from Palma De Mallorca Airport, Palma De Mallorca","The 54 best destinations from Palma De Mallorca Airport, Palma De Mallorca: non-stop return flights ranked by real value and kilometres per euro, not just lowest price. Real fares observed on 2026-09-14.",54,479,10,9,17,2,2026-09-14,0.7,3,INDEXABLE_OK,Valido
https://efficiency-life.com/from/pmo/,airport_en,200,https://efficiency-life.com/from/pmo/,True,"index, follow",none,"Best-value flights from Palermo / Punta Raisi Airport, Palermo | PMO","Best-value flights from Palermo / Punta Raisi Airport, Palermo","The 35 best destinations from Palermo / Punta Raisi Airport, Palermo: non-stop return flights ranked by real value and kilometres per euro, not just lowest price. Real fares observed on 2026-09-14.",35,470,12,11,17,2,2026-09-14,0.7,3,INDEXABLE_OK,Valido
https://efficiency-life.com/from/pnq/,airport_en,200,https://efficiency-life.com/from/pnq/,True,"index, follow",none,"Best-value flights from Pune Airport, Pune | PNQ","Best-value flights from Pune Airport, Pune","The 8 best destinations from Pune Airport, Pune: non-stop return flights ranked by real value and kilometres per euro, not just lowest price. Real fares observed on 2026-09-14.",8,378,21,20,17,2,2026-09-14,0.7,3,INDEXABLE_OK,Valido
https://efficiency-life.com/from/poa/,airport_en,200,https://efficiency-life.com/from/poa/,True,"index, follow",none,"Best-value flights from Salgado Filho Airport, Porto Alegre | POA","Best-value flights from Salgado Filho Airport, Porto Alegre","The 13 best destinations from Salgado Filho Airport, Porto Alegre: non-stop return flights ranked by real value and kilometres per euro, not just lowest price. Real fares observed on 2026-09-14.",13,479,18,17,17,2,2026-09-14,0.7,3,INDEXABLE_OK,Valido
https://efficiency-life.com/from/pos/,airport_en,200,https://efficiency-life.com/from/pos/,True,"index, follow",none,"Best-value flights from Piarco Intl, Port of Spain | POS","Best-value flights from Piarco Intl, Port of Spain","The 9 best destinations from Piarco Intl, Port of Spain: non-stop return flights ranked by real value and kilometres per euro, not just lowest price. Real fares observed on 2026-09-14.",9,417,11,10,17,2,2026-09-14,0.7,3,INDEXABLE_OK,Valido
https://efficiency-life.com/from/poz/,airport_en,200,https://efficiency-life.com/from/poz/,True,"index, follow",none,"Best-value flights from Poznań-Ławica Airport, Poznań | POZ","Best-value flights from Poznań-Ławica Airport, Poznań","The 31 best destinations from Poznań-Ławica Airport, Poznań: non-stop return flights ranked by real value and kilometres per euro, not just lowest price. Real fares observed on 2026-09-14.",31,457,16,15,17,2,2026-09-14,0.7,3,INDEXABLE_OK,Valido
https://efficiency-life.com/from/ppt/,airport_en,200,https://efficiency-life.com/from/ppt/,True,"index, follow",none,"Best-value flights from Faa'a Intl, Papeete | PPT","Best-value flights from Faa'a Intl, Papeete","The 10 best destinations from Faa'a Intl, Papeete: non-stop return flights ranked by real value and kilometres per euro, not just lowest price. Real fares observed on 2026-09-14.",10,446,12,11,17,2,2026-09-14,0.7,3,INDEXABLE_OK,Valido
https://efficiency-life.com/from/pqc/,airport_en,200,https://efficiency-life.com/from/pqc/,True,"index, follow",none,"Best-value flights from Phu Quoc Airport, Duong Dong | PQC","Best-value flights from Phu Quoc Airport, Duong Dong","The 30 best destinations from Phu Quoc Airport, Duong Dong: non-stop return flights ranked by real value and kilometres per euro, not just lowest price. Real fares observed on 2026-09-14.",30,478,21,20,17,2,2026-09-14,0.7,3,INDEXABLE_OK,Valido
https://efficiency-life.com/from/prg/,airport_en,200,https://efficiency-life.com/from/prg/,True,"index, follow",none,"Best-value flights from Václav Havel Airport, Prague | PRG","Best-value flights from Václav Havel Airport, Prague","The 102 best destinations from Václav Havel Airport, Prague: non-stop return flights ranked by real value and kilometres per euro, not just lowest price. Real fares observed on 2026-09-14.",102,462,15,14,17,2,2026-09-14,0.7,3,INDEXABLE_OK,Valido
https://efficiency-life.com/from/prn/,airport_en,200,https://efficiency-life.com/from/prn/,True,"index, follow",none,"Best-value flights from Pristina Intl, Lipjan | PRN","Best-value flights from Pristina Intl, Lipjan","The 17 best destinations from Pristina Intl, Lipjan: non-stop return flights ranked by real value and kilometres per euro, not just lowest price. Real fares observed on 2026-09-14.",17,457,13,12,17,2,2026-09-14,0.7,3,INDEXABLE_OK,Valido
https://efficiency-life.com/from/psa/,airport_en,200,https://efficiency-life.com/from/psa/,True,"index, follow",none,"Best-value flights from Pisa / San Giusto - Galileo Galilei Intl, Pisa | PSA","Best-value flights from Pisa / San Giusto - Galileo Galilei Intl, Pisa","The 35 best destinations from Pisa / San Giusto - Galileo Galilei Intl, Pisa: non-stop return flights ranked by real value and kilometres per euro, not just lowest price. Real fares observed on 2026-09-14.",35,482,19,18,17,2,2026-09-14,0.7,3,INDEXABLE_OK,Valido
https://efficiency-life.com/from/psr/,airport_en,200,https://efficiency-life.com/from/psr/,True,"index, follow",none,"Best-value flights from Pescara Intl, Pescara | PSR","Best-value flights from Pescara Intl, Pescara","The 7 best destinations from Pescara Intl, Pescara: non-stop return flights ranked by real value and kilometres per euro, not just lowest price. Real fares observed on 2026-09-14.",7,358,15,14,17,2,2026-09-14,0.7,3,INDEXABLE_OK,Valido
https://efficiency-life.com/from/pty/,airport_en,200,https://efficiency-life.com/from/pty/,True,"index, follow",none,"Best-value flights from Tocumen Intl, Tocumen | PTY","Best-value flights from Tocumen Intl, Tocumen","The 53 best destinations from Tocumen Intl, Tocumen: non-stop return flights ranked by real value and kilometres per euro, not just lowest price. Real fares observed on 2026-09-14.",53,459,15,14,17,2,2026-09-14,0.7,3,INDEXABLE_OK,Valido
https://efficiency-life.com/from/puj/,airport_en,200,https://efficiency-life.com/from/puj/,True,"index, follow",none,"Best-value flights from Punta Cana Intl, Punta Cana | PUJ","Best-value flights from Punta Cana Intl, Punta Cana","The 24 best destinations from Punta Cana Intl, Punta Cana: non-stop return flights ranked by real value and kilometres per euro, not just lowest price. Real fares observed on 2026-09-14.",24,471,14,13,17,2,2026-09-14,0.7,3,INDEXABLE_OK,Valido
https://efficiency-life.com/from/pus/,airport_en,200,https://efficiency-life.com/from/pus/,True,"index, follow",none,"Best-value flights from Gimhae Intl, Busan | PUS","Best-value flights from Gimhae Intl, Busan","The 31 best destinations from Gimhae Intl, Busan: non-stop return flights ranked by real value and kilometres per euro, not just lowest price. Real fares observed on 2026-09-14.",31,467,15,14,17,2,2026-09-14,0.7,3,INDEXABLE_OK,Valido
https://efficiency-life.com/from/pvd/,airport_en,200,https://efficiency-life.com/from/pvd/,True,"index, follow",none,"Best-value flights from Rhode Island Tf Green Intl, Providence | PVD","Best-value flights from Rhode Island Tf Green Intl, Providence","The 8 best destinations from Rhode Island Tf Green Intl, Providence: non-stop return flights ranked by real value and kilometres per euro, not just lowest price. Real fares observed on 2026-09-14.",8,400,10,9,17,2,2026-09-14,0.7,3,INDEXABLE_OK,Valido
https://efficiency-life.com/from/pvg/,airport_en,200,https://efficiency-life.com/from/pvg/,True,"index, follow",none,"Best-value flights from Shanghai Pudong Intl, Shanghai | PVG","Best-value flights from Shanghai Pudong Intl, Shanghai","The 131 best destinations from Shanghai Pudong Intl, Shanghai: non-stop return flights ranked by real value and kilometres per euro, not just lowest price. Real fares observed on 2026-09-14.",131,472,16,15,17,2,2026-09-14,0.7,3,INDEXABLE_OK,Valido
https://efficiency-life.com/from/pvr/,airport_en,200,https://efficiency-life.com/from/pvr/,True,"index, follow",none,"Best-value flights from Licenciado Gustavo Diaz Ordaz Intl, Puerto Vallarta | PVR","Best-value flights from Licenciado Gustavo Diaz Ordaz Intl, Puerto Vallarta","The 6 best destinations from Licenciado Gustavo Diaz Ordaz Intl, Puerto Vallarta: non-stop return flights ranked by real value and kilometres per euro, not just lowest price. Real fares observed on 2026-09-14.",6,375,12,11,17,2,2026-09-14,0.7,3,INDEXABLE_OK,Valido
https://efficiency-life.com/from/qro/,airport_en,200,https://efficiency-life.com/from/qro/,True,"index, follow",none,"Best-value flights from Queretaro Intercontinental Airport, Queretaro | QRO","Best-value flights from Queretaro Intercontinental Airport, Queretaro","The 7 best destinations from Queretaro Intercontinental Airport, Queretaro: non-stop return flights ranked by real value and kilometres per euro, not just lowest price. Real fares observed on 2026-09-14.",7,383,12,11,17,2,2026-09-14,0.7,3,INDEXABLE_OK,Valido
https://efficiency-life.com/from/qsr/,airport_en,200,https://efficiency-life.com/from/qsr/,True,"index, follow",none,"Best-value flights from Pontecagnano, Pontecagnano | QSR","Best-value flights from Pontecagnano, Pontecagnano","The 6 best destinations from Pontecagnano, Pontecagnano: non-stop return flights ranked by real value and kilometres per euro, not just lowest price. Real fares observed on 2026-09-14.",6,335,15,14,17,2,2026-09-14,0.7,3,INDEXABLE_OK,Valido
https://efficiency-life.com/from/rai/,airport_en,200,https://efficiency-life.com/from/rai/,True,"index, follow",none,"Best-value flights from Praia Intl, Praia | RAI","Best-value flights from Praia Intl, Praia","The 7 best destinations from Praia Intl, Praia: non-stop return flights ranked by real value and kilometres per euro, not just lowest price. Real fares observed on 2026-09-14.",7,360,6,5,17,2,2026-09-14,0.7,3,INDEXABLE_OK,Valido
https://efficiency-life.com/from/rak/,airport_en,200,https://efficiency-life.com/from/rak/,True,"index, follow",none,"Best-value flights from Menara Airport, Marrakech | RAK","Best-value flights from Menara Airport, Marrakech","The 46 best destinations from Menara Airport, Marrakech: non-stop return flights ranked by real value and kilometres per euro, not just lowest price. Real fares observed on 2026-09-14.",46,463,15,14,17,2,2026-09-14,0.7,3,INDEXABLE_OK,Valido
https://efficiency-life.com/from/rba/,airport_en,200,https://efficiency-life.com/from/rba/,True,"index, follow",none,"Best-value flights from Rabat-Sale Airport, Rabat | RBA","Best-value flights from Rabat-Sale Airport, Rabat","The 20 best destinations from Rabat-Sale Airport, Rabat: non-stop return flights ranked by real value and kilometres per euro, not just lowest price. Real fares observed on 2026-09-14.",20,459,14,13,17,2,2026-09-14,0.7,3,INDEXABLE_OK,Valido
https://efficiency-life.com/from/rdu/,airport_en,200,https://efficiency-life.com/from/rdu/,True,"index, follow",none,"Best-value flights from Raleigh-Durham Intl, Raleigh/Durham | RDU","Best-value flights from Raleigh-Durham Intl, Raleigh/Durham","The 40 best destinations from Raleigh-Durham Intl, Raleigh/Durham: non-stop return flights ranked by real value and kilometres per euro, not just lowest price. Real fares observed on 2026-09-14.",40,470,13,12,17,2,2026-09-14,0.7,3,INDEXABLE_OK,Valido
https://efficiency-life.com/from/rec/,airport_en,200,https://efficiency-life.com/from/rec/,True,"index, follow",none,"Best-value flights from Guararapes - Gilberto Freyre Intl, Recife | REC","Best-value flights from Guararapes - Gilberto Freyre Intl, Recife","The 23 best destinations from Guararapes - Gilberto Freyre Intl, Recife: non-stop return flights ranked by real value and kilometres per euro, not just lowest price. Real fares observed on 2026-09-14.",23,474,9,8,17,2,2026-09-14,0.7,3,INDEXABLE_OK,Valido
https://efficiency-life.com/from/reg/,airport_en,200,https://efficiency-life.com/from/reg/,True,"index, follow",none,"Best-value flights from Reggio Calabria Airport, Reggio Calabria | REG","Best-value flights from Reggio Calabria Airport, Reggio Calabria","The 7 best destinations from Reggio Calabria Airport, Reggio Calabria: non-stop return flights ranked by real value and kilometres per euro, not just lowest price. Real fares observed on 2026-09-14.",7,369,10,9,17,2,2026-09-14,0.7,3,INDEXABLE_OK,Valido
https://efficiency-life.com/from/ren/,airport_en,200,https://efficiency-life.com/from/ren/,True,"index, follow",none,"Best-value flights from Orenburg Airport, Orenburg Airport | REN","Best-value flights from Orenburg Airport, Orenburg Airport","The 13 best destinations from Orenburg Airport, Orenburg Airport: non-stop return flights ranked by real value and kilometres per euro, not just lowest price. Real fares observed on 2026-09-14.",13,470,15,14,17,2,2026-09-14,0.7,3,INDEXABLE_OK,Valido
https://efficiency-life.com/from/reu/,airport_en,200,https://efficiency-life.com/from/reu/,True,"index, follow",none,"Best-value flights from Reus Air Base, Reus | REU","Best-value flights from Reus Air Base, Reus","The 8 best destinations from Reus Air Base, Reus: non-stop return flights ranked by real value and kilometres per euro, not just lowest price. Real fares observed on 2026-09-14.",8,393,17,16,17,2,2026-09-14,0.7,3,INDEXABLE_OK,Valido
https://efficiency-life.com/from/rgk/,airport_en,200,https://efficiency-life.com/from/rgk/,True,"index, follow",none,"Best-value flights from Gorno-Altaysk Airport, Gorno-Altaysk Airport | RGK","Best-value flights from Gorno-Altaysk Airport, Gorno-Altaysk Airport","The 14 best destinations from Gorno-Altaysk Airport, Gorno-Altaysk Airport: non-stop return flights ranked by real value and kilometres per euro, not just lowest price. Real fares observed on 2026-09-14.",14,469,14,13,17,2,2026-09-14,0.7,3,INDEXABLE_OK,Valido
https://efficiency-life.com/from/rgn/,airport_en,200,https://efficiency-life.com/from/rgn/,True,"index, follow",none,"Best-value flights from Yangon Intl, Yangon | RGN","Best-value flights from Yangon Intl, Yangon","The 10 best destinations from Yangon Intl, Yangon: non-stop return flights ranked by real value and kilometres per euro, not just lowest price. Real fares observed on 2026-09-14.",10,434,7,6,17,2,2026-09-14,0.7,3,INDEXABLE_OK,Valido
https://efficiency-life.com/from/rho/,airport_en,200,https://efficiency-life.com/from/rho/,True,"index, follow",none,"Best-value flights from Diagoras Airport, Rodes Island | RHO","Best-value flights from Diagoras Airport, Rodes Island","The 17 best destinations from Diagoras Airport, Rodes Island: non-stop return flights ranked by real value and kilometres per euro, not just lowest price. Real fares observed on 2026-09-14.",17,457,15,14,17,2,2026-09-14,0.7,3,INDEXABLE_OK,Valido
https://efficiency-life.com/from/ric/,airport_en,200,https://efficiency-life.com/from/ric/,True,"index, follow",none,"Best-value flights from Richmond Intl, Richmond | RIC","Best-value flights from Richmond Intl, Richmond","The 12 best destinations from Richmond Intl, Richmond: non-stop return flights ranked by real value and kilometres per euro, not just lowest price. Real fares observed on 2026-09-14.",12,469,14,13,17,2,2026-09-14,0.7,3,INDEXABLE_OK,Valido
https://efficiency-life.com/from/rix/,airport_en,200,https://efficiency-life.com/from/rix/,True,"index, follow",none,"Best-value flights from Riga Intl, Riga | RIX","Best-value flights from Riga Intl, Riga","The 69 best destinations from Riga Intl, Riga: non-stop return flights ranked by real value and kilometres per euro, not just lowest price. Real fares observed on 2026-09-14.",69,464,9,8,17,2,2026-09-14,0.7,3,INDEXABLE_OK,Valido
https://efficiency-life.com/from/rmi/,airport_en,200,https://efficiency-life.com/from/rmi/,True,"index, follow",none,"Best-value flights from Rimini / Miramare - Federico Fellini Intl, Rimini | RMI","Best-value flights from Rimini / Miramare - Federico Fellini Intl, Rimini","The 8 best destinations from Rimini / Miramare - Federico Fellini Intl, Rimini: non-stop return flights ranked by real value and kilometres per euro, not just lowest price. Real fares observed on 2026-09-14.",8,395,18,17,17,2,2026-09-14,0.7,3,INDEXABLE_OK,Valido
https://efficiency-life.com/from/rmo/,airport_en,200,https://efficiency-life.com/from/rmo/,True,"index, follow",none,"Best-value flights from Chișinău Intl, Chișinău | RMO","Best-value flights from Chișinău Intl, Chișinău","The 63 best destinations from Chișinău Intl, Chișinău: non-stop return flights ranked by real value and kilometres per euro, not just lowest price. Real fares observed on 2026-09-14.",63,457,9,8,17,2,2026-09-14,0.7,3,INDEXABLE_OK,Valido
https://efficiency-life.com/from/rmq/,airport_en,200,https://efficiency-life.com/from/rmq/,True,"index, follow",none,"Best-value flights from Taichung Ching Chuang Kang Airport, Taichung City | RMQ","Best-value flights from Taichung Ching Chuang Kang Airport, Taichung City","The 11 best destinations from Taichung Ching Chuang Kang Airport, Taichung City: non-stop return flights ranked by real value and kilometres per euro, not just lowest price. Real fares observed on 2026-09-14.",11,461,12,11,17,2,2026-09-14,0.7,3,INDEXABLE_OK,Valido
https://efficiency-life.com/from/rmz/,airport_en,200,https://efficiency-life.com/from/rmz/,True,"index, follow",none,"Best-value flights from Tobolsk (Remezov), Tobolsk (Remezov) | RMZ","Best-value flights from Tobolsk (Remezov), Tobolsk (Remezov)","The 8 best destinations from Tobolsk (Remezov), Tobolsk (Remezov): non-stop return flights ranked by real value and kilometres per euro, not just lowest price. Real fares observed on 2026-09-14.",8,392,15,14,17,2,2026-09-14,0.7,3,INDEXABLE_OK,Valido
https://efficiency-life.com/from/rno/,airport_en,200,https://efficiency-life.com/from/rno/,True,"index, follow",none,"Best-value flights from Reno/Tahoe International Airport, Reno/Tahoe International Airport | RNO","Best-value flights from Reno/Tahoe International Airport, Reno/Tahoe International Airport","The 7 best destinations from Reno/Tahoe International Airport, Reno/Tahoe International Airport: non-stop return flights ranked by real value and kilometres per euro, not just lowest price. Real fares observed on 2026-09-14.",7,385,17,16,17,2,2026-09-14,0.7,3,INDEXABLE_OK,Valido
https://efficiency-life.com/from/rsw/,airport_en,200,https://efficiency-life.com/from/rsw/,True,"index, follow",none,"Best-value flights from Southwest Florida, Fort Myers | RSW","Best-value flights from Southwest Florida, Fort Myers","The 12 best destinations from Southwest Florida, Fort Myers: non-stop return flights ranked by real value and kilometres per euro, not just lowest price. Real fares observed on 2026-09-14.",12,477,12,11,17,2,2026-09-14,0.7,3,INDEXABLE_OK,Valido
https://efficiency-life.com/from/rtm/,airport_en,200,https://efficiency-life.com/from/rtm/,True,"index, follow",none,"Best-value flights from Rotterdam Airport, Rotterdam | RTM","Best-value flights from Rotterdam Airport, Rotterdam","The 30 best destinations from Rotterdam Airport, Rotterdam: non-stop return flights ranked by real value and kilometres per euro, not just lowest price. Real fares observed on 2026-09-14.",30,462,13,12,17,2,2026-09-14,0.7,3,INDEXABLE_OK,Valido
https://efficiency-life.com/from/ruh/,airport_en,200,https://efficiency-life.com/from/ruh/,True,"index, follow",none,"Best-value flights from King Khaled Intl, Riyadh | RUH","Best-value flights from King Khaled Intl, Riyadh","The 75 best destinations from King Khaled Intl, Riyadh: non-stop return flights ranked by real value and kilometres per euro, not just lowest price. Real fares observed on 2026-09-14.",75,464,21,20,17,2,2026-09-14,0.7,3,INDEXABLE_OK,Valido
https://efficiency-life.com/from/run/,airport_en,200,https://efficiency-life.com/from/run/,True,"index, follow",none,"Best-value flights from Roland Garros Airport, St Denis | RUN","Best-value flights from Roland Garros Airport, St Denis","The 6 best destinations from Roland Garros Airport, St Denis: non-stop return flights ranked by real value and kilometres per euro, not just lowest price. Real fares observed on 2026-09-14.",6,355,9,8,17,2,2026-09-14,0.7,3,INDEXABLE_OK,Valido
https://efficiency-life.com/from/rze/,airport_en,200,https://efficiency-life.com/from/rze/,True,"index, follow",none,"Best-value flights from Rzeszow-Jasionka Airport, Rzeszow | RZE","Best-value flights from Rzeszow-Jasionka Airport, Rzeszow","The 15 best destinations from Rzeszow-Jasionka Airport, Rzeszow: non-stop return flights ranked by real value and kilometres per euro, not just lowest price. Real fares observed on 2026-09-14.",15,452,18,17,17,2,2026-09-14,0.7,3,INDEXABLE_OK,Valido
https://efficiency-life.com/from/sai/,airport_en,200,https://efficiency-life.com/from/sai/,True,"index, follow",none,"Best-value flights from Siem Reap Angkor Intl, Siem Reap | SAI","Best-value flights from Siem Reap Angkor Intl, Siem Reap","The 12 best destinations from Siem Reap Angkor Intl, Siem Reap: non-stop return flights ranked by real value and kilometres per euro, not just lowest price. Real fares observed on 2026-09-14.",12,487,15,14,17,2,2026-09-14,0.7,3,INDEXABLE_OK,Valido
https://efficiency-life.com/from/sal/,airport_en,200,https://efficiency-life.com/from/sal/,True,"index, follow",none,"Best-value flights from El Salvador Intl, Santa Clara | SAL","Best-value flights from El Salvador Intl, Santa Clara","The 18 best destinations from El Salvador Intl, Santa Clara: non-stop return flights ranked by real value and kilometres per euro, not just lowest price. Real fares observed on 2026-09-14.",18,477,9,8,17,2,2026-09-14,0.7,3,INDEXABLE_OK,Valido
https://efficiency-life.com/from/san/,airport_en,200,https://efficiency-life.com/from/san/,True,"index, follow",none,"Best-value flights from San Diego Intl, San Diego | SAN","Best-value flights from San Diego Intl, San Diego","The 37 best destinations from San Diego Intl, San Diego: non-stop return flights ranked by real value and kilometres per euro, not just lowest price. Real fares observed on 2026-09-14.",37,483,15,14,17,2,2026-09-14,0.7,3,INDEXABLE_OK,Valido
https://efficiency-life.com/from/sat/,airport_en,200,https://efficiency-life.com/from/sat/,True,"index, follow",none,"Best-value flights from San Antonio Intl, San Antonio | SAT","Best-value flights from San Antonio Intl, San Antonio","The 15 best destinations from San Antonio Intl, San Antonio: non-stop return flights ranked by real value and kilometres per euro, not just lowest price. Real fares observed on 2026-09-14.",15,475,16,15,17,2,2026-09-14,0.7,3,INDEXABLE_OK,Valido
https://efficiency-life.com/from/sav/,airport_en,200,https://efficiency-life.com/from/sav/,True,"index, follow",none,"Best-value flights from Savannah/Hilton Head Intl, Savannah | SAV","Best-value flights from Savannah/Hilton Head Intl, Savannah","The 7 best destinations from Savannah/Hilton Head Intl, Savannah: non-stop return flights ranked by real value and kilometres per euro, not just lowest price. Real fares observed on 2026-09-14.",7,375,19,18,17,2,2026-09-14,0.7,3,INDEXABLE_OK,Valido
https://efficiency-life.com/from/saw/,airport_en,200,https://efficiency-life.com/from/saw/,True,"index, follow",none,"Best-value flights from Sabiha Gokcen, Istanbul | SAW","Best-value flights from Sabiha Gokcen, Istanbul","The 129 best destinations from Sabiha Gokcen, Istanbul: non-stop return flights ranked by real value and kilometres per euro, not just lowest price. Real fares observed on 2026-09-14.",129,472,16,15,17,2,2026-09-14,0.7,3,INDEXABLE_OK,Valido
https://efficiency-life.com/from/scl/,airport_en,200,https://efficiency-life.com/from/scl/,True,"index, follow",none,"Best-value flights from Comodoro Arturo Merino Benitez Intl, Santiago | SCL","Best-value flights from Comodoro Arturo Merino Benitez Intl, Santiago","The 43 best destinations from Comodoro Arturo Merino Benitez Intl, Santiago: non-stop return flights ranked by real value and kilometres per euro, not just lowest price. Real fares observed on 2026-09-14.",43,482,7,6,17,2,2026-09-14,0.7,3,INDEXABLE_OK,Valido
https://efficiency-life.com/from/sco/,airport_en,200,https://efficiency-life.com/from/sco/,True,"index, follow",none,"Best-value flights from Aktau Intl, Aktau | SCO","Best-value flights from Aktau Intl, Aktau","The 20 best destinations from Aktau Intl, Aktau: non-stop return flights ranked by real value and kilometres per euro, not just lowest price. Real fares observed on 2026-09-14.",20,468,12,11,18,2,2026-09-14,0.7,3,INDEXABLE_OK,Valido
https://efficiency-life.com/from/scq/,airport_en,200,https://efficiency-life.com/from/scq/,True,"index, follow",none,"Best-value flights from Santiago de Compostela Airport, Santiago de Compostela | SCQ","Best-value flights from Santiago de Compostela Airport, Santiago de Compostela","The 15 best destinations from Santiago de Compostela Airport, Santiago de Compostela: non-stop return flights ranked by real value and kilometres per euro, not just lowest price. Real fares observed on 2026-09-14.",15,485,16,15,17,2,2026-09-14,0.7,3,INDEXABLE_OK,Valido
https://efficiency-life.com/from/scv/,airport_en,200,https://efficiency-life.com/from/scv/,True,"index, follow",none,"Best-value flights from Suceava Airport, Suceava Airport | SCV","Best-value flights from Suceava Airport, Suceava Airport","The 15 best destinations from Suceava Airport, Suceava Airport: non-stop return flights ranked by real value and kilometres per euro, not just lowest price. Real fares observed on 2026-09-14.",15,461,11,10,17,2,2026-09-14,0.7,3,INDEXABLE_OK,Valido
https://efficiency-life.com/from/scw/,airport_en,200,https://efficiency-life.com/from/scw/,True,"index, follow",none,"Best-value flights from Syktyvkar Airport, Syktyvkar Airport | SCW","Best-value flights from Syktyvkar Airport, Syktyvkar Airport","The 8 best destinations from Syktyvkar Airport, Syktyvkar Airport: non-stop return flights ranked by real value and kilometres per euro, not just lowest price. Real fares observed on 2026-09-14.",8,396,11,10,17,2,2026-09-14,0.7,3,INDEXABLE_OK,Valido
https://efficiency-life.com/from/sdf/,airport_en,200,https://efficiency-life.com/from/sdf/,True,"index, follow",none,"Best-value flights from Louisville Muhammad Ali Intl, Louisville | SDF","Best-value flights from Louisville Muhammad Ali Intl, Louisville","The 11 best destinations from Louisville Muhammad Ali Intl, Louisville: non-stop return flights ranked by real value and kilometres per euro, not just lowest price. Real fares observed on 2026-09-14.",11,464,19,18,17,2,2026-09-14,0.7,3,INDEXABLE_OK,Valido
https://efficiency-life.com/from/sdq/,airport_en,200,https://efficiency-life.com/from/sdq/,True,"index, follow",none,"Best-value flights from Las Americas Intl, Santo Domingo | SDQ","Best-value flights from Las Americas Intl, Santo Domingo","The 18 best destinations from Las Americas Intl, Santo Domingo: non-stop return flights ranked by real value and kilometres per euro, not just lowest price. Real fares observed on 2026-09-14.",18,480,15,14,17,2,2026-09-14,0.7,3,INDEXABLE_OK,Valido
https://efficiency-life.com/from/sdr/,airport_en,200,https://efficiency-life.com/from/sdr/,True,"index, follow",none,"Best-value flights from Santander Airport, Santander | SDR","Best-value flights from Santander Airport, Santander","The 12 best destinations from Santander Airport, Santander: non-stop return flights ranked by real value and kilometres per euro, not just lowest price. Real fares observed on 2026-09-14.",12,461,17,16,17,2,2026-09-14,0.7,3,INDEXABLE_OK,Valido
https://efficiency-life.com/from/sdu/,airport_en,200,https://efficiency-life.com/from/sdu/,True,"index, follow",none,"Best-value flights from Santos Dumont Airport, Rio De Janeiro | SDU","Best-value flights from Santos Dumont Airport, Rio De Janeiro","The 6 best destinations from Santos Dumont Airport, Rio De Janeiro: non-stop return flights ranked by real value and kilometres per euro, not just lowest price. Real fares observed on 2026-09-14.",6,359,15,14,17,2,2026-09-14,0.7,3,INDEXABLE_OK,Valido
https://efficiency-life.com/from/sea/,airport_en,200,https://efficiency-life.com/from/sea/,True,"index, follow",none,"Best-value flights from Seattle-Tacoma Intl, Seattle | SEA","Best-value flights from Seattle-Tacoma Intl, Seattle","The 65 best destinations from Seattle-Tacoma Intl, Seattle: non-stop return flights ranked by real value and kilometres per euro, not just lowest price. Real fares observed on 2026-09-14.",65,485,8,7,17,2,2026-09-14,0.7,3,INDEXABLE_OK,Valido
https://efficiency-life.com/from/sen/,airport_en,200,https://efficiency-life.com/from/sen/,True,"index, follow",none,"Best-value flights from Southend, Londra | SEN","Best-value flights from Southend, Londra","The 21 best destinations from Southend, Londra: non-stop return flights ranked by real value and kilometres per euro, not just lowest price. Real fares observed on 2026-09-14.",21,457,15,14,17,2,2026-09-14,0.7,3,INDEXABLE_OK,Valido
https://efficiency-life.com/from/sez/,airport_en,200,https://efficiency-life.com/from/sez/,True,"index, follow",none,"Best-value flights from Seychelles Intl, Mahe Island | SEZ","Best-value flights from Seychelles Intl, Mahe Island","The 12 best destinations from Seychelles Intl, Mahe Island: non-stop return flights ranked by real value and kilometres per euro, not just lowest price. Real fares observed on 2026-09-14.",12,468,10,9,17,2,2026-09-14,0.7,3,INDEXABLE_OK,Valido
https://efficiency-life.com/from/sfb/,airport_en,200,https://efficiency-life.com/from/sfb/,True,"index, follow",none,"Best-value flights from Orlando Sanford, Orlando | SFB","Best-value flights from Orlando Sanford, Orlando","The 10 best destinations from Orlando Sanford, Orlando: non-stop return flights ranked by real value and kilometres per euro, not just lowest price. Real fares observed on 2026-09-14.",10,454,13,12,17,2,2026-09-14,0.7,3,INDEXABLE_OK,Valido
https://efficiency-life.com/from/sfo/,airport_en,200,https://efficiency-life.com/from/sfo/,True,"index, follow",none,"Best-value flights from San Francisco Intl, San Francisco | SFO","Best-value flights from San Francisco Intl, San Francisco","The 86 best destinations from San Francisco Intl, San Francisco: non-stop return flights ranked by real value and kilometres per euro, not just lowest price. Real fares observed on 2026-09-14.",86,489,19,18,18,2,2026-09-14,0.7,3,INDEXABLE_OK,Valido
https://efficiency-life.com/from/sgc/,airport_en,200,https://efficiency-life.com/from/sgc/,True,"index, follow",none,"Best-value flights from Surgut Airport, Surgut Airport | SGC","Best-value flights from Surgut Airport, Surgut Airport","The 35 best destinations from Surgut Airport, Surgut Airport: non-stop return flights ranked by real value and kilometres per euro, not just lowest price. Real fares observed on 2026-09-14.",35,474,18,17,17,2,2026-09-14,0.7,3,INDEXABLE_OK,Valido
https://efficiency-life.com/from/sgn/,airport_en,200,https://efficiency-life.com/from/sgn/,True,"index, follow",none,"Best-value flights from Tan Son Nhat Intl, Ho Chi Minh City | SGN","Best-value flights from Tan Son Nhat Intl, Ho Chi Minh City","The 68 best destinations from Tan Son Nhat Intl, Ho Chi Minh City: non-stop return flights ranked by real value and kilometres per euro, not just lowest price. Real fares observed on 2026-09-14.",68,492,17,16,17,2,2026-09-14,0.7,3,INDEXABLE_OK,Valido
https://efficiency-life.com/from/she/,airport_en,200,https://efficiency-life.com/from/she/,True,"index, follow",none,"Best-value flights from Taoxian Airport, Shenyang | SHE","Best-value flights from Taoxian Airport, Shenyang","The 14 best destinations from Taoxian Airport, Shenyang: non-stop return flights ranked by real value and kilometres per euro, not just lowest price. Real fares observed on 2026-09-14.",14,448,20,19,17,2,2026-09-14,0.7,3,INDEXABLE_OK,Valido
https://efficiency-life.com/from/shj/,airport_en,200,https://efficiency-life.com/from/shj/,True,"index, follow",none,"Best-value flights from Sharjah Intl, Sharjah | SHJ","Best-value flights from Sharjah Intl, Sharjah","The 75 best destinations from Sharjah Intl, Sharjah: non-stop return flights ranked by real value and kilometres per euro, not just lowest price. Real fares observed on 2026-09-14.",75,449,11,10,17,2,2026-09-14,0.7,3,INDEXABLE_OK,Valido
https://efficiency-life.com/from/sin/,airport_en,200,https://efficiency-life.com/from/sin/,True,"index, follow",none,"Best-value flights from Singapore Changi Intl, Singapore | SIN","Best-value flights from Singapore Changi Intl, Singapore","The 102 best destinations from Singapore Changi Intl, Singapore: non-stop return flights ranked by real value and kilometres per euro, not just lowest price. Real fares observed on 2026-09-14.",102,477,12,11,17,2,2026-09-14,0.7,3,INDEXABLE_OK,Valido
https://efficiency-life.com/from/sjc/,airport_en,200,https://efficiency-life.com/from/sjc/,True,"index, follow",none,"Best-value flights from Norman Y Mineta San Jose Intl, San Jose | SJC","Best-value flights from Norman Y Mineta San Jose Intl, San Jose","The 26 best destinations from Norman Y Mineta San Jose Intl, San Jose: non-stop return flights ranked by real value and kilometres per euro, not just lowest price. Real fares observed on 2026-09-14.",26,485,23,22,17,2,2026-09-14,0.7,3,INDEXABLE_OK,Valido
https://efficiency-life.com/from/sjd/,airport_en,200,https://efficiency-life.com/from/sjd/,True,"index, follow",none,"Best-value flights from Los Cabos Intl, San Jose del Cabo | SJD","Best-value flights from Los Cabos Intl, San Jose del Cabo","The 6 best destinations from Los Cabos Intl, San Jose del Cabo: non-stop return flights ranked by real value and kilometres per euro, not just lowest price. Real fares observed on 2026-09-14.",6,373,13,12,17,2,2026-09-14,0.7,3,INDEXABLE_OK,Valido
https://efficiency-life.com/from/sjj/,airport_en,200,https://efficiency-life.com/from/sjj/,True,"index, follow",none,"Best-value flights from Sarajevo Intl, Sarajevo | SJJ","Best-value flights from Sarajevo Intl, Sarajevo","The 13 best destinations from Sarajevo Intl, Sarajevo: non-stop return flights ranked by real value and kilometres per euro, not just lowest price. Real fares observed on 2026-09-14.",13,451,13,12,17,2,2026-09-14,0.7,3,INDEXABLE_OK,Valido
https://efficiency-life.com/from/sjo/,airport_en,200,https://efficiency-life.com/from/sjo/,True,"index, follow",none,"Best-value flights from Juan Santamaria Intl, San Jose | SJO","Best-value flights from Juan Santamaria Intl, San Jose","The 24 best destinations from Juan Santamaria Intl, San Jose: non-stop return flights ranked by real value and kilometres per euro, not just lowest price. Real fares observed on 2026-09-14.",24,475,14,13,17,2,2026-09-14,0.7,3,INDEXABLE_OK,Valido
https://efficiency-life.com/from/sju/,airport_en,200,https://efficiency-life.com/from/sju/,True,"index, follow",none,"Best-value flights from Luis Munoz Marin Intl, San Juan | SJU","Best-value flights from Luis Munoz Marin Intl, San Juan","The 22 best destinations from Luis Munoz Marin Intl, San Juan: non-stop return flights ranked by real value and kilometres per euro, not just lowest price. Real fares observed on 2026-09-14.",22,489,13,12,17,2,2026-09-14,0.7,3,INDEXABLE_OK,Valido
https://efficiency-life.com/from/skd/,airport_en,200,https://efficiency-life.com/from/skd/,True,"index, follow",none,"Best-value flights from Samarkand Airport, Samarkand | SKD","Best-value flights from Samarkand Airport, Samarkand","The 20 best destinations from Samarkand Airport, Samarkand: non-stop return flights ranked by real value and kilometres per euro, not just lowest price. Real fares observed on 2026-09-14.",20,464,16,15,17,2,2026-09-14,0.7,3,INDEXABLE_OK,Valido
https://efficiency-life.com/from/skg/,airport_en,200,https://efficiency-life.com/from/skg/,True,"index, follow",none,"Best-value flights from Thessaloniki Macedonia Intl, Thessaloniki | SKG","Best-value flights from Thessaloniki Macedonia Intl, Thessaloniki","The 50 best destinations from Thessaloniki Macedonia Intl, Thessaloniki: non-stop return flights ranked by real value and kilometres per euro, not just lowest price. Real fares observed on 2026-09-14.",50,472,15,14,17,2,2026-09-14,0.7,3,INDEXABLE_OK,Valido
https://efficiency-life.com/from/skp/,airport_en,200,https://efficiency-life.com/from/skp/,True,"index, follow",none,"Best-value flights from Skopje Intl, Skopje | SKP","Best-value flights from Skopje Intl, Skopje","The 22 best destinations from Skopje Intl, Skopje: non-stop return flights ranked by real value and kilometres per euro, not just lowest price. Real fares observed on 2026-09-14.",22,462,15,14,17,2,2026-09-14,0.7,3,INDEXABLE_OK,Valido
https://efficiency-life.com/from/skx/,airport_en,200,https://efficiency-life.com/from/skx/,True,"index, follow",none,"Best-value flights from Saransk Airport, Saransk Airport | SKX","Best-value flights from Saransk Airport, Saransk Airport","The 7 best destinations from Saransk Airport, Saransk Airport: non-stop return flights ranked by real value and kilometres per euro, not just lowest price. Real fares observed on 2026-09-14.",7,372,19,18,17,2,2026-09-14,0.7,3,INDEXABLE_OK,Valido
https://efficiency-life.com/from/slc/,airport_en,200,https://efficiency-life.com/from/slc/,True,"index, follow",none,"Best-value flights from Salt Lake City Intl, Salt Lake City | SLC","Best-value flights from Salt Lake City Intl, Salt Lake City","The 29 best destinations from Salt Lake City Intl, Salt Lake City: non-stop return flights ranked by real value and kilometres per euro, not just lowest price. Real fares observed on 2026-09-14.",29,484,13,12,17,2,2026-09-14,0.7,3,INDEXABLE_OK,Valido
https://efficiency-life.com/from/sly/,airport_en,200,https://efficiency-life.com/from/sly/,True,"index, follow",none,"Best-value flights from Salekhard Airport, Salekhard Airport | SLY","Best-value flights from Salekhard Airport, Salekhard Airport","The 14 best destinations from Salekhard Airport, Salekhard Airport: non-stop return flights ranked by real value and kilometres per euro, not just lowest price. Real fares observed on 2026-09-14.",14,467,12,11,17,2,2026-09-14,0.7,3,INDEXABLE_OK,Valido
https://efficiency-life.com/from/slz/,airport_en,200,https://efficiency-life.com/from/slz/,True,"index, follow",none,"Best-value flights from Marechal Cunha Machado Intl, Sao Luis | SLZ","Best-value flights from Marechal Cunha Machado Intl, Sao Luis","The 9 best destinations from Marechal Cunha Machado Intl, Sao Luis: non-stop return flights ranked by real value and kilometres per euro, not just lowest price. Real fares observed on 2026-09-14.",9,418,10,9,17,2,2026-09-14,0.7,3,INDEXABLE_OK,Valido
https://efficiency-life.com/from/smf/,airport_en,200,https://efficiency-life.com/from/smf/,True,"index, follow",none,"Best-value flights from Sacramento Intl, Sacramento | SMF","Best-value flights from Sacramento Intl, Sacramento","The 28 best destinations from Sacramento Intl, Sacramento: non-stop return flights ranked by real value and kilometres per euro, not just lowest price. Real fares observed on 2026-09-14.",28,470,20,19,17,2,2026-09-14,0.7,3,INDEXABLE_OK,Valido
https://efficiency-life.com/from/sna/,airport_en,200,https://efficiency-life.com/from/sna/,True,"index, follow",none,"Best-value flights from John Wayne/Orange County Airport, Santa Ana | SNA","Best-value flights from John Wayne/Orange County Airport, Santa Ana","The 20 best destinations from John Wayne/Orange County Airport, Santa Ana: non-stop return flights ranked by real value and kilometres per euro, not just lowest price. Real fares observed on 2026-09-14.",20,489,18,17,17,2,2026-09-14,0.7,3,INDEXABLE_OK,Valido
https://efficiency-life.com/from/snn/,airport_en,200,https://efficiency-life.com/from/snn/,True,"index, follow",none,"Best-value flights from Shannon Airport, Shannon | SNN","Best-value flights from Shannon Airport, Shannon","The 15 best destinations from Shannon Airport, Shannon: non-stop return flights ranked by real value and kilometres per euro, not just lowest price. Real fares observed on 2026-09-14.",15,465,7,6,17,2,2026-09-14,0.7,3,INDEXABLE_OK,Valido
https://efficiency-life.com/from/sof/,airport_en,200,https://efficiency-life.com/from/sof/,True,"index, follow",none,"Best-value flights from Sofia Airport, Sofia | SOF","Best-value flights from Sofia Airport, Sofia","The 71 best destinations from Sofia Airport, Sofia: non-stop return flights ranked by real value and kilometres per euro, not just lowest price. Real fares observed on 2026-09-14.",71,457,17,16,17,2,2026-09-14,0.7,3,INDEXABLE_OK,Valido
https://efficiency-life.com/from/spu/,airport_en,200,https://efficiency-life.com/from/spu/,True,"index, follow",none,"Best-value flights from Split Airport, Split | SPU","Best-value flights from Split Airport, Split","The 17 best destinations from Split Airport, Split: non-stop return flights ranked by real value and kilometres per euro, not just lowest price. Real fares observed on 2026-09-14.",17,448,10,9,17,2,2026-09-14,0.7,3,INDEXABLE_OK,Valido
https://efficiency-life.com/from/spx/,airport_en,200,https://efficiency-life.com/from/spx/,True,"index, follow",none,"Best-value flights from Giza Sphinx, Giza Sphinx | SPX","Best-value flights from Giza Sphinx, Giza Sphinx","The 18 best destinations from Giza Sphinx, Giza Sphinx: non-stop return flights ranked by real value and kilometres per euro, not just lowest price. Real fares observed on 2026-09-14.",18,467,8,7,17,2,2026-09-14,0.7,3,INDEXABLE_OK,Valido
https://efficiency-life.com/from/srq/,airport_en,200,https://efficiency-life.com/from/srq/,True,"index, follow",none,"Best-value flights from Sarasota Bradenton International Airport, Sarasota Bradenton International Airport | SRQ","Best-value flights from Sarasota Bradenton International Airport, Sarasota Bradenton International Airport","The 8 best destinations from Sarasota Bradenton International Airport, Sarasota Bradenton International Airport: non-stop return flights ranked by real value and kilometres per euro, not just lowest price. Real fares observed on 2026-09-14.",8,413,13,12,17,2,2026-09-14,0.7,3,INDEXABLE_OK,Valido
https://efficiency-life.com/from/ssa/,airport_en,200,https://efficiency-life.com/from/ssa/,True,"index, follow",none,"Best-value flights from Deputado Luiz Eduardo Magalhaes Intl, Salvador | SSA","Best-value flights from Deputado Luiz Eduardo Magalhaes Intl, Salvador","The 11 best destinations from Deputado Luiz Eduardo Magalhaes Intl, Salvador: non-stop return flights ranked by real value and kilometres per euro, not just lowest price. Real fares observed on 2026-09-14.",11,461,22,21,17,2,2026-09-14,0.7,3,INDEXABLE_OK,Valido
https://efficiency-life.com/from/ssh/,airport_en,200,https://efficiency-life.com/from/ssh/,True,"index, follow",none,"Best-value flights from Sharm El Sheikh Intl, Sharm el-Sheikh | SSH","Best-value flights from Sharm El Sheikh Intl, Sharm el-Sheikh","The 37 best destinations from Sharm El Sheikh Intl, Sharm el-Sheikh: non-stop return flights ranked by real value and kilometres per euro, not just lowest price. Real fares observed on 2026-09-14.",37,468,7,6,17,2,2026-09-14,0.7,3,INDEXABLE_OK,Valido
https://efficiency-life.com/from/sti/,airport_en,200,https://efficiency-life.com/from/sti/,True,"index, follow",none,"Best-value flights from Cibao Intl, Santiago | STI","Best-value flights from Cibao Intl, Santiago","The 6 best destinations from Cibao Intl, Santiago: non-stop return flights ranked by real value and kilometres per euro, not just lowest price. Real fares observed on 2026-09-14.",6,358,15,14,17,2,2026-09-14,0.7,3,INDEXABLE_OK,Valido
https://efficiency-life.com/from/stl/,airport_en,200,https://efficiency-life.com/from/stl/,True,"index, follow",none,"Best-value flights from St Louis Lambert Intl, St Louis | STL","Best-value flights from St Louis Lambert Intl, St Louis","The 21 best destinations from St Louis Lambert Intl, St Louis: non-stop return flights ranked by real value and kilometres per euro, not just lowest price. Real fares observed on 2026-09-14.",21,484,22,21,17,2,2026-09-14,0.7,3,INDEXABLE_OK,Valido
https://efficiency-life.com/from/stn/,airport_en,200,https://efficiency-life.com/from/stn/,True,"index, follow",none,"Best-value flights from Stansted, Londra | STN","Best-value flights from Stansted, Londra","The 123 best destinations from Stansted, Londra: non-stop return flights ranked by real value and kilometres per euro, not just lowest price. Real fares observed on 2026-09-14.",123,457,15,14,17,2,2026-09-14,0.7,3,INDEXABLE_OK,Valido
https://efficiency-life.com/from/str/,airport_en,200,https://efficiency-life.com/from/str/,True,"index, follow",none,"Best-value flights from Stuttgart Airport, Stuttgart | STR","Best-value flights from Stuttgart Airport, Stuttgart","The 71 best destinations from Stuttgart Airport, Stuttgart: non-stop return flights ranked by real value and kilometres per euro, not just lowest price. Real fares observed on 2026-09-14.",71,467,14,13,17,2,2026-09-14,0.7,3,INDEXABLE_OK,Valido
https://efficiency-life.com/from/suf/,airport_en,200,https://efficiency-life.com/from/suf/,True,"index, follow",none,"Best-value flights from Lamezia Terme Airport, Lamezia Terme | SUF","Best-value flights from Lamezia Terme Airport, Lamezia Terme","The 17 best destinations from Lamezia Terme Airport, Lamezia Terme: non-stop return flights ranked by real value and kilometres per euro, not just lowest price. Real fares observed on 2026-09-14.",17,463,11,10,17,2,2026-09-14,0.7,3,INDEXABLE_OK,Valido
https://efficiency-life.com/from/sui/,airport_en,200,https://efficiency-life.com/from/sui/,True,"index, follow",none,"Best-value flights from ‪Sukhumi Babushara Airport, ‪Sukhumi Babushara Airport | SUI","Best-value flights from ‪Sukhumi Babushara Airport, ‪Sukhumi Babushara Airport","The 11 best destinations from ‪Sukhumi Babushara Airport, ‪Sukhumi Babushara Airport: non-stop return flights ranked by real value and kilometres per euro, not just lowest price. Real fares observed on 2026-09-14.",11,449,13,12,17,2,2026-09-14,0.7,3,INDEXABLE_OK,Valido
https://efficiency-life.com/from/svg/,airport_en,200,https://efficiency-life.com/from/svg/,True,"index, follow",none,"Best-value flights from Stavanger Airport Sola, Stavanger | SVG","Best-value flights from Stavanger Airport Sola, Stavanger","The 6 best destinations from Stavanger Airport Sola, Stavanger: non-stop return flights ranked by real value and kilometres per euro, not just lowest price. Real fares observed on 2026-09-14.",6,339,9,8,17,2,2026-09-14,0.7,3,INDEXABLE_OK,Valido
https://efficiency-life.com/from/svo/,airport_en,200,https://efficiency-life.com/from/svo/,True,"index, follow",none,"Best-value flights from Sheremetyevo Intl, Mosca | SVO","Best-value flights from Sheremetyevo Intl, Mosca","The 78 best destinations from Sheremetyevo Intl, Mosca: non-stop return flights ranked by real value and kilometres per euro, not just lowest price. Real fares observed on 2026-09-14.",78,481,14,13,17,2,2026-09-14,0.7,3,INDEXABLE_OK,Valido
https://efficiency-life.com/from/svq/,airport_en,200,https://efficiency-life.com/from/svq/,True,"index, follow",none,"Best-value flights from Sevilla Airport, Sevilla | SVQ","Best-value flights from Sevilla Airport, Sevilla","The 42 best destinations from Sevilla Airport, Sevilla: non-stop return flights ranked by real value and kilometres per euro, not just lowest price. Real fares observed on 2026-09-14.",42,461,18,17,17,2,2026-09-14,0.7,3,INDEXABLE_OK,Valido
https://efficiency-life.com/from/svx/,airport_en,200,https://efficiency-life.com/from/svx/,True,"index, follow",none,"Best-value flights from Koltsovo Airport, Yekaterinburg | SVX","Best-value flights from Koltsovo Airport, Yekaterinburg","The 81 best destinations from Koltsovo Airport, Yekaterinburg: non-stop return flights ranked by real value and kilometres per euro, not just lowest price. Real fares observed on 2026-09-14.",81,476,15,14,17,2,2026-09-14,0.7,3,INDEXABLE_OK,Valido
https://efficiency-life.com/from/swf/,airport_en,200,https://efficiency-life.com/from/swf/,True,"index, follow",none,"Best-value flights from Stewart International Airport, Stewart International Airport | SWF","Best-value flights from Stewart International Airport, Stewart International Airport","The 8 best destinations from Stewart International Airport, Stewart International Airport: non-stop return flights ranked by real value and kilometres per euro, not just lowest price. Real fares observed on 2026-09-14.",8,406,16,15,17,2,2026-09-14,0.7,3,INDEXABLE_OK,Valido
https://efficiency-life.com/from/sxb/,airport_en,200,https://efficiency-life.com/from/sxb/,True,"index, follow",none,"Best-value flights from Strasbourg Airport, Strasbourg | SXB","Best-value flights from Strasbourg Airport, Strasbourg","The 16 best destinations from Strasbourg Airport, Strasbourg: non-stop return flights ranked by real value and kilometres per euro, not just lowest price. Real fares observed on 2026-09-14.",16,459,20,19,17,2,2026-09-14,0.7,3,INDEXABLE_OK,Valido
https://efficiency-life.com/from/sxm/,airport_en,200,https://efficiency-life.com/from/sxm/,True,"index, follow",none,"Best-value flights from Princess Juliana Intl, Saint Martin | SXM","Best-value flights from Princess Juliana Intl, Saint Martin","The 11 best destinations from Princess Juliana Intl, Saint Martin: non-stop return flights ranked by real value and kilometres per euro, not just lowest price. Real fares observed on 2026-09-14.",11,466,10,9,17,2,2026-09-14,0.7,3,INDEXABLE_OK,Valido
https://efficiency-life.com/from/syd/,airport_en,200,https://efficiency-life.com/from/syd/,True,"index, follow",none,"Best-value flights from Sydney Kingsford Smith Intl, Sydney | SYD","Best-value flights from Sydney Kingsford Smith Intl, Sydney","The 61 best destinations from Sydney Kingsford Smith Intl, Sydney: non-stop return flights ranked by real value and kilometres per euro, not just lowest price. Real fares observed on 2026-09-14.",61,473,12,11,17,2,2026-09-14,0.7,3,INDEXABLE_OK,Valido
https://efficiency-life.com/from/syr/,airport_en,200,https://efficiency-life.com/from/syr/,True,"index, follow",none,"Best-value flights from Syracuse Hancock Intl, Syracuse | SYR","Best-value flights from Syracuse Hancock Intl, Syracuse","The 9 best destinations from Syracuse Hancock Intl, Syracuse: non-stop return flights ranked by real value and kilometres per euro, not just lowest price. Real fares observed on 2026-09-14.",9,417,18,17,17,2,2026-09-14,0.7,3,INDEXABLE_OK,Valido
https://efficiency-life.com/from/syx/,airport_en,200,https://efficiency-life.com/from/syx/,True,"index, follow",none,"Best-value flights from Sanya Phoenix Intl, Sanya | SYX","Best-value flights from Sanya Phoenix Intl, Sanya","The 44 best destinations from Sanya Phoenix Intl, Sanya: non-stop return flights ranked by real value and kilometres per euro, not just lowest price. Real fares observed on 2026-09-14.",44,458,15,14,17,2,2026-09-14,0.7,3,INDEXABLE_OK,Valido
https://efficiency-life.com/from/szb/,airport_en,200,https://efficiency-life.com/from/szb/,True,"index, follow",none,"Best-value flights from Sultan Abdul Aziz Shah Intl, Subang | SZB","Best-value flights from Sultan Abdul Aziz Shah Intl, Subang","The 14 best destinations from Sultan Abdul Aziz Shah Intl, Subang: non-stop return flights ranked by real value and kilometres per euro, not just lowest price. Real fares observed on 2026-09-14.",14,485,15,14,17,2,2026-09-14,0.7,3,INDEXABLE_OK,Valido
https://efficiency-life.com/from/szg/,airport_en,200,https://efficiency-life.com/from/szg/,True,"index, follow",none,"Best-value flights from Salzburg Airport, Salzburg | SZG","Best-value flights from Salzburg Airport, Salzburg","The 14 best destinations from Salzburg Airport, Salzburg: non-stop return flights ranked by real value and kilometres per euro, not just lowest price. Real fares observed on 2026-09-14.",14,455,14,13,17,2,2026-09-14,0.7,3,INDEXABLE_OK,Valido
https://efficiency-life.com/from/szx/,airport_en,200,https://efficiency-life.com/from/szx/,True,"index, follow",none,"Best-value flights from Shenzhen Bao'an Intl, Shenzhen | SZX","Best-value flights from Shenzhen Bao'an Intl, Shenzhen","The 43 best destinations from Shenzhen Bao'an Intl, Shenzhen: non-stop return flights ranked by real value and kilometres per euro, not just lowest price. Real fares observed on 2026-09-14.",43,468,17,16,17,2,2026-09-14,0.7,3,INDEXABLE_OK,Valido
https://efficiency-life.com/from/tae/,airport_en,200,https://efficiency-life.com/from/tae/,True,"index, follow",none,"Best-value flights from Daegu Airport, Daegu | TAE","Best-value flights from Daegu Airport, Daegu","The 9 best destinations from Daegu Airport, Daegu: non-stop return flights ranked by real value and kilometres per euro, not just lowest price. Real fares observed on 2026-09-14.",9,401,15,14,17,2,2026-09-14,0.7,3,INDEXABLE_OK,Valido
https://efficiency-life.com/from/tao/,airport_en,200,https://efficiency-life.com/from/tao/,True,"index, follow",none,"Best-value flights from Qingdao/Jiaodong Airport, Qingdao | TAO","Best-value flights from Qingdao/Jiaodong Airport, Qingdao","The 24 best destinations from Qingdao/Jiaodong Airport, Qingdao: non-stop return flights ranked by real value and kilometres per euro, not just lowest price. Real fares observed on 2026-09-14.",24,448,24,23,17,2,2026-09-14,0.7,3,INDEXABLE_OK,Valido
https://efficiency-life.com/from/tas/,airport_en,200,https://efficiency-life.com/from/tas/,True,"index, follow",none,"Best-value flights from Tashkent Intl, Tashkent | TAS","Best-value flights from Tashkent Intl, Tashkent","The 91 best destinations from Tashkent Intl, Tashkent: non-stop return flights ranked by real value and kilometres per euro, not just lowest price. Real fares observed on 2026-09-14.",91,472,17,16,17,2,2026-09-14,0.7,3,INDEXABLE_OK,Valido
https://efficiency-life.com/from/tbs/,airport_en,200,https://efficiency-life.com/from/tbs/,True,"index, follow",none,"Best-value flights from Tbilisi Intl, Tbilisi | TBS","Best-value flights from Tbilisi Intl, Tbilisi","The 57 best destinations from Tbilisi Intl, Tbilisi: non-stop return flights ranked by real value and kilometres per euro, not just lowest price. Real fares observed on 2026-09-14.",57,469,11,10,17,2,2026-09-14,0.7,3,INDEXABLE_OK,Valido
https://efficiency-life.com/from/tfn/,airport_en,200,https://efficiency-life.com/from/tfn/,True,"index, follow",none,"Best-value flights from Tenerife Norte Airport, Tenerife Island | TFN","Best-value flights from Tenerife Norte Airport, Tenerife Island","The 19 best destinations from Tenerife Norte Airport, Tenerife Island: non-stop return flights ranked by real value and kilometres per euro, not just lowest price. Real fares observed on 2026-09-14.",19,472,7,6,17,2,2026-09-14,0.7,3,INDEXABLE_OK,Valido
https://efficiency-life.com/from/tfs/,airport_en,200,https://efficiency-life.com/from/tfs/,True,"index, follow",none,"Best-value flights from Tenerife South Airport, Tenerife Island | TFS","Best-value flights from Tenerife South Airport, Tenerife Island","The 56 best destinations from Tenerife South Airport, Tenerife Island: non-stop return flights ranked by real value and kilometres per euro, not just lowest price. Real fares observed on 2026-09-14.",56,476,7,6,17,2,2026-09-14,0.7,3,INDEXABLE_OK,Valido
https://efficiency-life.com/from/tfu/,airport_en,200,https://efficiency-life.com/from/tfu/,True,"index, follow",none,"Best-value flights from Chengdu/Tianfu Airport, Tianfu | TFU","Best-value flights from Chengdu/Tianfu Airport, Tianfu","The 65 best destinations from Chengdu/Tianfu Airport, Tianfu: non-stop return flights ranked by real value and kilometres per euro, not just lowest price. Real fares observed on 2026-09-14.",65,467,13,12,17,2,2026-09-14,0.7,3,INDEXABLE_OK,Valido
https://efficiency-life.com/from/tgd/,airport_en,200,https://efficiency-life.com/from/tgd/,True,"index, follow",none,"Best-value flights from Podgorica Airport, Podgorica | TGD","Best-value flights from Podgorica Airport, Podgorica","The 26 best destinations from Podgorica Airport, Podgorica: non-stop return flights ranked by real value and kilometres per euro, not just lowest price. Real fares observed on 2026-09-14.",26,457,16,15,17,2,2026-09-14,0.7,3,INDEXABLE_OK,Valido
https://efficiency-life.com/from/thr/,airport_en,200,https://efficiency-life.com/from/thr/,True,"index, follow",none,"Best-value flights from Mehrabad Intl, Tehran | THR","Best-value flights from Mehrabad Intl, Tehran","The 10 best destinations from Mehrabad Intl, Tehran: non-stop return flights ranked by real value and kilometres per euro, not just lowest price. Real fares observed on 2026-09-14.",10,420,12,11,17,2,2026-09-14,0.7,3,INDEXABLE_OK,Valido
https://efficiency-life.com/from/tia/,airport_en,200,https://efficiency-life.com/from/tia/,True,"index, follow",none,"Best-value flights from Tirana Intl Mother Teresa, Tirana | TIA","Best-value flights from Tirana Intl Mother Teresa, Tirana","The 62 best destinations from Tirana Intl Mother Teresa, Tirana: non-stop return flights ranked by real value and kilometres per euro, not just lowest price. Real fares observed on 2026-09-14.",62,464,15,14,17,2,2026-09-14,0.7,3,INDEXABLE_OK,Valido
https://efficiency-life.com/from/tij/,airport_en,200,https://efficiency-life.com/from/tij/,True,"index, follow",none,"Best-value flights from General Abelardo L. Rodriguez Intl, Tijuana | TIJ","Best-value flights from General Abelardo L. Rodriguez Intl, Tijuana","The 23 best destinations from General Abelardo L. Rodriguez Intl, Tijuana: non-stop return flights ranked by real value and kilometres per euro, not just lowest price. Real fares observed on 2026-09-14.",23,491,18,17,17,2,2026-09-14,0.7,3,INDEXABLE_OK,Valido
https://efficiency-life.com/from/tiv/,airport_en,200,https://efficiency-life.com/from/tiv/,True,"index, follow",none,"Best-value flights from Tivat Airport, Tivat | TIV","Best-value flights from Tivat Airport, Tivat","The 11 best destinations from Tivat Airport, Tivat: non-stop return flights ranked by real value and kilometres per euro, not just lowest price. Real fares observed on 2026-09-14.",11,436,13,12,17,2,2026-09-14,0.7,3,INDEXABLE_OK,Valido
https://efficiency-life.com/from/tjm/,airport_en,200,https://efficiency-life.com/from/tjm/,True,"index, follow",none,"Best-value flights from Roshchino International Airport, Roshchino International Airport | TJM","Best-value flights from Roshchino International Airport, Roshchino International Airport","The 47 best destinations from Roshchino International Airport, Roshchino International Airport: non-stop return flights ranked by real value and kilometres per euro, not just lowest price. Real fares observed on 2026-09-14.",47,487,16,15,17,2,2026-09-14,0.7,3,INDEXABLE_OK,Valido
https://efficiency-life.com/from/tlc/,airport_en,200,https://efficiency-life.com/from/tlc/,True,"index, follow",none,"Best-value flights from Toluca International Airport, Toluca International Airport | TLC","Best-value flights from Toluca International Airport, Toluca International Airport","The 7 best destinations from Toluca International Airport, Toluca International Airport: non-stop return flights ranked by real value and kilometres per euro, not just lowest price. Real fares observed on 2026-09-14.",7,387,12,11,17,2,2026-09-14,0.7,3,INDEXABLE_OK,Valido
https://efficiency-life.com/from/tll/,airport_en,200,https://efficiency-life.com/from/tll/,True,"index, follow",none,"Best-value flights from Tallinn Airport, Tallinn | TLL","Best-value flights from Tallinn Airport, Tallinn","The 44 best destinations from Tallinn Airport, Tallinn: non-stop return flights ranked by real value and kilometres per euro, not just lowest price. Real fares observed on 2026-09-14.",44,466,10,9,17,2,2026-09-14,0.7,3,INDEXABLE_OK,Valido
https://efficiency-life.com/from/tls/,airport_en,200,https://efficiency-life.com/from/tls/,True,"index, follow",none,"Best-value flights from Toulouse-Blagnac Airport, Toulouse/Blagnac | TLS","Best-value flights from Toulouse-Blagnac Airport, Toulouse/Blagnac","The 41 best destinations from Toulouse-Blagnac Airport, Toulouse/Blagnac: non-stop return flights ranked by real value and kilometres per euro, not just lowest price. Real fares observed on 2026-09-14.",41,458,14,13,17,2,2026-09-14,0.7,3,INDEXABLE_OK,Valido
https://efficiency-life.com/from/tlv/,airport_en,200,https://efficiency-life.com/from/tlv/,True,"index, follow",none,"Best-value flights from Ben Gurion Intl, Tel Aviv | TLV","Best-value flights from Ben Gurion Intl, Tel Aviv","The 91 best destinations from Ben Gurion Intl, Tel Aviv: non-stop return flights ranked by real value and kilometres per euro, not just lowest price. Real fares observed on 2026-09-14.",91,467,9,8,17,2,2026-09-14,0.7,3,INDEXABLE_OK,Valido
https://efficiency-life.com/from/tna/,airport_en,200,https://efficiency-life.com/from/tna/,True,"index, follow",none,"Best-value flights from Yaoqiang Airport, Jinan | TNA","Best-value flights from Yaoqiang Airport, Jinan","The 12 best destinations from Yaoqiang Airport, Jinan: non-stop return flights ranked by real value and kilometres per euro, not just lowest price. Real fares observed on 2026-09-14.",12,453,18,17,17,2,2026-09-14,0.7,3,INDEXABLE_OK,Valido
https://efficiency-life.com/from/tng/,airport_en,200,https://efficiency-life.com/from/tng/,True,"index, follow",none,"Best-value flights from Ibn Batouta Airport, Tangier | TNG","Best-value flights from Ibn Batouta Airport, Tangier","The 19 best destinations from Ibn Batouta Airport, Tangier: non-stop return flights ranked by real value and kilometres per euro, not just lowest price. Real fares observed on 2026-09-14.",19,463,17,16,17,2,2026-09-14,0.7,3,INDEXABLE_OK,Valido
https://efficiency-life.com/from/tnr/,airport_en,200,https://efficiency-life.com/from/tnr/,True,"index, follow",none,"Best-value flights from Ivato Airport, Antananarivo | TNR","Best-value flights from Ivato Airport, Antananarivo","The 14 best destinations from Ivato Airport, Antananarivo: non-stop return flights ranked by real value and kilometres per euro, not just lowest price. Real fares observed on 2026-09-14.",14,460,14,13,17,2,2026-09-14,0.7,3,INDEXABLE_OK,Valido
https://efficiency-life.com/from/tof/,airport_en,200,https://efficiency-life.com/from/tof/,True,"index, follow",none,"Best-value flights from Tomsk Airport, Tomsk Airport | TOF","Best-value flights from Tomsk Airport, Tomsk Airport","The 16 best destinations from Tomsk Airport, Tomsk Airport: non-stop return flights ranked by real value and kilometres per euro, not just lowest price. Real fares observed on 2026-09-14.",16,473,18,17,17,2,2026-09-14,0.7,3,INDEXABLE_OK,Valido
https://efficiency-life.com/from/tpa/,airport_en,200,https://efficiency-life.com/from/tpa/,True,"index, follow",none,"Best-value flights from Tampa Intl, Tampa | TPA","Best-value flights from Tampa Intl, Tampa","The 55 best destinations from Tampa Intl, Tampa: non-stop return flights ranked by real value and kilometres per euro, not just lowest price. Real fares observed on 2026-09-14.",55,490,14,13,17,2,2026-09-14,0.7,3,INDEXABLE_OK,Valido
https://efficiency-life.com/from/tpe/,airport_en,200,https://efficiency-life.com/from/tpe/,True,"index, follow",none,"Best-value flights from Taiwan Taoyuan Intl, Taipei | TPE","Best-value flights from Taiwan Taoyuan Intl, Taipei","The 65 best destinations from Taiwan Taoyuan Intl, Taipei: non-stop return flights ranked by real value and kilometres per euro, not just lowest price. Real fares observed on 2026-09-14.",65,478,10,9,17,2,2026-09-14,0.7,3,INDEXABLE_OK,Valido
https://efficiency-life.com/from/trd/,airport_en,200,https://efficiency-life.com/from/trd/,True,"index, follow",none,"Best-value flights from Trondheim Airport Vaernes, Trondheim | TRD","Best-value flights from Trondheim Airport Vaernes, Trondheim","The 9 best destinations from Trondheim Airport Vaernes, Trondheim: non-stop return flights ranked by real value and kilometres per euro, not just lowest price. Real fares observed on 2026-09-14.",9,394,7,6,17,2,2026-09-14,0.7,3,INDEXABLE_OK,Valido
https://efficiency-life.com/from/trf/,airport_en,200,https://efficiency-life.com/from/trf/,True,"index, follow",none,"Best-value flights from Sandefjord Airport Torp, Torp | TRF","Best-value flights from Sandefjord Airport Torp, Torp","The 20 best destinations from Sandefjord Airport Torp, Torp: non-stop return flights ranked by real value and kilometres per euro, not just lowest price. Real fares observed on 2026-09-14.",20,461,11,10,17,2,2026-09-14,0.7,3,INDEXABLE_OK,Valido
https://efficiency-life.com/from/trn/,airport_en,200,https://efficiency-life.com/from/trn/,True,"index, follow",none,"Best-value flights from Torino / Caselle Intl, Torino | TRN","Best-value flights from Torino / Caselle Intl, Torino","The 37 best destinations from Torino / Caselle Intl, Torino: non-stop return flights ranked by real value and kilometres per euro, not just lowest price. Real fares observed on 2026-09-14.",37,466,15,14,17,2,2026-09-14,0.7,3,INDEXABLE_OK,Valido
https://efficiency-life.com/from/trs/,airport_en,200,https://efficiency-life.com/from/trs/,True,"index, follow",none,"Best-value flights from Trieste / Ronchi Dei Legionari, Trieste | TRS","Best-value flights from Trieste / Ronchi Dei Legionari, Trieste","The 15 best destinations from Trieste / Ronchi Dei Legionari, Trieste: non-stop return flights ranked by real value and kilometres per euro, not just lowest price. Real fares observed on 2026-09-14.",15,459,14,13,17,2,2026-09-14,0.7,3,INDEXABLE_OK,Valido
https://efficiency-life.com/from/trv/,airport_en,200,https://efficiency-life.com/from/trv/,True,"index, follow",none,"Best-value flights from Trivandrum Intl, Trivandrum | TRV","Best-value flights from Trivandrum Intl, Trivandrum","The 15 best destinations from Trivandrum Intl, Trivandrum: non-stop return flights ranked by real value and kilometres per euro, not just lowest price. Real fares observed on 2026-09-14.",15,473,11,10,19,2,2026-09-14,0.7,3,INDEXABLE_OK,Valido
https://efficiency-life.com/from/tsa/,airport_en,200,https://efficiency-life.com/from/tsa/,True,"index, follow",none,"Best-value flights from Taipei Songshan Airport, Taipei City | TSA","Best-value flights from Taipei Songshan Airport, Taipei City","The 8 best destinations from Taipei Songshan Airport, Taipei City: non-stop return flights ranked by real value and kilometres per euro, not just lowest price. Real fares observed on 2026-09-14.",8,385,10,9,17,2,2026-09-14,0.7,3,INDEXABLE_OK,Valido
https://efficiency-life.com/from/tsf/,airport_en,200,https://efficiency-life.com/from/tsf/,True,"index, follow",none,"Best-value flights from Treviso / Sant'Angelo Airport, Treviso | TSF","Best-value flights from Treviso / Sant'Angelo Airport, Treviso","The 29 best destinations from Treviso / Sant'Angelo Airport, Treviso: non-stop return flights ranked by real value and kilometres per euro, not just lowest price. Real fares observed on 2026-09-14.",29,464,16,15,17,2,2026-09-14,0.7,3,INDEXABLE_OK,Valido
https://efficiency-life.com/from/tsn/,airport_en,200,https://efficiency-life.com/from/tsn/,True,"index, follow",none,"Best-value flights from Tianjin Binhai Intl, Tianjin | TSN","Best-value flights from Tianjin Binhai Intl, Tianjin","The 12 best destinations from Tianjin Binhai Intl, Tianjin: non-stop return flights ranked by real value and kilometres per euro, not just lowest price. Real fares observed on 2026-09-14.",12,454,19,18,17,2,2026-09-14,0.7,3,INDEXABLE_OK,Valido
https://efficiency-life.com/from/tsr/,airport_en,200,https://efficiency-life.com/from/tsr/,True,"index, follow",none,"Best-value flights from Timisoara Traian Vuia Airport, Timisoara | TSR","Best-value flights from Timisoara Traian Vuia Airport, Timisoara","The 9 best destinations from Timisoara Traian Vuia Airport, Timisoara: non-stop return flights ranked by real value and kilometres per euro, not just lowest price. Real fares observed on 2026-09-14.",9,401,14,13,17,2,2026-09-14,0.7,3,INDEXABLE_OK,Valido
https://efficiency-life.com/from/tun/,airport_en,200,https://efficiency-life.com/from/tun/,True,"index, follow",none,"Best-value flights from Tunis Carthage Intl, Tunis | TUN","Best-value flights from Tunis Carthage Intl, Tunis","The 33 best destinations from Tunis Carthage Intl, Tunis: non-stop return flights ranked by real value and kilometres per euro, not just lowest price. Real fares observed on 2026-09-14.",33,455,17,16,17,2,2026-09-14,0.7,3,INDEXABLE_OK,Valido
https://efficiency-life.com/from/tus/,airport_en,200,https://efficiency-life.com/from/tus/,True,"index, follow",none,"Best-value flights from Tucson Intl, Tucson | TUS","Best-value flights from Tucson Intl, Tucson","The 6 best destinations from Tucson Intl, Tucson: non-stop return flights ranked by real value and kilometres per euro, not just lowest price. Real fares observed on 2026-09-14.",6,357,8,7,17,2,2026-09-14,0.7,3,INDEXABLE_OK,Valido
https://efficiency-life.com/from/tuu/,airport_en,200,https://efficiency-life.com/from/tuu/,True,"index, follow",none,"Best-value flights from Tabuk Airport, TUU | TUU","Best-value flights from Tabuk Airport, TUU","The 6 best destinations from Tabuk Airport, TUU: non-stop return flights ranked by real value and kilometres per euro, not just lowest price. Real fares observed on 2026-09-14.",6,349,13,12,17,2,2026-09-14,0.7,3,INDEXABLE_OK,Valido
https://efficiency-life.com/from/tys/,airport_en,200,https://efficiency-life.com/from/tys/,True,"index, follow",none,"Best-value flights from McGhee Tyson Airport, McGhee Tyson Airport | TYS","Best-value flights from McGhee Tyson Airport, McGhee Tyson Airport","The 7 best destinations from McGhee Tyson Airport, McGhee Tyson Airport: non-stop return flights ranked by real value and kilometres per euro, not just lowest price. Real fares observed on 2026-09-14.",7,378,15,14,17,2,2026-09-14,0.7,3,INDEXABLE_OK,Valido
https://efficiency-life.com/from/tzx/,airport_en,200,https://efficiency-life.com/from/tzx/,True,"index, follow",none,"Best-value flights from Trabzon Intl, Trabzon | TZX","Best-value flights from Trabzon Intl, Trabzon","The 10 best destinations from Trabzon Intl, Trabzon: non-stop return flights ranked by real value and kilometres per euro, not just lowest price. Real fares observed on 2026-09-14.",10,420,17,16,17,2,2026-09-14,0.7,3,INDEXABLE_OK,Valido
https://efficiency-life.com/from/ubn/,airport_en,200,https://efficiency-life.com/from/ubn/,True,"index, follow",none,"Best-value flights from Chinggis Khaan Intl, Ulaanbaatar | UBN","Best-value flights from Chinggis Khaan Intl, Ulaanbaatar","The 22 best destinations from Chinggis Khaan Intl, Ulaanbaatar: non-stop return flights ranked by real value and kilometres per euro, not just lowest price. Real fares observed on 2026-09-14.",22,468,6,5,17,2,2026-09-14,0.7,3,INDEXABLE_OK,Valido
https://efficiency-life.com/from/ufa/,airport_en,200,https://efficiency-life.com/from/ufa/,True,"index, follow",none,"Best-value flights from Ufa Intl, Ufa | UFA","Best-value flights from Ufa Intl, Ufa","The 50 best destinations from Ufa Intl, Ufa: non-stop return flights ranked by real value and kilometres per euro, not just lowest price. Real fares observed on 2026-09-14.",50,476,15,14,17,2,2026-09-14,0.7,3,INDEXABLE_OK,Valido
https://efficiency-life.com/from/ugc/,airport_en,200,https://efficiency-life.com/from/ugc/,True,"index, follow",none,"Best-value flights from Urgench Airport, Urgench Airport | UGC","Best-value flights from Urgench Airport, Urgench Airport","The 9 best destinations from Urgench Airport, Urgench Airport: non-stop return flights ranked by real value and kilometres per euro, not just lowest price. Real fares observed on 2026-09-14.",9,406,13,12,17,2,2026-09-14,0.7,3,INDEXABLE_OK,Valido
https://efficiency-life.com/from/uio/,airport_en,200,https://efficiency-life.com/from/uio/,True,"index, follow",none,"Best-value flights from Nuevo Aeropuerto Internacional Mariscal Sucre, Quito | UIO","Best-value flights from Nuevo Aeropuerto Internacional Mariscal Sucre, Quito","The 14 best destinations from Nuevo Aeropuerto Internacional Mariscal Sucre, Quito: non-stop return flights ranked by real value and kilometres per euro, not just lowest price. Real fares observed on 2026-09-14.",14,471,11,10,17,2,2026-09-14,0.7,3,INDEXABLE_OK,Valido
https://efficiency-life.com/from/ukb/,airport_en,200,https://efficiency-life.com/from/ukb/,True,"index, follow",none,"Best-value flights from Kobe Airport, Kobe Airport | UKB","Best-value flights from Kobe Airport, Kobe Airport","The 10 best destinations from Kobe Airport, Kobe Airport: non-stop return flights ranked by real value and kilometres per euro, not just lowest price. Real fares observed on 2026-09-14.",10,415,13,12,17,2,2026-09-14,0.7,3,INDEXABLE_OK,Valido
https://efficiency-life.com/from/ura/,airport_en,200,https://efficiency-life.com/from/ura/,True,"index, follow",none,"Best-value flights from Uralsk Airport, Uralsk Airport | URA","Best-value flights from Uralsk Airport, Uralsk Airport","The 9 best destinations from Uralsk Airport, Uralsk Airport: non-stop return flights ranked by real value and kilometres per euro, not just lowest price. Real fares observed on 2026-09-14.",9,412,12,11,17,2,2026-09-14,0.7,3,INDEXABLE_OK,Valido
https://efficiency-life.com/from/urc/,airport_en,200,https://efficiency-life.com/from/urc/,True,"index, follow",none,"Best-value flights from Urumqi Diwopu Intl, Urumqi | URC","Best-value flights from Urumqi Diwopu Intl, Urumqi","The 47 best destinations from Urumqi Diwopu Intl, Urumqi: non-stop return flights ranked by real value and kilometres per euro, not just lowest price. Real fares observed on 2026-09-14.",47,468,6,5,17,2,2026-09-14,0.7,3,INDEXABLE_OK,Valido
https://efficiency-life.com/from/usm/,airport_en,200,https://efficiency-life.com/from/usm/,True,"index, follow",none,"Best-value flights from Samui Airport, Na Thon (Ko Samui Island) | USM","Best-value flights from Samui Airport, Na Thon (Ko Samui Island)","The 8 best destinations from Samui Airport, Na Thon (Ko Samui Island): non-stop return flights ranked by real value and kilometres per euro, not just lowest price. Real fares observed on 2026-09-14.",8,408,18,17,17,2,2026-09-14,0.7,3,INDEXABLE_OK,Valido
https://efficiency-life.com/from/uua/,airport_en,200,https://efficiency-life.com/from/uua/,True,"index, follow",none,"Best-value flights from Bugulma Airport, Bugulma Airport | UUA","Best-value flights from Bugulma Airport, Bugulma Airport","The 6 best destinations from Bugulma Airport, Bugulma Airport: non-stop return flights ranked by real value and kilometres per euro, not just lowest price. Real fares observed on 2026-09-14.",6,352,16,15,17,2,2026-09-14,0.7,3,INDEXABLE_OK,Valido
https://efficiency-life.com/from/uud/,airport_en,200,https://efficiency-life.com/from/uud/,True,"index, follow",none,"Best-value flights from Ulan-Ude Airport, Ulan-Ude Airport | UUD","Best-value flights from Ulan-Ude Airport, Ulan-Ude Airport","The 19 best destinations from Ulan-Ude Airport, Ulan-Ude Airport: non-stop return flights ranked by real value and kilometres per euro, not just lowest price. Real fares observed on 2026-09-14.",19,479,17,16,18,2,2026-09-14,0.7,3,INDEXABLE_OK,Valido
https://efficiency-life.com/from/uus/,airport_en,200,https://efficiency-life.com/from/uus/,True,"index, follow",none,"Best-value flights from Yuzhno-Sakhalinsk Airport, Yuzhno-Sakhalinsk Airport | UUS","Best-value flights from Yuzhno-Sakhalinsk Airport, Yuzhno-Sakhalinsk Airport","The 18 best destinations from Yuzhno-Sakhalinsk Airport, Yuzhno-Sakhalinsk Airport: non-stop return flights ranked by real value and kilometres per euro, not just lowest price. Real fares observed on 2026-09-14.",18,471,9,8,17,2,2026-09-14,0.7,3,INDEXABLE_OK,Valido
https://efficiency-life.com/from/var/,airport_en,200,https://efficiency-life.com/from/var/,True,"index, follow",none,"Best-value flights from Varna Airport, Varna | VAR","Best-value flights from Varna Airport, Varna","The 23 best destinations from Varna Airport, Varna: non-stop return flights ranked by real value and kilometres per euro, not just lowest price. Real fares observed on 2026-09-14.",23,460,12,11,17,2,2026-09-14,0.7,3,INDEXABLE_OK,Valido
https://efficiency-life.com/from/vce/,airport_en,200,https://efficiency-life.com/from/vce/,True,"index, follow",none,"Best-value flights from Venezia / Tessera -  Marco Polo Airport, Venezia | VCE","Best-value flights from Venezia / Tessera -  Marco Polo Airport, Venezia","The 74 best destinations from Venezia / Tessera -  Marco Polo Airport, Venezia: non-stop return flights ranked by real value and kilometres per euro, not just lowest price. Real fares observed on 2026-09-14.",74,476,17,16,17,2,2026-09-14,0.7,3,INDEXABLE_OK,Valido
https://efficiency-life.com/from/vcp/,airport_en,200,https://efficiency-life.com/from/vcp/,True,"index, follow",none,"Best-value flights from Viracopos Intl, Campinas | VCP","Best-value flights from Viracopos Intl, Campinas","The 43 best destinations from Viracopos Intl, Campinas: non-stop return flights ranked by real value and kilometres per euro, not just lowest price. Real fares observed on 2026-09-14.",43,466,21,20,17,2,2026-09-14,0.7,3,INDEXABLE_OK,Valido
https://efficiency-life.com/from/vie/,airport_en,200,https://efficiency-life.com/from/vie/,True,"index, follow",none,"Best-value flights from Vienna Intl, Vienna | VIE","Best-value flights from Vienna Intl, Vienna","The 136 best destinations from Vienna Intl, Vienna: non-stop return flights ranked by real value and kilometres per euro, not just lowest price. Real fares observed on 2026-09-14.",136,460,12,11,17,2,2026-09-14,0.7,3,INDEXABLE_OK,Valido
https://efficiency-life.com/from/vix/,airport_en,200,https://efficiency-life.com/from/vix/,True,"index, follow",none,"Best-value flights from Eurico de Aguiar Salles Airport, Vitoria | VIX","Best-value flights from Eurico de Aguiar Salles Airport, Vitoria","The 6 best destinations from Eurico de Aguiar Salles Airport, Vitoria: non-stop return flights ranked by real value and kilometres per euro, not just lowest price. Real fares observed on 2026-09-14.",6,359,21,20,17,2,2026-09-14,0.7,3,INDEXABLE_OK,Valido
https://efficiency-life.com/from/vko/,airport_en,200,https://efficiency-life.com/from/vko/,True,"index, follow",none,"Best-value flights from Vnukovo Intl, Mosca | VKO","Best-value flights from Vnukovo Intl, Mosca","The 54 best destinations from Vnukovo Intl, Mosca: non-stop return flights ranked by real value and kilometres per euro, not just lowest price. Real fares observed on 2026-09-14.",54,479,14,13,17,2,2026-09-14,0.7,3,INDEXABLE_OK,Valido
https://efficiency-life.com/from/vlc/,airport_en,200,https://efficiency-life.com/from/vlc/,True,"index, follow",none,"Best-value flights from Valencia Airport, Valencia | VLC","Best-value flights from Valencia Airport, Valencia","The 76 best destinations from Valencia Airport, Valencia: non-stop return flights ranked by real value and kilometres per euro, not just lowest price. Real fares observed on 2026-09-14.",76,467,22,21,17,2,2026-09-14,0.7,3,INDEXABLE_OK,Valido
https://efficiency-life.com/from/vno/,airport_en,200,https://efficiency-life.com/from/vno/,True,"index, follow",none,"Best-value flights from Vilnius Intl, Vilnius | VNO","Best-value flights from Vilnius Intl, Vilnius","The 58 best destinations from Vilnius Intl, Vilnius: non-stop return flights ranked by real value and kilometres per euro, not just lowest price. Real fares observed on 2026-09-14.",58,462,9,8,17,2,2026-09-14,0.7,3,INDEXABLE_OK,Valido
https://efficiency-life.com/from/vog/,airport_en,200,https://efficiency-life.com/from/vog/,True,"index, follow",none,"Best-value flights from Volgograd International Airport, Volgograd International Airport | VOG","Best-value flights from Volgograd International Airport, Volgograd International Airport","The 11 best destinations from Volgograd International Airport, Volgograd International Airport: non-stop return flights ranked by real value and kilometres per euro, not just lowest price. Real fares observed on 2026-09-14.",11,462,11,10,17,2,2026-09-14,0.7,3,INDEXABLE_OK,Valido
https://efficiency-life.com/from/vrn/,airport_en,200,https://efficiency-life.com/from/vrn/,True,"index, follow",none,"Best-value flights from Verona / Villafranca Airport, Verona | VRN","Best-value flights from Verona / Villafranca Airport, Verona","The 24 best destinations from Verona / Villafranca Airport, Verona: non-stop return flights ranked by real value and kilometres per euro, not just lowest price. Real fares observed on 2026-09-14.",24,469,17,16,17,2,2026-09-14,0.7,3,INDEXABLE_OK,Valido
https://efficiency-life.com/from/vte/,airport_en,200,https://efficiency-life.com/from/vte/,True,"index, follow",none,"Best-value flights from Wattay Intl, Vientiane | VTE","Best-value flights from Wattay Intl, Vientiane","The 10 best destinations from Wattay Intl, Vientiane: non-stop return flights ranked by real value and kilometres per euro, not just lowest price. Real fares observed on 2026-09-14.",10,418,13,12,17,2,2026-09-14,0.7,3,INDEXABLE_OK,Valido
https://efficiency-life.com/from/vvi/,airport_en,200,https://efficiency-life.com/from/vvi/,True,"index, follow",none,"Best-value flights from Viru Viru Intl, Santa Cruz | VVI","Best-value flights from Viru Viru Intl, Santa Cruz","The 7 best destinations from Viru Viru Intl, Santa Cruz: non-stop return flights ranked by real value and kilometres per euro, not just lowest price. Real fares observed on 2026-09-14.",7,377,8,7,17,2,2026-09-14,0.7,3,INDEXABLE_OK,Valido
https://efficiency-life.com/from/vvo/,airport_en,200,https://efficiency-life.com/from/vvo/,True,"index, follow",none,"Best-value flights from Vladivostok International Airport, Vladivostok International Airport | VVO","Best-value flights from Vladivostok International Airport, Vladivostok International Airport","The 36 best destinations from Vladivostok International Airport, Vladivostok International Airport: non-stop return flights ranked by real value and kilometres per euro, not just lowest price. Real fares observed on 2026-09-14.",36,480,11,10,17,2,2026-09-14,0.7,3,INDEXABLE_OK,Valido
https://efficiency-life.com/from/waw/,airport_en,200,https://efficiency-life.com/from/waw/,True,"index, follow",none,"Best-value flights from Warsaw Chopin Airport, Warsaw | WAW","Best-value flights from Warsaw Chopin Airport, Warsaw","The 143 best destinations from Warsaw Chopin Airport, Warsaw: non-stop return flights ranked by real value and kilometres per euro, not just lowest price. Real fares observed on 2026-09-14.",143,459,14,13,17,2,2026-09-14,0.7,3,INDEXABLE_OK,Valido
https://efficiency-life.com/from/wdh/,airport_en,200,https://efficiency-life.com/from/wdh/,True,"index, follow",none,"Best-value flights from Hosea Kutako Intl, Windhoek | WDH","Best-value flights from Hosea Kutako Intl, Windhoek","The 7 best destinations from Hosea Kutako Intl, Windhoek: non-stop return flights ranked by real value and kilometres per euro, not just lowest price. Real fares observed on 2026-09-14.",7,378,10,9,17,2,2026-09-14,0.7,3,INDEXABLE_OK,Valido
https://efficiency-life.com/from/weh/,airport_en,200,https://efficiency-life.com/from/weh/,True,"index, follow",none,"Best-value flights from Weihai International Airport, Weihai International Airport | WEH","Best-value flights from Weihai International Airport, Weihai International Airport","The 6 best destinations from Weihai International Airport, Weihai International Airport: non-stop return flights ranked by real value and kilometres per euro, not just lowest price. Real fares observed on 2026-09-14.",6,346,23,22,17,2,2026-09-14,0.7,3,INDEXABLE_OK,Valido
https://efficiency-life.com/from/wil/,airport_en,200,https://efficiency-life.com/from/wil/,True,"index, follow",none,"Best-value flights from Wilson Airport, Wilson Airport | WIL","Best-value flights from Wilson Airport, Wilson Airport","The 9 best destinations from Wilson Airport, Wilson Airport: non-stop return flights ranked by real value and kilometres per euro, not just lowest price. Real fares observed on 2026-09-14.",9,407,16,15,17,2,2026-09-14,0.7,3,INDEXABLE_OK,Valido
https://efficiency-life.com/from/wlg/,airport_en,200,https://efficiency-life.com/from/wlg/,True,"index, follow",none,"Best-value flights from Wellington Intl, Wellington | WLG","Best-value flights from Wellington Intl, Wellington","The 6 best destinations from Wellington Intl, Wellington: non-stop return flights ranked by real value and kilometres per euro, not just lowest price. Real fares observed on 2026-09-14.",6,344,12,11,17,2,2026-09-14,0.7,3,INDEXABLE_OK,Valido
https://efficiency-life.com/from/wmi/,airport_en,200,https://efficiency-life.com/from/wmi/,True,"index, follow",none,"Best-value flights from Warsaw Modlin Airport, Warsaw | WMI","Best-value flights from Warsaw Modlin Airport, Warsaw","The 54 best destinations from Warsaw Modlin Airport, Warsaw: non-stop return flights ranked by real value and kilometres per euro, not just lowest price. Real fares observed on 2026-09-14.",54,461,15,14,17,2,2026-09-14,0.7,3,INDEXABLE_OK,Valido
https://efficiency-life.com/from/wnz/,airport_en,200,https://efficiency-life.com/from/wnz/,True,"index, follow",none,"Best-value flights from Wenzhou Yongqiang Airport, Wenzhou | WNZ","Best-value flights from Wenzhou Yongqiang Airport, Wenzhou","The 8 best destinations from Wenzhou Yongqiang Airport, Wenzhou: non-stop return flights ranked by real value and kilometres per euro, not just lowest price. Real fares observed on 2026-09-14.",8,377,16,15,17,2,2026-09-14,0.7,3,INDEXABLE_OK,Valido
https://efficiency-life.com/from/wro/,airport_en,200,https://efficiency-life.com/from/wro/,True,"index, follow",none,"Best-value flights from Copernicus Wrocław Airport, Wrocław | WRO","Best-value flights from Copernicus Wrocław Airport, Wrocław","The 55 best destinations from Copernicus Wrocław Airport, Wrocław: non-stop return flights ranked by real value and kilometres per euro, not just lowest price. Real fares observed on 2026-09-14.",55,459,15,14,17,2,2026-09-14,0.7,3,INDEXABLE_OK,Valido
https://efficiency-life.com/from/wuh/,airport_en,200,https://efficiency-life.com/from/wuh/,True,"index, follow",none,"Best-value flights from Wuhan Tianhe Intl, Wuhan | WUH","Best-value flights from Wuhan Tianhe Intl, Wuhan","The 18 best destinations from Wuhan Tianhe Intl, Wuhan: non-stop return flights ranked by real value and kilometres per euro, not just lowest price. Real fares observed on 2026-09-14.",18,456,23,22,17,2,2026-09-14,0.7,3,INDEXABLE_OK,Valido
https://efficiency-life.com/from/xiy/,airport_en,200,https://efficiency-life.com/from/xiy/,True,"index, follow",none,"Best-value flights from Xianyang, Xi'an | XIY","Best-value flights from Xianyang, Xi'an","The 52 best destinations from Xianyang, Xi'an: non-stop return flights ranked by real value and kilometres per euro, not just lowest price. Real fares observed on 2026-09-14.",52,455,19,18,17,2,2026-09-14,0.7,3,INDEXABLE_OK,Valido
https://efficiency-life.com/from/xmn/,airport_en,200,https://efficiency-life.com/from/xmn/,True,"index, follow",none,"Best-value flights from Xiamen Gaoqi Intl, Xiamen | XMN","Best-value flights from Xiamen Gaoqi Intl, Xiamen","The 16 best destinations from Xiamen Gaoqi Intl, Xiamen: non-stop return flights ranked by real value and kilometres per euro, not just lowest price. Real fares observed on 2026-09-14.",16,466,24,23,17,2,2026-09-14,0.7,3,INDEXABLE_OK,Valido
https://efficiency-life.com/from/yeg/,airport_en,200,https://efficiency-life.com/from/yeg/,True,"index, follow",none,"Best-value flights from Edmonton Intl, Edmonton | YEG","Best-value flights from Edmonton Intl, Edmonton","The 20 best destinations from Edmonton Intl, Edmonton: non-stop return flights ranked by real value and kilometres per euro, not just lowest price. Real fares observed on 2026-09-14.",20,470,12,11,18,2,2026-09-14,0.7,3,INDEXABLE_OK,Valido
https://efficiency-life.com/from/yhm/,airport_en,200,https://efficiency-life.com/from/yhm/,True,"index, follow",none,"Best-value flights from Hamilton Airport, Hamilton Airport | YHM","Best-value flights from Hamilton Airport, Hamilton Airport","The 11 best destinations from Hamilton Airport, Hamilton Airport: non-stop return flights ranked by real value and kilometres per euro, not just lowest price. Real fares observed on 2026-09-14.",11,448,17,16,17,2,2026-09-14,0.7,3,INDEXABLE_OK,Valido
https://efficiency-life.com/from/yhu/,airport_en,200,https://efficiency-life.com/from/yhu/,True,"index, follow",none,"Best-value flights from St. Hubert Airport, St. Hubert Airport | YHU","Best-value flights from St. Hubert Airport, St. Hubert Airport","The 6 best destinations from St. Hubert Airport, St. Hubert Airport: non-stop return flights ranked by real value and kilometres per euro, not just lowest price. Real fares observed on 2026-09-14.",6,352,13,12,17,2,2026-09-14,0.7,3,INDEXABLE_OK,Valido
https://efficiency-life.com/from/yhz/,airport_en,200,https://efficiency-life.com/from/yhz/,True,"index, follow",none,"Best-value flights from Halifax Robert L. Stanfield Intl, Halifax | YHZ","Best-value flights from Halifax Robert L. Stanfield Intl, Halifax","The 10 best destinations from Halifax Robert L. Stanfield Intl, Halifax: non-stop return flights ranked by real value and kilometres per euro, not just lowest price. Real fares observed on 2026-09-14.",10,443,12,11,17,2,2026-09-14,0.7,3,INDEXABLE_OK,Valido
https://efficiency-life.com/from/yin/,airport_en,200,https://efficiency-life.com/from/yin/,True,"index, follow",none,"Best-value flights from Yining Airport, Yining Airport | YIN","Best-value flights from Yining Airport, Yining Airport","The 13 best destinations from Yining Airport, Yining Airport: non-stop return flights ranked by real value and kilometres per euro, not just lowest price. Real fares observed on 2026-09-14.",13,458,9,8,17,2,2026-09-14,0.7,3,INDEXABLE_OK,Valido
https://efficiency-life.com/from/yiw/,airport_en,200,https://efficiency-life.com/from/yiw/,True,"index, follow",none,"Best-value flights from Yiwu Airport, Yiwu Airport | YIW","Best-value flights from Yiwu Airport, Yiwu Airport","The 11 best destinations from Yiwu Airport, Yiwu Airport: non-stop return flights ranked by real value and kilometres per euro, not just lowest price. Real fares observed on 2026-09-14.",11,431,16,15,17,2,2026-09-14,0.7,3,INDEXABLE_OK,Valido
https://efficiency-life.com/from/yks/,airport_en,200,https://efficiency-life.com/from/yks/,True,"index, follow",none,"Best-value flights from Yakutsk Airport, Yakutsk Airport | YKS","Best-value flights from Yakutsk Airport, Yakutsk Airport","The 32 best destinations from Yakutsk Airport, Yakutsk Airport: non-stop return flights ranked by real value and kilometres per euro, not just lowest price. Real fares observed on 2026-09-14.",32,473,11,10,17,2,2026-09-14,0.7,3,INDEXABLE_OK,Valido
https://efficiency-life.com/from/ylw/,airport_en,200,https://efficiency-life.com/from/ylw/,True,"index, follow",none,"Best-value flights from Kelowna Airport, Kelowna | YLW","Best-value flights from Kelowna Airport, Kelowna","The 6 best destinations from Kelowna Airport, Kelowna: non-stop return flights ranked by real value and kilometres per euro, not just lowest price. Real fares observed on 2026-09-14.",6,351,13,12,18,2,2026-09-14,0.7,3,INDEXABLE_OK,Valido
https://efficiency-life.com/from/ynj/,airport_en,200,https://efficiency-life.com/from/ynj/,True,"index, follow",none,"Best-value flights from Yanji Chaoyangchuan Airport, Yanji Chaoyangchuan Airport | YNJ","Best-value flights from Yanji Chaoyangchuan Airport, Yanji Chaoyangchuan Airport","The 8 best destinations from Yanji Chaoyangchuan Airport, Yanji Chaoyangchuan Airport: non-stop return flights ranked by real value and kilometres per euro, not just lowest price. Real fares observed on 2026-09-14.",8,394,14,13,17,2,2026-09-14,0.7,3,INDEXABLE_OK,Valido
https://efficiency-life.com/from/yow/,airport_en,200,https://efficiency-life.com/from/yow/,True,"index, follow",none,"Best-value flights from Ottawa / Macdonald-Cartier Intl, Ottawa | YOW","Best-value flights from Ottawa / Macdonald-Cartier Intl, Ottawa","The 12 best destinations from Ottawa / Macdonald-Cartier Intl, Ottawa: non-stop return flights ranked by real value and kilometres per euro, not just lowest price. Real fares observed on 2026-09-14.",12,469,14,13,17,2,2026-09-14,0.7,3,INDEXABLE_OK,Valido
https://efficiency-life.com/from/ytz/,airport_en,200,https://efficiency-life.com/from/ytz/,True,"index, follow",none,"Best-value flights from Toronto City Centre Airport, Toronto City Centre Airport | YTZ","Best-value flights from Toronto City Centre Airport, Toronto City Centre Airport","The 16 best destinations from Toronto City Centre Airport, Toronto City Centre Airport: non-stop return flights ranked by real value and kilometres per euro, not just lowest price. Real fares observed on 2026-09-14.",16,483,15,14,17,2,2026-09-14,0.7,3,INDEXABLE_OK,Valido
https://efficiency-life.com/from/yul/,airport_en,200,https://efficiency-life.com/from/yul/,True,"index, follow",none,"Best-value flights from Montréal-Pierre Elliott Trudeau Intl, Dorval | YUL","Best-value flights from Montréal-Pierre Elliott Trudeau Intl, Dorval","The 72 best destinations from Montréal-Pierre Elliott Trudeau Intl, Dorval: non-stop return flights ranked by real value and kilometres per euro, not just lowest price. Real fares observed on 2026-09-14.",72,467,13,12,17,2,2026-09-14,0.7,3,INDEXABLE_OK,Valido
https://efficiency-life.com/from/yvr/,airport_en,200,https://efficiency-life.com/from/yvr/,True,"index, follow",none,"Best-value flights from Vancouver Intl, Richmond | YVR","Best-value flights from Vancouver Intl, Richmond","The 55 best destinations from Vancouver Intl, Richmond: non-stop return flights ranked by real value and kilometres per euro, not just lowest price. Real fares observed on 2026-09-14.",55,477,12,11,18,2,2026-09-14,0.7,3,INDEXABLE_OK,Valido
https://efficiency-life.com/from/ywg/,airport_en,200,https://efficiency-life.com/from/ywg/,True,"index, follow",none,"Best-value flights from Winnipeg James Armstrong Richardson Intl, Winnipeg | YWG","Best-value flights from Winnipeg James Armstrong Richardson Intl, Winnipeg","The 12 best destinations from Winnipeg James Armstrong Richardson Intl, Winnipeg: non-stop return flights ranked by real value and kilometres per euro, not just lowest price. Real fares observed on 2026-09-14.",12,475,13,12,17,2,2026-09-14,0.7,3,INDEXABLE_OK,Valido
https://efficiency-life.com/from/yyc/,airport_en,200,https://efficiency-life.com/from/yyc/,True,"index, follow",none,"Best-value flights from Calgary Intl, Calgary | YYC","Best-value flights from Calgary Intl, Calgary","The 48 best destinations from Calgary Intl, Calgary: non-stop return flights ranked by real value and kilometres per euro, not just lowest price. Real fares observed on 2026-09-14.",48,469,13,12,17,2,2026-09-14,0.7,3,INDEXABLE_OK,Valido
https://efficiency-life.com/from/yyz/,airport_en,200,https://efficiency-life.com/from/yyz/,True,"index, follow",none,"Best-value flights from Toronto Pearson Intl, Mississauga | YYZ","Best-value flights from Toronto Pearson Intl, Mississauga","The 120 best destinations from Toronto Pearson Intl, Mississauga: non-stop return flights ranked by real value and kilometres per euro, not just lowest price. Real fares observed on 2026-09-14.",120,473,15,14,17,2,2026-09-14,0.7,3,INDEXABLE_OK,Valido
https://efficiency-life.com/from/zag/,airport_en,200,https://efficiency-life.com/from/zag/,True,"index, follow",none,"Best-value flights from Zagreb Airport, Zagreb | ZAG","Best-value flights from Zagreb Airport, Zagreb","The 38 best destinations from Zagreb Airport, Zagreb: non-stop return flights ranked by real value and kilometres per euro, not just lowest price. Real fares observed on 2026-09-14.",38,459,12,11,17,2,2026-09-14,0.7,3,INDEXABLE_OK,Valido
https://efficiency-life.com/from/zia/,airport_en,200,https://efficiency-life.com/from/zia/,True,"index, follow",none,"Best-value flights from Zhukovsky International Airport, Mosca | ZIA","Best-value flights from Zhukovsky International Airport, Mosca","The 17 best destinations from Zhukovsky International Airport, Mosca: non-stop return flights ranked by real value and kilometres per euro, not just lowest price. Real fares observed on 2026-09-14.",17,461,15,14,17,2,2026-09-14,0.7,3,INDEXABLE_OK,Valido
https://efficiency-life.com/from/znz/,airport_en,200,https://efficiency-life.com/from/znz/,True,"index, follow",none,"Best-value flights from Zanzibar Airport, Kiembi Samaki | ZNZ","Best-value flights from Zanzibar Airport, Kiembi Samaki","The 16 best destinations from Zanzibar Airport, Kiembi Samaki: non-stop return flights ranked by real value and kilometres per euro, not just lowest price. Real fares observed on 2026-09-14.",16,467,19,18,17,2,2026-09-14,0.7,3,INDEXABLE_OK,Valido
https://efficiency-life.com/from/zrh/,airport_en,200,https://efficiency-life.com/from/zrh/,True,"index, follow",none,"Best-value flights from Zurich Airport, Zurich | ZRH","Best-value flights from Zurich Airport, Zurich","The 124 best destinations from Zurich Airport, Zurich: non-stop return flights ranked by real value and kilometres per euro, not just lowest price. Real fares observed on 2026-09-14.",124,459,15,14,17,2,2026-09-14,0.7,3,INDEXABLE_OK,Valido
https://efficiency-life.com/googleb83b1f4540854994.html,static_file,200,,False,"index, follow",none,,,,0,2,0,0,0,-1,,,0,ORPHAN,Token Search Console (non destinato a indicizzazione)
https://efficiency-life.com/lang/ar/,locale_landing,200,https://efficiency-life.com/lang/ar/,True,"index,follow,max-image-preview:large",none,رحلات طيران بأفضل قيمة مقابل السعر | Efficiency Life Flight,اعثر على رحلات طيران مباشرة بأفضل قيمة مقابل ميزانيتك,قارن بين آلاف رحلات الطيران المباشرة ذهاباً وإياباً مرتبة حسب القيمة الحقيقية والكيلومترات لكل يورو وليس فقط السعر الأدنى. اكتشف أفضل الوجهات لميزانيتك.,12,344,38,36,38,1,2026-09-14,0.8,37,INDEXABLE_OK,Valido
https://efficiency-life.com/lang/bg/,locale_landing,200,https://efficiency-life.com/lang/bg/,True,"index,follow,max-image-preview:large",none,Директни полети с най-добро съотношение цена-качество | Efficiency Life Flight,Намерете директни полети с най-добро съотношение цена-качество,"Сравнете хиляди директни двупосочни полети, подредени по реална стойност и километри за евро, а не само по най-ниска цена.",12,342,38,36,38,1,2026-09-14,0.8,37,INDEXABLE_OK,Valido
https://efficiency-life.com/lang/bn/,locale_landing,200,https://efficiency-life.com/lang/bn/,True,"index,follow,max-image-preview:large",none,বাজেটের সেরা মূল্যের সরাসরি ফ্লাইট | Efficiency Life Flight,আপনার বাজেটের জন্য সেরা মূল্যের সরাসরি ফ্লাইট খুঁজুন,"হাজার হাজার সরাসরি রাউন্ড-ট্রিপ ফ্লাইটের তুলনা করুন বাস্তব মূল্য ও প্রতি ইউরোতে দূরত্বের ভিত্তিতে, কেবল সর্বনিম্ন দাম দেখে নয়।",12,332,38,36,38,1,2026-09-14,0.8,37,INDEXABLE_OK,Valido
https://efficiency-life.com/lang/cs/,locale_landing,200,https://efficiency-life.com/lang/cs/,True,"index,follow,max-image-preview:large",none,Přímé lety s nejlepším poměrem cena/výkon | Efficiency Life Flight,Najděte přímé lety s nejlepším poměrem ceny a hodnoty,"Porovnejte tisíce přímých zpátečních letů seřazených podle skutečné hodnoty a kilometrů za euro, nikoli pouze podle nejnižší ceny.",12,337,38,36,38,1,2026-09-14,0.8,37,INDEXABLE_OK,Valido
https://efficiency-life.com/lang/da/,locale_landing,200,https://efficiency-life.com/lang/da/,True,"index,follow,max-image-preview:large",none,Mest prisvenlige direkte fly | Efficiency Life Flight,Find direkte fly med den bedste værdi for pengene,Sammenlign tusindvis af direkte returflyvninger rangeret efter værdi og kilometer pr. euro i stedet for kun laveste pris.,12,338,38,36,38,1,2026-09-14,0.8,37,INDEXABLE_OK,Valido
https://efficiency-life.com/lang/de/,locale_landing,200,https://efficiency-life.com/lang/de/,True,"index,follow,max-image-preview:large",none,Flüge mit bestem Preis-Leistungs-Verhältnis | Efficiency Life Flight,Flüge mit dem besten Preis-Leistungs-Verhältnis finden,"Vergleiche tausende Direktflüge (Hin- und Rückflug) sortiert nach Preis-Leistungs-Verhältnis und Kilometern pro Euro. Finde heraus, wie weit dich dein Budget bringt.",12,341,38,36,38,1,2026-09-14,0.8,37,INDEXABLE_OK,Valido
https://efficiency-life.com/lang/el/,locale_landing,200,https://efficiency-life.com/lang/el/,True,"index,follow,max-image-preview:large",none,Απευθείας πτήσεις με την καλύτερη σχέση τιμής-αξίας | Efficiency Life Flight,Βρείτε απευθείας πτήσεις με την καλύτερη σχέση ποιότητας-τιμής,"Συγκρίνετε χιλιάδες απευθείας πτήσεις μετ' επιστροφής ταξινομημένες βάσει πραγματικής αξίας και χιλιομέτρων ανά ευρώ, όχι απλώς της φθηνότερης τιμής.",12,343,38,36,38,1,2026-09-14,0.8,37,INDEXABLE_OK,Valido
https://efficiency-life.com/lang/en/,locale_landing,200,https://efficiency-life.com/lang/en/,True,"index,follow,max-image-preview:large",none,Best-Value Direct Flights | Efficiency Life Flight,Find the Best-Value Direct Flights,"Compare thousands of non-stop return flights ranked by real value and kilometres per euro, not just lowest fare. Discover how far your budget can take you.",12,349,38,36,38,1,2026-09-14,0.8,37,INDEXABLE_OK,Valido
https://efficiency-life.com/lang/es/,locale_landing,200,https://efficiency-life.com/lang/es/,True,"index,follow,max-image-preview:large",none,Vuelos con mejor relación calidad-precio | Efficiency Life Flight,Encuentra vuelos con la mejor relación calidad-precio,Compara miles de vuelos directos de ida y vuelta ordenados por relación calidad-precio y kilómetros por euro. Descubre hasta dónde te lleva tu presupuesto.,12,364,38,36,38,1,2026-09-14,0.8,37,INDEXABLE_OK,Valido
https://efficiency-life.com/lang/fa/,locale_landing,200,https://efficiency-life.com/lang/fa/,True,"index,follow,max-image-preview:large",none,پروازهای مستقیم با بهترین ارزش و قیمت | Efficiency Life Flight,یافتن پروازهای مستقیم با بهترین ارزش متناسب با بودجه شما,مقایسه هزاران پرواز مستقیم رفت و برگشت بر اساس ارزش واقعی و کیلومتر به ازای یورو، نه فقط کمترین قیمت خام.,12,353,38,36,38,1,2026-09-14,0.8,37,INDEXABLE_OK,Valido
https://efficiency-life.com/lang/fi/,locale_landing,200,https://efficiency-life.com/lang/fi/,True,"index,follow,max-image-preview:large",none,Parhaan hinta-laatusuhteen suorat lennot | Efficiency Life Flight,Löydä suorat lennot parhaalla hinta-laatusuhteella,Vertaile tuhansia suoria meno-paluulentoja todellisen arvon ja kilometrien per euro mukaan pelkän halvimman hinnan sijaan.,12,316,38,36,38,1,2026-09-14,0.8,37,INDEXABLE_OK,Valido
https://efficiency-life.com/lang/fil/,locale_landing,200,https://efficiency-life.com/lang/fil/,True,"index,follow,max-image-preview:large",none,Pinakasulit na Direktang Flight | Efficiency Life Flight,Hanapin ang Pinakasulit na Direktang Flight para sa Iyong Budget,"Ihambing ang libo-libong nonstop round-trip flight na nakaayos ayon sa totoong halaga at kilometro bawat euro, hindi lang sa pinakamurang presyo.",12,357,38,36,38,1,2026-09-14,0.8,37,INDEXABLE_OK,Valido
https://efficiency-life.com/lang/fr/,locale_landing,200,https://efficiency-life.com/lang/fr/,True,"index,follow,max-image-preview:large",none,Vols au meilleur rapport qualité-prix | Efficiency Life Flight,Trouvez les vols au meilleur rapport qualité-prix,Comparez des milliers de vols directs aller-retour classés selon le meilleur rapport qualité-prix et kilomètres par euro. Découvrez où voyager selon votre budget.,12,357,38,36,38,1,2026-09-14,0.8,37,INDEXABLE_OK,Valido
https://efficiency-life.com/lang/he/,locale_landing,200,https://efficiency-life.com/lang/he/,True,"index,follow,max-image-preview:large",none,טיסות ישירות עם התמורה הטובה ביותר למחיר | Efficiency Life Flight,מצאו טיסות ישירות עם התמורה הטובה ביותר לתקציב שלכם,"השוו אלפי טיסות הלוך-ושוב ישירות המדורגות לפי ערך אמיתי וקילומטרים לאירו, ולא רק לפי המחיר הזול ביותר.",12,333,38,36,38,1,2026-09-14,0.8,37,INDEXABLE_OK,Valido
https://efficiency-life.com/lang/hi/,locale_landing,200,https://efficiency-life.com/lang/hi/,True,"index,follow,max-image-preview:large",none,सर्वोत्तम वैल्यू वाली सीधी उड़ानें | Efficiency Life Flight,अपने बजट के लिए सर्वोत्तम वैल्यू वाली सीधी उड़ानें खोजें,"हजारों सीधी राउंड-ट्रिप उड़ानों की तुलना केवल कीमत से नहीं, बल्कि प्रति यूरो किलोमीटर और वास्तविक वैल्यू से करें। अपने बजट में सबसे बेहतरीन गंतव्य खोजें।",12,365,38,36,38,1,2026-09-14,0.8,37,INDEXABLE_OK,Valido
https://efficiency-life.com/lang/hu/,locale_landing,200,https://efficiency-life.com/lang/hu/,True,"index,follow,max-image-preview:large",none,Legjobb ár-érték arányú közvetlen járatok | Efficiency Life Flight,Keresd meg a legjobb ár-érték arányú közvetlen járatokat,"Hasonlíts össze több ezer közvetlen oda-vissza járatot valódi érték és kilométer/euró alapján, nem csupán a legolcsóbb ár szerint.",12,331,38,36,38,1,2026-09-14,0.8,37,INDEXABLE_OK,Valido
https://efficiency-life.com/lang/id/,locale_landing,200,https://efficiency-life.com/lang/id/,True,"index,follow,max-image-preview:large",none,Penerbangan Langsung Paling Sepadan & Bernilai | Efficiency Life Flight,Temukan Penerbangan Langsung dengan Nilai Terbaik untuk Bujet Anda,"Bandingkan ribuan penerbangan langsung pulang-pergi yang diurutkan berdasarkan nilai nyata dan kilometer per euro, bukan sekadar harga termurah.",12,340,38,36,38,1,2026-09-14,0.8,37,INDEXABLE_OK,Valido
https://efficiency-life.com/lang/it/,locale_landing,200,https://efficiency-life.com/lang/it/,True,"index,follow,max-image-preview:large",none,Voli con il miglior rapporto qualità-prezzo | Efficiency Life Flight,Trova i voli con il miglior rapporto qualità-prezzo,"Confronta migliaia di voli diretti andata e ritorno ordinati per rapporto qualità-prezzo e chilometri per euro, non solo per prezzo. Trova le mete migliori per il tuo budget.",12,369,38,36,38,1,2026-09-14,0.8,37,INDEXABLE_OK,Valido
https://efficiency-life.com/lang/ja/,locale_landing,200,https://efficiency-life.com/lang/ja/,True,"index,follow,max-image-preview:large",none,コスパ最高の直行便フライト | Efficiency Life Flight,予算に合わせてコスパ最高の直行便を探す,単なる最安値ではなく、距離あたりの価格（km/€）や実質的な価値で数千の往復直行便を比較。ご予算で最も遠くお得に行ける目的地が見つかります。,12,239,38,36,38,1,2026-09-14,0.8,37,INDEXABLE_OK,Valido
https://efficiency-life.com/lang/ko/,locale_landing,200,https://efficiency-life.com/lang/ko/,True,"index,follow,max-image-preview:large",none,가성비 최고의 직항 항공권 찾기 | Efficiency Life Flight,예산에 맞는 가성비 최고의 직항 항공권,"단순히 가장 저렴한 표가 아닌, 유로당 비행 거리(km/€)와 실질 가치를 기준으로 수천 개의 왕복 직항 노선을 비교하세요. 내 예산으로 떠나는 최고의 여행지.",12,320,38,36,38,1,2026-09-14,0.8,37,INDEXABLE_OK,Valido
https://efficiency-life.com/lang/ms/,locale_landing,200,https://efficiency-life.com/lang/ms/,True,"index,follow,max-image-preview:large",none,Penerbangan Terus Paling Berbaloi | Efficiency Life Flight,Cari Penerbangan Terus dengan Nilai Terbaik untuk Bajet Anda,Bandingkan ribuan penerbangan terus pergi balik mengikut nilai sebenar dan kilometer setiap euro berbanding harga terendah semata-mata.,12,336,38,36,38,1,2026-09-14,0.8,37,INDEXABLE_OK,Valido
https://efficiency-life.com/lang/nl/,locale_landing,200,https://efficiency-life.com/lang/nl/,True,"index,follow,max-image-preview:large",none,Vluchten met de beste prijs-kwaliteitverhouding | Efficiency Life Flight,Vind rechtstreekse vluchten met de beste prijs-kwaliteitverhouding,Vergelijk duizenden directe retourvluchten gerangschikt op reële waarde en kilometers per euro in plaats van alleen de laagste prijs. Ontdek waar je budget je brengt.,12,351,38,36,38,1,2026-09-14,0.8,37,INDEXABLE_OK,Valido
https://efficiency-life.com/lang/no/,locale_landing,200,https://efficiency-life.com/lang/no/,True,"index,follow,max-image-preview:large",none,Mest prisgunstige direktefly | Efficiency Life Flight,Finn direktefly med best verdi for pengene,"Sammenlign tusenvis av direkte tur-retur-flyvninger rangert etter reell verdi og kilometer per euro, ikke bare laveste pris.",12,334,38,36,38,1,2026-09-14,0.8,37,INDEXABLE_OK,Valido
https://efficiency-life.com/lang/pl/,locale_landing,200,https://efficiency-life.com/lang/pl/,True,"index,follow,max-image-preview:large",none,Najbardziej opłacalne loty bezpośrednie | Efficiency Life Flight,Znajdź loty bezpośrednie z najlepszym stosunkiem jakości do ceny,"Porównaj tysiące bezpośrednich lotów w obie strony uporządkowanych według realnej wartości i kilometrów za euro, a nie tylko najniższej ceny.",12,344,38,36,38,1,2026-09-14,0.8,37,INDEXABLE_OK,Valido
https://efficiency-life.com/lang/pt/,locale_landing,200,https://efficiency-life.com/lang/pt/,True,"index,follow,max-image-preview:large",none,Voos com melhor custo-benefício | Efficiency Life Flight,Encontre voos com o melhor custo-benefício,Compare milhares de voos diretos de ida e volta ordenados por custo-benefício e quilómetros por euro. Descubra até onde o seu orçamento o pode levar.,12,363,38,36,38,1,2026-09-14,0.8,37,INDEXABLE_OK,Valido
https://efficiency-life.com/lang/ro/,locale_landing,200,https://efficiency-life.com/lang/ro/,True,"index,follow,max-image-preview:large",none,Zboruri directe cu cel mai bun raport calitate-preț | Efficiency Life Flight,Găsește zborurile directe cu cel mai bun raport calitate-preț,"Compară mii de zboruri directe dus-întors clasificate după valoarea reală și kilometri pe euro, nu doar după cel mai mic preț.",12,344,38,36,38,1,2026-09-14,0.8,37,INDEXABLE_OK,Valido
https://efficiency-life.com/lang/ru/,locale_landing,200,https://efficiency-life.com/lang/ru/,True,"index,follow,max-image-preview:large",none,Прямые рейсы: лучшее соотношение цены и качества | Efficiency Life Flight,Поиск прямых авиабилетов с лучшим соотношением цены и качества,"Сравнивайте тысячи прямых рейсов туда и обратно по соотношению цены и расстояния (км на евро). Узнайте, куда выгоднее всего полететь на ваш бюджет.",12,352,38,36,38,1,2026-09-14,0.8,37,INDEXABLE_OK,Valido
https://efficiency-life.com/lang/sv/,locale_landing,200,https://efficiency-life.com/lang/sv/,True,"index,follow,max-image-preview:large",none,Mest prisvärda direktflyg | Efficiency Life Flight,Hitta de mest prisvärda direktflygen för din budget,"Jämför tusentals direktflyg tur och retur rankade efter verkligt värde och kilometer per euro, inte bara lägsta pris. Se hur långt din budget räcker.",12,345,38,36,38,1,2026-09-14,0.8,37,INDEXABLE_OK,Valido
https://efficiency-life.com/lang/sw/,locale_landing,200,https://efficiency-life.com/lang/sw/,True,"index,follow,max-image-preview:large",none,Safari za Ndege zenye Thamani Bora kwa Bajeti Yako | Efficiency Life Flight,Pata Safari za Ndege za Moja kwa Moja zenye Thamani Bora,Linganisha maelfu ya safari za ndege za moja kwa moja zilizopangwa kwa thamani halisi na kilomita kwa euro badala ya bei ya chini pekee.,12,359,38,36,38,1,2026-09-14,0.8,37,INDEXABLE_OK,Valido
https://efficiency-life.com/lang/ta/,locale_landing,200,https://efficiency-life.com/lang/ta/,True,"index,follow,max-image-preview:large",none,பட்ஜெட்டுக்கு ஏற்ற சிறந்த மதிப்புள்ள நேரடி விமானங்கள் | Efficiency Life Flight,உங்கள் பட்ஜெட்டுக்கு சிறந்த மதிப்பு தரும் நேரடி விமானங்களைக் கண்டறியவும்,"குறைந்த விலையை மட்டும் பார்க்காமல், யூரோவுக்கான தூரம் மற்றும் உண்மை மதிப்பீட்டின் அடிப்படையில் ஆயிரக்கணக்கான நேரடி விமானங்களை ஒப்பிடுங்கள்।",12,320,38,36,38,1,2026-09-14,0.8,37,INDEXABLE_OK,Valido
https://efficiency-life.com/lang/th/,locale_landing,200,https://efficiency-life.com/lang/th/,True,"index,follow,max-image-preview:large",none,เที่ยวบินตรงที่คุ้มค่าที่สุดสำหรับงบของคุณ | Efficiency Life Flight,ค้นหาเที่ยวบินตรงที่คุ้มค่าที่สุดตามงบประมาณ,เปรียบเทียบเที่ยวบินตรงไปกลับหลายพันเที่ยวที่จัดอันดับตามความคุ้มค่าจริงและกิโลเมตรต่อยูโร ไม่ใช่แค่ราคาต่ำสุดเพียงอย่างเดียว,12,257,38,36,38,1,2026-09-14,0.8,37,INDEXABLE_OK,Valido
https://efficiency-life.com/lang/tr/,locale_landing,200,https://efficiency-life.com/lang/tr/,True,"index,follow,max-image-preview:large",none,Fiyat-Performans Oranı En İyi Direkt Uçuşlar | Efficiency Life Flight,Bütçeniz İçin En İyi Fiyat-Performans Uçuşlarını Bulun,"Sadece en ucuz bileti değil, euro başına kilometre ve gerçek değer oranına göre sıralanmış binlerce direkt gidiş-dönüş uçuşu karşılaştırın.",12,333,38,36,38,1,2026-09-14,0.8,37,INDEXABLE_OK,Valido
https://efficiency-life.com/lang/uk/,locale_landing,200,https://efficiency-life.com/lang/uk/,True,"index,follow,max-image-preview:large",none,Прямі рейси з найкращим співвідношенням ціни та якості | Efficiency Life Flight,Знайдіть прямі рейси з найкращим співвідношенням ціни та якості,"Порівнюйте тисячі прямих рейсів туди й назад за реальною цінністю та кілометрами на євро, а не лише найнижчою ціною.",12,343,38,36,38,1,2026-09-14,0.8,37,INDEXABLE_OK,Valido
https://efficiency-life.com/lang/ur/,locale_landing,200,https://efficiency-life.com/lang/ur/,True,"index,follow,max-image-preview:large",none,بہترین ویلیو والی براہ راست پروازیں | Efficiency Life Flight,اپنے بجٹ کے لیے بہترین ویلیو والی پروازیں تلاش کریں,صرف کم ترین قیمت کے بجائے کلومیٹر فی یورو اور حقیقی ویلیو کی بنیاد پر ہزاروں براہ راست پروازوں کا موازنہ کریں۔,12,363,38,36,38,1,2026-09-14,0.8,37,INDEXABLE_OK,Valido
https://efficiency-life.com/lang/vi/,locale_landing,200,https://efficiency-life.com/lang/vi/,True,"index,follow,max-image-preview:large",none,Chuyến bay thẳng đáng tiền nhất | Efficiency Life Flight,Tìm chuyến bay thẳng có giá trị tốt nhất cho ngân sách của bạn,So sánh hàng nghìn chuyến bay thẳng khứ hồi được xếp hạng theo giá trị thực và số km trên mỗi euro thay vì chỉ nhìn vào giá rẻ nhất.,12,399,38,36,38,1,2026-09-14,0.8,37,INDEXABLE_OK,Valido
https://efficiency-life.com/lang/zh/,locale_landing,200,https://efficiency-life.com/lang/zh/,True,"index,follow,max-image-preview:large",none,高性价比直飞航班与特价机票 | Efficiency Life Flight,寻找最具性价比的直飞往返航班,对比数千条往返直飞航线，按性价比与每欧元飞行距离排序，而非仅看低价。根据您的预算探索飞得更远的目的地。,12,243,38,36,38,1,2026-09-14,0.8,37,INDEXABLE_OK,Valido
